kernel_row_id,source,benchmark,category,model_type,device,kernel_symbol,kernel,kernel_demangled,block_size,grid_size,exe_args,SP_FLOP,DP_FLOP,HP_FLOP,int_ops,float_flops,bytes_total,xtime_ns,arithmetic_intensity,performance_tflops,dominant_precision
"3080-cuda-accuracy-cuda-accuracy-kernel-256-1-1-2048-1-1-8192-10000-10-100","accuracy-cuda","accuracy","Machine learning","cuda","3080","_Z15accuracy_kerneliiiPKfPKiPi","accuracy_kernel","accuracy_kernel(int, int, int, const float *, const int *, int *)","(256, 1, 1)","(2048, 1, 1)","8192 10000 10 100",0.0,0.0,0.0,0.0,0.0,329596758.0,511840.0,0.0,0.0,"int-only"
"a10-cuda-accuracy-cuda-accuracy-kernel-256-1-1-2048-1-1-8192-10000-10-100","accuracy-cuda","accuracy","Machine learning","cuda","A10","_Z15accuracy_kerneliiiPKfPKiPi","accuracy_kernel","accuracy_kernel(int, int, int, const float *, const int *, int *)","(256, 1, 1)","(2048, 1, 1)","8192 10000 10 100",0.0,0.0,0.0,0.0,0.0,394242432.0,705045.0,0.0,0.0,"int-only"
"a100-cuda-accuracy-cuda-accuracy-kernel-256-1-1-2048-1-1-8192-10000-10-100","accuracy-cuda","accuracy","Machine learning","cuda","A100","_Z15accuracy_kerneliiiPKfPKiPi","accuracy_kernel","accuracy_kernel(int, int, int, const float *, const int *, int *)","(256, 1, 1)","(2048, 1, 1)","8192 10000 10 100",0.0,0.0,8388600.0,0.0,8388600.0,330159403.0,372672.0,0.025408,0.022509,"fp16"
"h100-cuda-accuracy-cuda-accuracy-kernel-256-1-1-2048-1-1-8192-10000-10-100","accuracy-cuda","accuracy","Machine learning","cuda","H100","_Z15accuracy_kerneliiiPKfPKiPi","accuracy_kernel","accuracy_kernel(int, int, int, const float *, const int *, int *)","(256, 1, 1)","(2048, 1, 1)","8192 10000 10 100",0.0,0.0,8388656.0,0.0,8388656.0,330178646.0,166773.0,0.025406,0.0503,"fp16"
"3080-omp-accuracy-omp-main-l57-128-1-1-2048-1-1-8192-10000-10-100","accuracy-omp","accuracy","Machine learning","omp","3080","main_l57","main_l57","main:l57","(128, 1, 1)","(2048, 1, 1)","8192 10000 10 100",0.0,0.0,0.0,0.0,0.0,329736917.0,624565.0,0.0,0.0,"int-only"
"a10-omp-accuracy-omp-main-l57-128-1-1-2048-1-1-8192-10000-10-100","accuracy-omp","accuracy","Machine learning","omp","A10","main_l57","main_l57","main:l57","(128, 1, 1)","(2048, 1, 1)","8192 10000 10 100",0.0,0.0,0.0,0.0,0.0,418228267.0,919723.0,0.0,0.0,"int-only"
"a100-omp-accuracy-omp-main-l57-128-1-1-2048-1-1-8192-10000-10-100","accuracy-omp","accuracy","Machine learning","omp","A100","main_l57","main_l57","main:l57","(128, 1, 1)","(2048, 1, 1)","8192 10000 10 100",0.0,0.0,4195227.0,0.0,4195227.0,330261163.0,658859.0,0.012703,0.006367,"fp16"
"h100-omp-accuracy-omp-main-l57-128-1-1-2048-1-1-8192-10000-10-100","accuracy-omp","accuracy","Machine learning","omp","H100","main_l57","main_l57","main:l57","(128, 1, 1)","(2048, 1, 1)","8192 10000 10 100",0.0,0.0,40210.0,0.0,40210.0,330353408.0,304768.0,0.000122,0.000132,"fp16"
"3080-cuda-ace-cuda-calculateforce-8-8-4-50-50-100-100","ace-cuda","ace","Simulation","cuda","3080","_Z14calculateForcePA400_A400_dS1_S1_S1_dddddd","calculateForce","calculateForce(double (*)[400][400], double (*)[400][400], double (*)[400][400], double (*)[400][400], double, double, double, double, double, double)","(8, 8, 4)","(50, 50, 100)","100",378157047.0,7817793867.0,0.0,0.0,8195950914.0,2303056213.0,35390795.0,3.558728,0.231584,"fp64"
"a10-cuda-ace-cuda-calculateforce-8-8-4-50-50-100-100","ace-cuda","ace","Simulation","cuda","A10","_Z14calculateForcePA400_A400_dS1_S1_S1_dddddd","calculateForce","calculateForce(double (*)[400][400], double (*)[400][400], double (*)[400][400], double (*)[400][400], double, double, double, double, double, double)","(8, 8, 4)","(50, 50, 100)","100",378165214.0,7817823108.0,0.0,0.0,8195988322.0,2974342443.0,54436587.0,2.755563,0.15056,"fp64"
"a100-cuda-ace-cuda-calculateforce-8-8-4-50-50-100-100","ace-cuda","ace","Simulation","cuda","A100","_Z14calculateForcePA400_A400_dS1_S1_S1_dddddd","calculateForce","calculateForce(double (*)[400][400], double (*)[400][400], double (*)[400][400], double (*)[400][400], double, double, double, double, double, double)","(8, 8, 4)","(50, 50, 100)","100",378280054.0,7817628600.0,256004043.0,0.0,8451912697.0,2090545664.0,2838944.0,4.042922,2.977133,"fp64"
"h100-cuda-ace-cuda-calculateforce-8-8-4-50-50-100-100","ace-cuda","ace","Simulation","cuda","H100","_Z14calculateForcePA400_A400_dS1_S1_S1_dddddd","calculateForce","calculateForce(double (*)[400][400], double (*)[400][400], double (*)[400][400], double (*)[400][400], double, double, double, double, double, double)","(8, 8, 4)","(50, 50, 100)","100",378273528.0,7880671939.0,0.0,0.0,8258945467.0,2049320960.0,1253109.0,4.030089,6.590764,"fp64"
"3080-cuda-ace-cuda-thermalequation-8-8-4-50-50-100-100","ace-cuda","ace","Simulation","cuda","3080","_Z15thermalEquationPA400_A400_dS1_S1_S1_ddddd","thermalEquation","thermalEquation(double (*)[400][400], double (*)[400][400], double (*)[400][400], double (*)[400][400], double, double, double, double, double)","(8, 8, 4)","(50, 50, 100)","100",378369040.0,7173179867.0,0.0,0.0,7551548907.0,2286909270.0,27717696.0,3.302076,0.272445,"fp64"
"a10-cuda-ace-cuda-thermalequation-8-8-4-50-50-100-100","ace-cuda","ace","Simulation","cuda","A10","_Z15thermalEquationPA400_A400_dS1_S1_S1_ddddd","thermalEquation","thermalEquation(double (*)[400][400], double (*)[400][400], double (*)[400][400], double (*)[400][400], double, double, double, double, double)","(8, 8, 4)","(50, 50, 100)","100",378098415.0,7172812172.0,0.0,0.0,7550910587.0,3141509546.0,42596832.0,2.403593,0.177265,"fp64"
"a100-cuda-ace-cuda-thermalequation-8-8-4-50-50-100-100","ace-cuda","ace","Simulation","cuda","A100","_Z15thermalEquationPA400_A400_dS1_S1_S1_ddddd","thermalEquation","thermalEquation(double (*)[400][400], double (*)[400][400], double (*)[400][400], double (*)[400][400], double, double, double, double, double)","(8, 8, 4)","(50, 50, 100)","100",378264952.0,7172982007.0,252176654.0,0.0,7803423613.0,2107138560.0,2334176.0,3.703327,3.343117,"fp64"
"h100-cuda-ace-cuda-thermalequation-8-8-4-50-50-100-100","ace-cuda","ace","Simulation","cuda","H100","_Z15thermalEquationPA400_A400_dS1_S1_S1_ddddd","thermalEquation","thermalEquation(double (*)[400][400], double (*)[400][400], double (*)[400][400], double (*)[400][400], double, double, double, double, double)","(8, 8, 4)","(50, 50, 100)","100",378273816.0,7172989481.0,0.0,0.0,7551263297.0,2050519637.0,1064736.0,3.68261,7.092146,"fp64"
"3080-cuda-ace-cuda-boundaryconditionsu-8-8-4-50-50-100-100","ace-cuda","ace","Simulation","cuda","3080","_Z19boundaryConditionsUPA400_A400_dd","boundaryConditionsU","boundaryConditionsU(double (*)[400][400], double)","(8, 8, 4)","(50, 50, 100)","100",0.0,955565.0,0.0,0.0,955565.0,15444651.0,272021.0,0.06187,0.003513,"fp64"
"a10-cuda-ace-cuda-boundaryconditionsu-8-8-4-50-50-100-100","ace-cuda","ace","Simulation","cuda","A10","_Z19boundaryConditionsUPA400_A400_dd","boundaryConditionsU","boundaryConditionsU(double (*)[400][400], double)","(8, 8, 4)","(50, 50, 100)","100",0.0,953744.0,0.0,0.0,953744.0,46371968.0,419605.0,0.020567,0.002273,"fp64"
"a100-cuda-ace-cuda-boundaryconditionsu-8-8-4-50-50-100-100","ace-cuda","ace","Simulation","cuda","A100","_Z19boundaryConditionsUPA400_A400_dd","boundaryConditionsU","boundaryConditionsU(double (*)[400][400], double)","(8, 8, 4)","(50, 50, 100)","100",0.0,955071.0,510719167.0,0.0,511674238.0,21032149.0,241259.0,24.328196,2.12085,"fp16"
"h100-cuda-ace-cuda-boundaryconditionsu-8-8-4-50-50-100-100","ace-cuda","ace","Simulation","cuda","H100","_Z19boundaryConditionsUPA400_A400_dd","boundaryConditionsU","boundaryConditionsU(double (*)[400][400], double)","(8, 8, 4)","(50, 50, 100)","100",0.0,955420.0,0.0,0.0,955420.0,19968768.0,152789.0,0.047846,0.006253,"fp64"
"3080-cuda-ace-cuda-boundaryconditionsphi-8-8-4-50-50-100-100","ace-cuda","ace","Simulation","cuda","3080","_Z21boundaryConditionsPhiPA400_A400_d","boundaryConditionsPhi","boundaryConditionsPhi(double (*)[400][400])","(8, 8, 4)","(50, 50, 100)","100",0.0,0.0,0.0,0.0,0.0,15447168.0,265152.0,0.0,0.0,"int-only"
"a10-cuda-ace-cuda-boundaryconditionsphi-8-8-4-50-50-100-100","ace-cuda","ace","Simulation","cuda","A10","_Z21boundaryConditionsPhiPA400_A400_d","boundaryConditionsPhi","boundaryConditionsPhi(double (*)[400][400])","(8, 8, 4)","(50, 50, 100)","100",0.0,0.0,0.0,0.0,0.0,46294187.0,408683.0,0.0,0.0,"int-only"
"a100-cuda-ace-cuda-boundaryconditionsphi-8-8-4-50-50-100-100","ace-cuda","ace","Simulation","cuda","A100","_Z21boundaryConditionsPhiPA400_A400_d","boundaryConditionsPhi","boundaryConditionsPhi(double (*)[400][400])","(8, 8, 4)","(50, 50, 100)","100",0.0,0.0,512624430.0,0.0,512624430.0,21036757.0,241419.0,24.368035,2.123381,"fp16"
"h100-cuda-ace-cuda-boundaryconditionsphi-8-8-4-50-50-100-100","ace-cuda","ace","Simulation","cuda","H100","_Z21boundaryConditionsPhiPA400_A400_d","boundaryConditionsPhi","boundaryConditionsPhi(double (*)[400][400])","(8, 8, 4)","(50, 50, 100)","100",0.0,0.0,3821694.0,0.0,3821694.0,19918422.0,152768.0,0.191867,0.025016,"fp16"
"3080-cuda-ace-cuda-swapgrid-8-8-4-50-50-100-100","ace-cuda","ace","Simulation","cuda","3080","_Z8swapGridPA400_A400_dS1_","swapGrid","swapGrid(double (*)[400][400], double (*)[400][400])","(8, 8, 4)","(50, 50, 100)","100",0.0,0.0,0.0,0.0,0.0,2047550038.0,3343477.0,0.0,0.0,"int-only"
"a10-cuda-ace-cuda-swapgrid-8-8-4-50-50-100-100","ace-cuda","ace","Simulation","cuda","A10","_Z8swapGridPA400_A400_dS1_","swapGrid","swapGrid(double (*)[400][400], double (*)[400][400])","(8, 8, 4)","(50, 50, 100)","100",0.0,0.0,0.0,0.0,0.0,2528835115.0,4708459.0,0.0,0.0,"int-only"
"a100-cuda-ace-cuda-swapgrid-8-8-4-50-50-100-100","ace-cuda","ace","Simulation","cuda","A100","_Z8swapGridPA400_A400_dS1_","swapGrid","swapGrid(double (*)[400][400], double (*)[400][400])","(8, 8, 4)","(50, 50, 100)","100",0.0,0.0,256000141.0,0.0,256000141.0,2032132010.0,1802539.0,0.125976,0.142022,"fp16"
"h100-cuda-ace-cuda-swapgrid-8-8-4-50-50-100-100","ace-cuda","ace","Simulation","cuda","H100","_Z8swapGridPA400_A400_dS1_","swapGrid","swapGrid(double (*)[400][400], double (*)[400][400])","(8, 8, 4)","(50, 50, 100)","100",0.0,0.0,0.0,0.0,0.0,2027672491.0,1254453.0,0.0,0.0,"int-only"
"3080-cuda-ace-cuda-allencahn-8-8-4-50-50-100-100","ace-cuda","ace","Simulation","cuda","3080","_Z9allenCahnPA400_A400_dS1_S1_S1_S1_S1_dddddddd","allenCahn","allenCahn(double (*)[400][400], double (*)[400][400], double (*)[400][400], double (*)[400][400], double (*)[400][400], double (*)[400][400], double, double, double, double, double, double, double, double)","(8, 8, 4)","(50, 50, 100)","100",882710922.0,14815089751.0,0.0,0.0,15697800673.0,3558737152.0,56600949.0,4.411059,0.277342,"fp64"
"a10-cuda-ace-cuda-allencahn-8-8-4-50-50-100-100","ace-cuda","ace","Simulation","cuda","A10","_Z9allenCahnPA400_A400_dS1_S1_S1_S1_S1_dddddddd","allenCahn","allenCahn(double (*)[400][400], double (*)[400][400], double (*)[400][400], double (*)[400][400], double (*)[400][400], double (*)[400][400], double, double, double, double, double, double, double, double)","(8, 8, 4)","(50, 50, 100)","100",882315966.0,14815363120.0,0.0,0.0,15697679086.0,5172488150.0,86997259.0,3.034841,0.180439,"fp64"
"a100-cuda-ace-cuda-allencahn-8-8-4-50-50-100-100","ace-cuda","ace","Simulation","cuda","A100","_Z9allenCahnPA400_A400_dS1_S1_S1_S1_S1_dddddddd","allenCahn","allenCahn(double (*)[400][400], double (*)[400][400], double (*)[400][400], double (*)[400][400], double (*)[400][400], double (*)[400][400], double, double, double, double, double, double, double, double)","(8, 8, 4)","(50, 50, 100)","100",882619145.0,14626377929.0,252164075.0,0.0,15761161149.0,3552305707.0,4909099.0,4.436882,3.210602,"fp64"
"h100-cuda-ace-cuda-allencahn-8-8-4-50-50-100-100","ace-cuda","ace","Simulation","cuda","H100","_Z9allenCahnPA400_A400_dS1_S1_S1_S1_S1_dddddddd","allenCahn","allenCahn(double (*)[400][400], double (*)[400][400], double (*)[400][400], double (*)[400][400], double (*)[400][400], double (*)[400][400], double, double, double, double, double, double, double, double)","(8, 8, 4)","(50, 50, 100)","100",882623010.0,14626370980.0,252194843.0,0.0,15761188833.0,3450729984.0,2472629.0,4.567494,6.374264,"fp64"
"3080-omp-ace-omp-dddddd-l117-256-1-1-3200-1-1-100","ace-omp","ace","Simulation","omp","3080","_Z14calculateForcePA400_A400_dS1_S1_S1_dddddd_l117","dddddd_l117","calculateForce(double (*)[400][400], double (*)[400][400], double (*)[400][400], double (*)[400][400], double, double, double, double, double, double):l117","(256, 1, 1)","(3200, 1, 1)","100",379978659.0,7649135335.0,0.0,0.0,8029113994.0,3130678272.0,32784021.0,2.564656,0.244909,"fp64"
"a10-omp-ace-omp-dddddd-l117-256-1-1-3200-1-1-100","ace-omp","ace","Simulation","omp","A10","_Z14calculateForcePA400_A400_dS1_S1_S1_dddddd_l117","dddddd_l117","calculateForce(double (*)[400][400], double (*)[400][400], double (*)[400][400], double (*)[400][400], double, double, double, double, double, double):l117","(256, 1, 1)","(3200, 1, 1)","100",379914824.0,7649040281.0,0.0,0.0,8028955105.0,3679084032.0,50139499.0,2.182324,0.160132,"fp64"
"a100-omp-ace-omp-dddddd-l117-256-1-1-3200-1-1-100","ace-omp","ace","Simulation","omp","A100","_Z14calculateForcePA400_A400_dS1_S1_S1_dddddd_l117","dddddd_l117","calculateForce(double (*)[400][400], double (*)[400][400], double (*)[400][400], double (*)[400][400], double, double, double, double, double, double):l117","(256, 1, 1)","(3200, 1, 1)","100",379925209.0,7648936651.0,1015815932.0,0.0,9044677792.0,3056760277.0,3754005.0,2.95891,2.409341,"fp64"
"h100-omp-ace-omp-dddddd-l117-256-1-1-3200-1-1-100","ace-omp","ace","Simulation","omp","H100","_Z14calculateForcePA400_A400_dS1_S1_S1_dddddd_l117","dddddd_l117","calculateForce(double (*)[400][400], double (*)[400][400], double (*)[400][400], double (*)[400][400], double, double, double, double, double, double):l117","(256, 1, 1)","(3200, 1, 1)","100",379910254.0,7648960983.0,759820509.0,0.0,8788691746.0,3050245034.0,2838037.0,2.881307,3.09675,"fp64"
"3080-omp-ace-omp-ddddd-l214-256-1-1-3200-1-1-100","ace-omp","ace","Simulation","omp","3080","_Z15thermalEquationPA400_A400_dS1_S1_S1_ddddd_l214","ddddd_l214","thermalEquation(double (*)[400][400], double (*)[400][400], double (*)[400][400], double (*)[400][400], double, double, double, double, double):l214","(256, 1, 1)","(3200, 1, 1)","100",378257804.0,7050357036.0,0.0,0.0,7428614840.0,3116742870.0,25931701.0,2.383455,0.286468,"fp64"
"a10-omp-ace-omp-ddddd-l214-256-1-1-3200-1-1-100","ace-omp","ace","Simulation","omp","A10","_Z15thermalEquationPA400_A400_dS1_S1_S1_ddddd_l214","ddddd_l214","thermalEquation(double (*)[400][400], double (*)[400][400], double (*)[400][400], double (*)[400][400], double, double, double, double, double):l214","(256, 1, 1)","(3200, 1, 1)","100",378131705.0,7049938871.0,0.0,0.0,7428070576.0,3712258858.0,39561397.0,2.000957,0.187761,"fp64"
"a100-omp-ace-omp-ddddd-l214-256-1-1-3200-1-1-100","ace-omp","ace","Simulation","omp","A100","_Z15thermalEquationPA400_A400_dS1_S1_S1_ddddd_l214","ddddd_l214","thermalEquation(double (*)[400][400], double (*)[400][400], double (*)[400][400], double (*)[400][400], double, double, double, double, double):l214","(256, 1, 1)","(3200, 1, 1)","100",378273996.0,7050191805.0,756547991.0,0.0,8185013792.0,3071221461.0,2832789.0,2.665068,2.889383,"fp64"
"h100-omp-ace-omp-ddddd-l214-256-1-1-3200-1-1-100","ace-omp","ace","Simulation","omp","H100","_Z15thermalEquationPA400_A400_dS1_S1_S1_ddddd_l214","ddddd_l214","thermalEquation(double (*)[400][400], double (*)[400][400], double (*)[400][400], double (*)[400][400], double, double, double, double, double):l214","(256, 1, 1)","(3200, 1, 1)","100",378266028.0,7050185607.0,504352119.0,0.0,7932803754.0,3054236672.0,1467573.0,2.597311,5.40539,"fp64"
"3080-omp-ace-omp-dd-l230-256-1-1-3200-1-1-100","ace-omp","ace","Simulation","omp","3080","_Z19boundaryConditionsUPA400_A400_dd_l230","dd_l230","boundaryConditionsU(double (*)[400][400], double):l230","(256, 1, 1)","(3200, 1, 1)","100",0.0,0.0,0.0,0.0,0.0,15934890.0,550421.0,0.0,0.0,"int-only"
"a10-omp-ace-omp-dd-l230-256-1-1-3200-1-1-100","ace-omp","ace","Simulation","omp","A10","_Z19boundaryConditionsUPA400_A400_dd_l230","dd_l230","boundaryConditionsU(double (*)[400][400], double):l230","(256, 1, 1)","(3200, 1, 1)","100",0.0,0.0,0.0,0.0,0.0,46830592.0,848640.0,0.0,0.0,"int-only"
"a100-omp-ace-omp-dd-l230-256-1-1-3200-1-1-100","ace-omp","ace","Simulation","omp","A100","_Z19boundaryConditionsUPA400_A400_dd_l230","dd_l230","boundaryConditionsU(double (*)[400][400], double):l230","(256, 1, 1)","(3200, 1, 1)","100",0.0,0.0,1267420.0,0.0,1267420.0,21304618.0,469739.0,0.05949,0.002698,"fp16"
"h100-omp-ace-omp-dd-l230-256-1-1-3200-1-1-100","ace-omp","ace","Simulation","omp","H100","_Z19boundaryConditionsUPA400_A400_dd_l230","dd_l230","boundaryConditionsU(double (*)[400][400], double):l230","(256, 1, 1)","(3200, 1, 1)","100",0.0,0.0,0.0,0.0,0.0,19101013.0,281035.0,0.0,0.0,"int-only"
"3080-omp-ace-omp-d-l180-256-1-1-3200-1-1-100","ace-omp","ace","Simulation","omp","3080","_Z21boundaryConditionsPhiPA400_A400_d_l180","d_l180","boundaryConditionsPhi(double (*)[400][400]):l180","(256, 1, 1)","(3200, 1, 1)","100",0.0,0.0,0.0,0.0,0.0,15921109.0,551307.0,0.0,0.0,"int-only"
"a10-omp-ace-omp-d-l180-256-1-1-3200-1-1-100","ace-omp","ace","Simulation","omp","A10","_Z21boundaryConditionsPhiPA400_A400_d_l180","d_l180","boundaryConditionsPhi(double (*)[400][400]):l180","(256, 1, 1)","(3200, 1, 1)","100",0.0,0.0,0.0,0.0,0.0,46814464.0,850325.0,0.0,0.0,"int-only"
"a100-omp-ace-omp-d-l180-256-1-1-3200-1-1-100","ace-omp","ace","Simulation","omp","A100","_Z21boundaryConditionsPhiPA400_A400_d_l180","d_l180","boundaryConditionsPhi(double (*)[400][400]):l180","(256, 1, 1)","(3200, 1, 1)","100",0.0,0.0,1265811.0,0.0,1265811.0,21350571.0,486411.0,0.059287,0.002602,"fp16"
"h100-omp-ace-omp-d-l180-256-1-1-3200-1-1-100","ace-omp","ace","Simulation","omp","H100","_Z21boundaryConditionsPhiPA400_A400_d_l180","d_l180","boundaryConditionsPhi(double (*)[400][400]):l180","(256, 1, 1)","(3200, 1, 1)","100",0.0,0.0,3818959.0,0.0,3818959.0,19017813.0,278720.0,0.20081,0.013702,"fp16"
"3080-omp-ace-omp-z8swapgridpa400-a400-ds1-l261-256-1-1-3200-1-1-100","ace-omp","ace","Simulation","omp","3080","_Z8swapGridPA400_A400_dS1__l261","_Z8swapGridPA400_A400_dS1__l261","swapGrid(double (*)[400][400], double (*)[400][400]):l261","(256, 1, 1)","(3200, 1, 1)","100",0.0,0.0,0.0,0.0,0.0,2047208832.0,3038800.0,0.0,0.0,"int-only"
"a10-omp-ace-omp-z8swapgridpa400-a400-ds1-l261-256-1-1-3200-1-1-100","ace-omp","ace","Simulation","omp","A10","_Z8swapGridPA400_A400_dS1__l261","_Z8swapGridPA400_A400_dS1__l261","swapGrid(double (*)[400][400], double (*)[400][400]):l261","(256, 1, 1)","(3200, 1, 1)","100",0.0,0.0,0.0,0.0,0.0,2305229035.0,4225387.0,0.0,0.0,"int-only"
"a100-omp-ace-omp-z8swapgridpa400-a400-ds1-l261-256-1-1-3200-1-1-100","ace-omp","ace","Simulation","omp","A100","_Z8swapGridPA400_A400_dS1__l261","_Z8swapGridPA400_A400_dS1__l261","swapGrid(double (*)[400][400], double (*)[400][400]):l261","(256, 1, 1)","(3200, 1, 1)","100",0.0,0.0,256000153.0,0.0,256000153.0,2030236864.0,1607515.0,0.126094,0.159252,"fp16"
"h100-omp-ace-omp-z8swapgridpa400-a400-ds1-l261-256-1-1-3200-1-1-100","ace-omp","ace","Simulation","omp","H100","_Z8swapGridPA400_A400_dS1__l261","_Z8swapGridPA400_A400_dS1__l261","swapGrid(double (*)[400][400], double (*)[400][400]):l261","(256, 1, 1)","(3200, 1, 1)","100",0.0,0.0,0.0,0.0,0.0,2025481003.0,992853.0,0.0,0.0,"int-only"
"3080-cuda-adam-cuda-float-256-1-1-40-1-1-10000-200-100","adam-cuda","adam","Machine learning","cuda","3080","_Z4adamIffEvPT_S1_S1_PKT0_fffffim10adamMode_tf","float>","void adam<float, float>(T1 *, T1 *, T1 *, const T2 *, float, float, float, float, float, int, unsigned long, adamMode_t, float)","(256, 1, 1)","(40, 1, 1)","10000 200 100",184910355.0,0.0,0.0,0.0,184910355.0,171136.0,89515.0,1080.48777,2.065691,"fp32"
"a10-cuda-adam-cuda-float-256-1-1-40-1-1-10000-200-100","adam-cuda","adam","Machine learning","cuda","A10","_Z4adamIffEvPT_S1_S1_PKT0_fffffim10adamMode_tf","float>","void adam<float, float>(T1 *, T1 *, T1 *, const T2 *, float, float, float, float, float, int, unsigned long, adamMode_t, float)","(256, 1, 1)","(40, 1, 1)","10000 200 100",184910062.0,0.0,0.0,0.0,184910062.0,189909.0,146283.0,973.677193,1.264057,"fp32"
"a100-cuda-adam-cuda-float-256-1-1-40-1-1-10000-200-100","adam-cuda","adam","Machine learning","cuda","A100","_Z4adamIffEvPT_S1_S1_PKT0_fffffim10adamMode_tf","float>","void adam<float, float>(T1 *, T1 *, T1 *, const T2 *, float, float, float, float, float, int, unsigned long, adamMode_t, float)","(256, 1, 1)","(40, 1, 1)","10000 200 100",184910346.0,0.0,8079797.0,0.0,192990143.0,170240.0,128245.0,1133.635708,1.504855,"fp32"
"h100-cuda-adam-cuda-float-256-1-1-40-1-1-10000-200-100","adam-cuda","adam","Machine learning","cuda","H100","_Z4adamIffEvPT_S1_S1_PKT0_fffffim10adamMode_tf","float>","void adam<float, float>(T1 *, T1 *, T1 *, const T2 *, float, float, float, float, float, int, unsigned long, adamMode_t, float)","(256, 1, 1)","(40, 1, 1)","10000 200 100",184909991.0,0.0,8079672.0,0.0,192989663.0,170752.0,88715.0,1130.23369,2.175389,"fp32"
"3080-omp-adam-omp-tf-l25-256-1-1-40-1-1-10000-200-100","adam-omp","adam","Machine learning","omp","3080","_Z4adamIffEvPT_S1_S1_PKT0_fffffim10adamMode_tf_l25","tf_l25","void adam<float, float>(T1 *, T1 *, T1 *, const T2 *, float, float, float, float, float, int, unsigned long, adamMode_t, float):l25","(256, 1, 1)","(40, 1, 1)","10000 200 100",198783827.0,0.0,0.0,0.0,198783827.0,182699.0,116320.0,1088.040039,1.708939,"fp32"
"a10-omp-adam-omp-tf-l25-256-1-1-40-1-1-10000-200-100","adam-omp","adam","Machine learning","omp","A10","_Z4adamIffEvPT_S1_S1_PKT0_fffffim10adamMode_tf_l25","tf_l25","void adam<float, float>(T1 *, T1 *, T1 *, const T2 *, float, float, float, float, float, int, unsigned long, adamMode_t, float):l25","(256, 1, 1)","(40, 1, 1)","10000 200 100",198783238.0,0.0,0.0,0.0,198783238.0,199765.0,189077.0,995.085415,1.051335,"fp32"
"a100-omp-adam-omp-tf-l25-256-1-1-40-1-1-10000-200-100","adam-omp","adam","Machine learning","omp","A100","_Z4adamIffEvPT_S1_S1_PKT0_fffffim10adamMode_tf_l25","tf_l25","void adam<float, float>(T1 *, T1 *, T1 *, const T2 *, float, float, float, float, float, int, unsigned long, adamMode_t, float):l25","(256, 1, 1)","(40, 1, 1)","10000 200 100",198784229.0,0.0,16079853.0,0.0,214864082.0,168320.0,154603.0,1276.5214,1.38978,"fp32"
"h100-omp-adam-omp-tf-l25-256-1-1-40-1-1-10000-200-100","adam-omp","adam","Machine learning","omp","H100","_Z4adamIffEvPT_S1_S1_PKT0_fffffim10adamMode_tf_l25","tf_l25","void adam<float, float>(T1 *, T1 *, T1 *, const T2 *, float, float, float, float, float, int, unsigned long, adamMode_t, float):l25","(256, 1, 1)","(40, 1, 1)","10000 200 100",198784062.0,0.0,16039719.0,0.0,214823781.0,168704.0,106432.0,1273.376926,2.018413,"fp32"
"3080-cuda-adamw-cuda-fused-4bit-kernel-64-1-1-15625-1-1-1000000-100","adamw-cuda","adamw","Machine learning","cuda","3080","_Z17fused_4bit_kernelIfLi64EEvPT_PKS0_S1_S1_PaS4_fffffflffffff","fused_4bit_kernel","void fused_4bit_kernel<float, (int)64>(T1 *, const T1 *, T1 *, T1 *, signed char *, signed char *, float, float, float, float, float, float, long, float, float, float, float, float, float)","(64, 1, 1)","(15625, 1, 1)","1000000 100",118000108.0,0.0,0.0,0.0,118000108.0,27740502.0,65152.0,4.253712,1.811151,"fp32"
"a10-cuda-adamw-cuda-fused-4bit-kernel-64-1-1-15625-1-1-1000000-100","adamw-cuda","adamw","Machine learning","cuda","A10","_Z17fused_4bit_kernelIfLi64EEvPT_PKS0_S1_S1_PaS4_fffffflffffff","fused_4bit_kernel","void fused_4bit_kernel<float, (int)64>(T1 *, const T1 *, T1 *, T1 *, signed char *, signed char *, float, float, float, float, float, float, long, float, float, float, float, float, float)","(64, 1, 1)","(15625, 1, 1)","1000000 100",117999881.0,0.0,0.0,0.0,117999881.0,31080150.0,97760.0,3.796632,1.207036,"fp32"
"a100-cuda-adamw-cuda-fused-4bit-kernel-64-1-1-15625-1-1-1000000-100","adamw-cuda","adamw","Machine learning","cuda","A100","_Z17fused_4bit_kernelIfLi64EEvPT_PKS0_S1_S1_PaS4_fffffflffffff","fused_4bit_kernel","void fused_4bit_kernel<float, (int)64>(T1 *, const T1 *, T1 *, T1 *, signed char *, signed char *, float, float, float, float, float, float, long, float, float, float, float, float, float)","(64, 1, 1)","(15625, 1, 1)","1000000 100",118000173.0,0.0,15828008.0,0.0,133828181.0,18522709.0,48811.0,7.225087,2.741763,"fp32"
"h100-cuda-adamw-cuda-fused-4bit-kernel-64-1-1-15625-1-1-1000000-100","adamw-cuda","adamw","Machine learning","cuda","H100","_Z17fused_4bit_kernelIfLi64EEvPT_PKS0_S1_S1_PaS4_fffffflffffff","fused_4bit_kernel","void fused_4bit_kernel<float, (int)64>(T1 *, const T1 *, T1 *, T1 *, signed char *, signed char *, float, float, float, float, float, float, long, float, float, float, float, float, float)","(64, 1, 1)","(15625, 1, 1)","1000000 100",117999864.0,0.0,19796794.0,0.0,137796658.0,18182998.0,30635.0,7.578324,4.498014,"fp32"
"3080-omp-adamw-omp-fffffflffffff-l135-128-1-1-15625-1-1-1000000-100","adamw-omp","adamw","Machine learning","omp","3080","_Z17fused_4bit_kernelIfLi64EEviiPT_PKS0_S1_S1_PaS4_fffffflffffff_l135","fffffflffffff_l135","void fused_4bit_kernel<float, (int)64>(int, int, T1 *, const T1 *, T1 *, T1 *, signed char *, signed char *, float, float, float, float, float, float, long, float, float, float, float, float, float):l135","(128, 1, 1)","(15625, 1, 1)","1000000 100",107999360.0,0.0,0.0,0.0,107999360.0,27752534.0,268949.0,3.891513,0.401561,"fp32"
"a10-omp-adamw-omp-fffffflffffff-l135-128-1-1-15625-1-1-1000000-100","adamw-omp","adamw","Machine learning","omp","A10","_Z17fused_4bit_kernelIfLi64EEviiPT_PKS0_S1_S1_PaS4_fffffflffffff_l135","fffffflffffff_l135","void fused_4bit_kernel<float, (int)64>(int, int, T1 *, const T1 *, T1 *, T1 *, signed char *, signed char *, float, float, float, float, float, float, long, float, float, float, float, float, float):l135","(128, 1, 1)","(15625, 1, 1)","1000000 100",107999477.0,0.0,0.0,0.0,107999477.0,31938005.0,410165.0,3.381535,0.263307,"fp32"
"a100-omp-adamw-omp-fffffflffffff-l135-128-1-1-15625-1-1-1000000-100","adamw-omp","adamw","Machine learning","omp","A100","_Z17fused_4bit_kernelIfLi64EEviiPT_PKS0_S1_S1_PaS4_fffffflffffff_l135","fffffflffffff_l135","void fused_4bit_kernel<float, (int)64>(int, int, T1 *, const T1 *, T1 *, T1 *, signed char *, signed char *, float, float, float, float, float, float, long, float, float, float, float, float, float):l135","(128, 1, 1)","(15625, 1, 1)","1000000 100",108000362.0,0.0,23827669.0,0.0,131828031.0,18596650.0,226432.0,7.088805,0.582197,"fp32"
"h100-omp-adamw-omp-fffffflffffff-l135-128-1-1-15625-1-1-1000000-100","adamw-omp","adamw","Machine learning","omp","H100","_Z17fused_4bit_kernelIfLi64EEviiPT_PKS0_S1_S1_PaS4_fffffflffffff_l135","fffffflffffff_l135","void fused_4bit_kernel<float, (int)64>(int, int, T1 *, const T1 *, T1 *, T1 *, signed char *, signed char *, float, float, float, float, float, float, long, float, float, float, float, float, float):l135","(128, 1, 1)","(15625, 1, 1)","1000000 100",107999793.0,0.0,20078638.0,0.0,128078431.0,18172842.0,157301.0,7.047793,0.814225,"fp32"
"3080-cuda-addbiasqkv-cuda-fp8trtaddqkvbiaskernel-16-12-3-8192-1-1-nan","addBiasQKV-cuda","addBiasQKV","Machine learning","cuda","3080","_Z22FP8TrtAddQKVBiasKernel21FP8TrtAddQKVBiasParamI13__nv_fp8_e4m313__nv_bfloat16E","FP8TrtAddQKVBiasKernel","FP8TrtAddQKVBiasKernel(FP8TrtAddQKVBiasParam<__nv_fp8_e4m3, __nv_bfloat16>)","(16, 12, 3)","(8192, 1, 1)",NaN,0.0,0.0,150995380.0,0.0,150995380.0,37265280.0,147787.0,4.051905,1.021709,"fp16"
"a10-cuda-addbiasqkv-cuda-fp8trtaddqkvbiaskernel-16-12-3-8192-1-1-nan","addBiasQKV-cuda","addBiasQKV","Machine learning","cuda","A10","_Z22FP8TrtAddQKVBiasKernel21FP8TrtAddQKVBiasParamI13__nv_fp8_e4m313__nv_bfloat16E","FP8TrtAddQKVBiasKernel","FP8TrtAddQKVBiasKernel(FP8TrtAddQKVBiasParam<__nv_fp8_e4m3, __nv_bfloat16>)","(16, 12, 3)","(8192, 1, 1)",NaN,0.0,0.0,150994436.0,0.0,150994436.0,43254656.0,224896.0,3.490825,0.671397,"fp16"
"a100-cuda-addbiasqkv-cuda-fp8trtaddqkvbiaskernel-16-12-3-8192-1-1-nan","addBiasQKV-cuda","addBiasQKV","Machine learning","cuda","A100","_Z22FP8TrtAddQKVBiasKernel21FP8TrtAddQKVBiasParamI13__nv_fp8_e4m313__nv_bfloat16E","FP8TrtAddQKVBiasKernel","FP8TrtAddQKVBiasKernel(FP8TrtAddQKVBiasParam<__nv_fp8_e4m3, __nv_bfloat16>)","(16, 12, 3)","(8192, 1, 1)",NaN,0.0,0.0,150994968.0,0.0,150994968.0,26224085.0,104288.0,5.757874,1.447865,"fp16"
"h100-cuda-addbiasqkv-cuda-fp8trtaddqkvbiaskernel-16-12-3-8192-1-1-nan","addBiasQKV-cuda","addBiasQKV","Machine learning","cuda","H100","_Z22FP8TrtAddQKVBiasKernel21FP8TrtAddQKVBiasParamI13__nv_fp8_e4m313__nv_bfloat16E","FP8TrtAddQKVBiasKernel","FP8TrtAddQKVBiasKernel(FP8TrtAddQKVBiasParam<__nv_fp8_e4m3, __nv_bfloat16>)","(16, 12, 3)","(8192, 1, 1)",NaN,0.0,0.0,94371694.0,0.0,94371694.0,22746795.0,23467.0,4.148791,4.021464,"fp16"
"3080-cuda-addbiasresiduallayernorm-cuda-addbiasresidualpostlayernorm-256-1-1-4096-1-1-10000","addBiasResidualLayerNorm-cuda","addBiasResidualLayerNorm","Machine learning","cuda","3080","_Z28addBiasResidualPostLayerNormI6__halfLi1EEvPT_PKS1_S4_S4_S4_fi","addBiasResidualPostLayerNorm","void addBiasResidualPostLayerNorm<__half, (int)1>(T1 *, const T1 *, const T1 *, const T1 *, const T1 *, float, int)","(256, 1, 1)","(4096, 1, 1)","10000",29446306.0,0.0,10485822.0,0.0,39932128.0,5667797.0,27435.0,7.045441,1.455518,"fp32"
"a10-cuda-addbiasresiduallayernorm-cuda-addbiasresidualpostlayernorm-256-1-1-4096-1-1-10000","addBiasResidualLayerNorm-cuda","addBiasResidualLayerNorm","Machine learning","cuda","A10","_Z28addBiasResidualPostLayerNormI6__halfLi1EEvPT_PKS1_S4_S4_S4_fi","addBiasResidualPostLayerNorm","void addBiasResidualPostLayerNorm<__half, (int)1>(T1 *, const T1 *, const T1 *, const T1 *, const T1 *, float, int)","(256, 1, 1)","(4096, 1, 1)","10000",29446097.0,0.0,10485758.0,0.0,39931855.0,6537131.0,42240.0,6.108468,0.945356,"fp32"
"a100-cuda-addbiasresiduallayernorm-cuda-addbiasresidualpostlayernorm-256-1-1-4096-1-1-10000","addBiasResidualLayerNorm-cuda","addBiasResidualLayerNorm","Machine learning","cuda","A100","_Z28addBiasResidualPostLayerNormI6__halfLi1EEvPT_PKS1_S4_S4_S4_fi","addBiasResidualPostLayerNorm","void addBiasResidualPostLayerNorm<__half, (int)1>(T1 *, const T1 *, const T1 *, const T1 *, const T1 *, float, int)","(256, 1, 1)","(4096, 1, 1)","10000",29446070.0,0.0,23068587.0,0.0,52514657.0,4201344.0,17995.0,12.49949,2.918292,"fp32"
"h100-cuda-addbiasresiduallayernorm-cuda-addbiasresidualpostlayernorm-256-1-1-4096-1-1-10000","addBiasResidualLayerNorm-cuda","addBiasResidualLayerNorm","Machine learning","cuda","H100","_Z28addBiasResidualPostLayerNormI6__halfLi1EEvPT_PKS1_S4_S4_S4_fi","addBiasResidualPostLayerNorm","void addBiasResidualPostLayerNorm<__half, (int)1>(T1 *, const T1 *, const T1 *, const T1 *, const T1 *, float, int)","(256, 1, 1)","(4096, 1, 1)","10000",29446113.0,0.0,18874342.0,0.0,48320455.0,4201472.0,11435.0,11.500839,4.225663,"fp32"
"3080-cuda-addbiasresiduallayernorm-cuda-addbiasresidualpostlayernorm-256-1-1-4096-1-1-10000","addBiasResidualLayerNorm-cuda","addBiasResidualLayerNorm","Machine learning","cuda","3080","_Z28addBiasResidualPostLayerNormI6__halfLi2EEvPT_PKS1_S4_S4_S4_fi","addBiasResidualPostLayerNorm","void addBiasResidualPostLayerNorm<__half, (int)2>(T1 *, const T1 *, const T1 *, const T1 *, const T1 *, float, int)","(256, 1, 1)","(4096, 1, 1)","10000",37834460.0,0.0,20971647.0,0.0,58806107.0,11958016.0,32363.0,4.917714,1.817078,"fp32"
"a10-cuda-addbiasresiduallayernorm-cuda-addbiasresidualpostlayernorm-256-1-1-4096-1-1-10000","addBiasResidualLayerNorm-cuda","addBiasResidualLayerNorm","Machine learning","cuda","A10","_Z28addBiasResidualPostLayerNormI6__halfLi2EEvPT_PKS1_S4_S4_S4_fi","addBiasResidualPostLayerNorm","void addBiasResidualPostLayerNorm<__half, (int)2>(T1 *, const T1 *, const T1 *, const T1 *, const T1 *, float, int)","(256, 1, 1)","(4096, 1, 1)","10000",37834443.0,0.0,20971528.0,0.0,58805971.0,13935616.0,49675.0,4.219833,1.183814,"fp32"
"a100-cuda-addbiasresiduallayernorm-cuda-addbiasresidualpostlayernorm-256-1-1-4096-1-1-10000","addBiasResidualLayerNorm-cuda","addBiasResidualLayerNorm","Machine learning","cuda","A100","_Z28addBiasResidualPostLayerNormI6__halfLi2EEvPT_PKS1_S4_S4_S4_fi","addBiasResidualPostLayerNorm","void addBiasResidualPostLayerNorm<__half, (int)2>(T1 *, const T1 *, const T1 *, const T1 *, const T1 *, float, int)","(256, 1, 1)","(4096, 1, 1)","10000",37834723.0,0.0,33554406.0,0.0,71389129.0,8397227.0,21291.0,8.501512,3.353019,"fp32"
"h100-cuda-addbiasresiduallayernorm-cuda-addbiasresidualpostlayernorm-256-1-1-4096-1-1-10000","addBiasResidualLayerNorm-cuda","addBiasResidualLayerNorm","Machine learning","cuda","H100","_Z28addBiasResidualPostLayerNormI6__halfLi2EEvPT_PKS1_S4_S4_S4_fi","addBiasResidualPostLayerNorm","void addBiasResidualPostLayerNorm<__half, (int)2>(T1 *, const T1 *, const T1 *, const T1 *, const T1 *, float, int)","(256, 1, 1)","(4096, 1, 1)","10000",37834752.0,0.0,25165799.0,0.0,63000551.0,8397824.0,13291.0,7.502009,4.740091,"fp32"
"3080-cuda-addbiasresiduallayernorm-cuda-addbiasresidualpostlayernormv2-32-1-1-4096-1-1-10000","addBiasResidualLayerNorm-cuda","addBiasResidualLayerNorm","Machine learning","cuda","3080","_Z30addBiasResidualPostLayerNormV2I6__halfEvPT_PKS1_S4_S4_S4_fi","addBiasResidualPostLayerNormV2","void addBiasResidualPostLayerNormV2<__half>(T1 *, const T1 *, const T1 *, const T1 *, const T1 *, float, int)","(32, 1, 1)","(4096, 1, 1)","10000",4677630.0,0.0,9961491.0,0.0,14639121.0,5455019.0,12459.0,2.683606,1.174984,"fp16"
"a10-cuda-addbiasresiduallayernorm-cuda-addbiasresidualpostlayernormv2-32-1-1-4096-1-1-10000","addBiasResidualLayerNorm-cuda","addBiasResidualLayerNorm","Machine learning","cuda","A10","_Z30addBiasResidualPostLayerNormV2I6__halfEvPT_PKS1_S4_S4_S4_fi","addBiasResidualPostLayerNormV2","void addBiasResidualPostLayerNormV2<__half>(T1 *, const T1 *, const T1 *, const T1 *, const T1 *, float, int)","(32, 1, 1)","(4096, 1, 1)","10000",4677655.0,0.0,9961444.0,0.0,14639099.0,5650773.0,17557.0,2.590637,0.833804,"fp16"
"a100-cuda-addbiasresiduallayernorm-cuda-addbiasresidualpostlayernormv2-32-1-1-4096-1-1-10000","addBiasResidualLayerNorm-cuda","addBiasResidualLayerNorm","Machine learning","cuda","A100","_Z30addBiasResidualPostLayerNormV2I6__halfEvPT_PKS1_S4_S4_S4_fi","addBiasResidualPostLayerNormV2","void addBiasResidualPostLayerNormV2<__half>(T1 *, const T1 *, const T1 *, const T1 *, const T1 *, float, int)","(32, 1, 1)","(4096, 1, 1)","10000",4677597.0,0.0,12582980.0,0.0,17260577.0,4202368.0,11360.0,4.107345,1.519417,"fp16"
"h100-cuda-addbiasresiduallayernorm-cuda-addbiasresidualpostlayernormv2-32-1-1-4096-1-1-10000","addBiasResidualLayerNorm-cuda","addBiasResidualLayerNorm","Machine learning","cuda","H100","_Z30addBiasResidualPostLayerNormV2I6__halfEvPT_PKS1_S4_S4_S4_fi","addBiasResidualPostLayerNormV2","void addBiasResidualPostLayerNormV2<__half>(T1 *, const T1 *, const T1 *, const T1 *, const T1 *, float, int)","(32, 1, 1)","(4096, 1, 1)","10000",4677569.0,0.0,11534308.0,0.0,16211877.0,4202496.0,6837.0,3.857678,2.371197,"fp16"
"3080-cuda-addbiasresiduallayernorm-cuda-generaladdbiasresidualpostlayernorm-256-1-1-4096-1-1-10000","addBiasResidualLayerNorm-cuda","addBiasResidualLayerNorm","Machine learning","cuda","3080","_Z35generalAddBiasResidualPostLayerNormI6__halfEvPT_PKS1_S4_S4_S4_fi","generalAddBiasResidualPostLayerNorm","void generalAddBiasResidualPostLayerNorm<__half>(T1 *, const T1 *, const T1 *, const T1 *, const T1 *, float, int)","(256, 1, 1)","(4096, 1, 1)","10000",54611992.0,0.0,50331570.0,0.0,104943562.0,24666453.0,42379.0,4.254506,2.47631,"fp32"
"a10-cuda-addbiasresiduallayernorm-cuda-generaladdbiasresidualpostlayernorm-256-1-1-4096-1-1-10000","addBiasResidualLayerNorm-cuda","addBiasResidualLayerNorm","Machine learning","cuda","A10","_Z35generalAddBiasResidualPostLayerNormI6__halfEvPT_PKS1_S4_S4_S4_fi","generalAddBiasResidualPostLayerNorm","void generalAddBiasResidualPostLayerNorm<__half>(T1 *, const T1 *, const T1 *, const T1 *, const T1 *, float, int)","(256, 1, 1)","(4096, 1, 1)","10000",54611659.0,0.0,50331436.0,0.0,104943095.0,27377066.0,62155.0,3.833248,1.68841,"fp32"
"a100-cuda-addbiasresiduallayernorm-cuda-generaladdbiasresidualpostlayernorm-256-1-1-4096-1-1-10000","addBiasResidualLayerNorm-cuda","addBiasResidualLayerNorm","Machine learning","cuda","A100","_Z35generalAddBiasResidualPostLayerNormI6__halfEvPT_PKS1_S4_S4_S4_fi","generalAddBiasResidualPostLayerNorm","void generalAddBiasResidualPostLayerNorm<__half>(T1 *, const T1 *, const T1 *, const T1 *, const T1 *, float, int)","(256, 1, 1)","(4096, 1, 1)","10000",54611786.0,0.0,79691947.0,0.0,134303733.0,16867115.0,28469.0,7.96246,4.717543,"fp16"
"h100-cuda-addbiasresiduallayernorm-cuda-generaladdbiasresidualpostlayernorm-256-1-1-4096-1-1-10000","addBiasResidualLayerNorm-cuda","addBiasResidualLayerNorm","Machine learning","cuda","H100","_Z35generalAddBiasResidualPostLayerNormI6__halfEvPT_PKS1_S4_S4_S4_fi","generalAddBiasResidualPostLayerNorm","void generalAddBiasResidualPostLayerNorm<__half>(T1 *, const T1 *, const T1 *, const T1 *, const T1 *, float, int)","(256, 1, 1)","(4096, 1, 1)","10000",54612048.0,0.0,62914405.0,0.0,117526453.0,16792661.0,17568.0,6.99868,6.689803,"fp16"
"3080-cuda-adjacent-cuda-blockadjdiffkernel-128-1-1-195313-1-1-100000000-1000","adjacent-cuda","adjacent","Language and kernel features","cuda","3080","_Z18BlockAdjDiffKernelILi128EEvPKiPib","BlockAdjDiffKernel","void BlockAdjDiffKernel<(int)128>(const int *, int *, bool)","(128, 1, 1)","(195313, 1, 1)","100000000 1000",0.0,0.0,0.0,0.0,0.0,799149056.0,1165109.0,0.0,0.0,"int-only"
"a10-cuda-adjacent-cuda-blockadjdiffkernel-128-1-1-195313-1-1-100000000-1000","adjacent-cuda","adjacent","Language and kernel features","cuda","A10","_Z18BlockAdjDiffKernelILi128EEvPKiPib","BlockAdjDiffKernel","void BlockAdjDiffKernel<(int)128>(const int *, int *, bool)","(128, 1, 1)","(195313, 1, 1)","100000000 1000",0.0,0.0,0.0,0.0,0.0,898257408.0,1636565.0,0.0,0.0,"int-only"
"a100-cuda-adjacent-cuda-blockadjdiffkernel-128-1-1-195313-1-1-100000000-1000","adjacent-cuda","adjacent","Language and kernel features","cuda","A100","_Z18BlockAdjDiffKernelILi128EEvPKiPib","BlockAdjDiffKernel","void BlockAdjDiffKernel<(int)128>(const int *, int *, bool)","(128, 1, 1)","(195313, 1, 1)","100000000 1000",0.0,0.0,99999663.0,0.0,99999663.0,784636800.0,562571.0,0.127447,0.177755,"fp16"
"h100-cuda-adjacent-cuda-blockadjdiffkernel-128-1-1-195313-1-1-100000000-1000","adjacent-cuda","adjacent","Language and kernel features","cuda","H100","_Z18BlockAdjDiffKernelILi128EEvPKiPib","BlockAdjDiffKernel","void BlockAdjDiffKernel<(int)128>(const int *, int *, bool)","(128, 1, 1)","(195313, 1, 1)","100000000 1000",0.0,0.0,0.0,0.0,0.0,779650560.0,259168.0,0.0,0.0,"int-only"
"3080-cuda-adjacent-cuda-blockadjdiffkernel-256-1-1-97657-1-1-100000000-1000","adjacent-cuda","adjacent","Language and kernel features","cuda","3080","_Z18BlockAdjDiffKernelILi256EEvPKiPib","BlockAdjDiffKernel","void BlockAdjDiffKernel<(int)256>(const int *, int *, bool)","(256, 1, 1)","(97657, 1, 1)","100000000 1000",0.0,0.0,0.0,0.0,0.0,799175851.0,1165056.0,0.0,0.0,"int-only"
"a10-cuda-adjacent-cuda-blockadjdiffkernel-256-1-1-97657-1-1-100000000-1000","adjacent-cuda","adjacent","Language and kernel features","cuda","A10","_Z18BlockAdjDiffKernelILi256EEvPKiPib","BlockAdjDiffKernel","void BlockAdjDiffKernel<(int)256>(const int *, int *, bool)","(256, 1, 1)","(97657, 1, 1)","100000000 1000",0.0,0.0,0.0,0.0,0.0,898055339.0,1639691.0,0.0,0.0,"int-only"
"a100-cuda-adjacent-cuda-blockadjdiffkernel-256-1-1-97657-1-1-100000000-1000","adjacent-cuda","adjacent","Language and kernel features","cuda","A100","_Z18BlockAdjDiffKernelILi256EEvPKiPib","BlockAdjDiffKernel","void BlockAdjDiffKernel<(int)256>(const int *, int *, bool)","(256, 1, 1)","(97657, 1, 1)","100000000 1000",0.0,0.0,100001004.0,0.0,100001004.0,784606592.0,564277.0,0.127454,0.17722,"fp16"
"h100-cuda-adjacent-cuda-blockadjdiffkernel-256-1-1-97657-1-1-100000000-1000","adjacent-cuda","adjacent","Language and kernel features","cuda","H100","_Z18BlockAdjDiffKernelILi256EEvPKiPib","BlockAdjDiffKernel","void BlockAdjDiffKernel<(int)256>(const int *, int *, bool)","(256, 1, 1)","(97657, 1, 1)","100000000 1000",0.0,0.0,0.0,0.0,0.0,779707051.0,259072.0,0.0,0.0,"int-only"
"3080-cuda-adjacent-cuda-blockadjdiffkernel-64-1-1-390625-1-1-100000000-1000","adjacent-cuda","adjacent","Language and kernel features","cuda","3080","_Z18BlockAdjDiffKernelILi64EEvPKiPib","BlockAdjDiffKernel","void BlockAdjDiffKernel<(int)64>(const int *, int *, bool)","(64, 1, 1)","(390625, 1, 1)","100000000 1000",0.0,0.0,0.0,0.0,0.0,799208790.0,1166165.0,0.0,0.0,"int-only"
"a10-cuda-adjacent-cuda-blockadjdiffkernel-64-1-1-390625-1-1-100000000-1000","adjacent-cuda","adjacent","Language and kernel features","cuda","A10","_Z18BlockAdjDiffKernelILi64EEvPKiPib","BlockAdjDiffKernel","void BlockAdjDiffKernel<(int)64>(const int *, int *, bool)","(64, 1, 1)","(390625, 1, 1)","100000000 1000",0.0,0.0,0.0,0.0,0.0,894343381.0,1628960.0,0.0,0.0,"int-only"
"a100-cuda-adjacent-cuda-blockadjdiffkernel-64-1-1-390625-1-1-100000000-1000","adjacent-cuda","adjacent","Language and kernel features","cuda","A100","_Z18BlockAdjDiffKernelILi64EEvPKiPib","BlockAdjDiffKernel","void BlockAdjDiffKernel<(int)64>(const int *, int *, bool)","(64, 1, 1)","(390625, 1, 1)","100000000 1000",0.0,0.0,100000953.0,0.0,100000953.0,784607232.0,565589.0,0.127454,0.176809,"fp16"
"h100-cuda-adjacent-cuda-blockadjdiffkernel-64-1-1-390625-1-1-100000000-1000","adjacent-cuda","adjacent","Language and kernel features","cuda","H100","_Z18BlockAdjDiffKernelILi64EEvPKiPib","BlockAdjDiffKernel","void BlockAdjDiffKernel<(int)64>(const int *, int *, bool)","(64, 1, 1)","(390625, 1, 1)","100000000 1000",0.0,0.0,0.0,0.0,0.0,779775574.0,260747.0,0.0,0.0,"int-only"
"3080-omp-adjacent-omp-z18blockadjdiffkernelili128eevpkipibi-l42-128-1-1-3200-1-1-100000000-1000","adjacent-omp","adjacent","Language and kernel features","omp","3080","_Z18BlockAdjDiffKernelILi128EEvPKiPibi_l42","Z18BlockAdjDiffKernelILi128EEvPKiPibi_l42","void BlockAdjDiffKernel<(int)128>(const int *, int *, bool, int):l42","(128, 1, 1)","(3200, 1, 1)","100000000 1000",0.0,0.0,0.0,0.0,0.0,883133013.0,1344053.0,0.0,0.0,"int-only"
"a10-omp-adjacent-omp-z18blockadjdiffkernelili128eevpkipibi-l42-128-1-1-3200-1-1-100000000-1000","adjacent-omp","adjacent","Language and kernel features","omp","A10","_Z18BlockAdjDiffKernelILi128EEvPKiPibi_l42","Z18BlockAdjDiffKernelILi128EEvPKiPibi_l42","void BlockAdjDiffKernel<(int)128>(const int *, int *, bool, int):l42","(128, 1, 1)","(3200, 1, 1)","100000000 1000",0.0,0.0,0.0,0.0,0.0,1014568064.0,1924896.0,0.0,0.0,"int-only"
"a100-omp-adjacent-omp-z18blockadjdiffkernelili128eevpkipibi-l42-128-1-1-3200-1-1-100000000-1000","adjacent-omp","adjacent","Language and kernel features","omp","A100","_Z18BlockAdjDiffKernelILi128EEvPKiPibi_l42","Z18BlockAdjDiffKernelILi128EEvPKiPibi_l42","void BlockAdjDiffKernel<(int)128>(const int *, int *, bool, int):l42","(128, 1, 1)","(3200, 1, 1)","100000000 1000",0.0,0.0,399998476.0,0.0,399998476.0,790059690.0,760928.0,0.506289,0.525672,"fp16"
"h100-omp-adjacent-omp-z18blockadjdiffkernelili128eevpkipibi-l42-128-1-1-3200-1-1-100000000-1000","adjacent-omp","adjacent","Language and kernel features","omp","H100","_Z18BlockAdjDiffKernelILi128EEvPKiPibi_l42","Z18BlockAdjDiffKernelILi128EEvPKiPibi_l42","void BlockAdjDiffKernel<(int)128>(const int *, int *, bool, int):l42","(128, 1, 1)","(3200, 1, 1)","100000000 1000",0.0,0.0,401577784.0,0.0,401577784.0,787191381.0,465365.0,0.51014,0.862931,"fp16"
"3080-omp-adjacent-omp-z18blockadjdiffkernelili256eevpkipibi-l42-128-1-1-3200-1-1-100000000-1000","adjacent-omp","adjacent","Language and kernel features","omp","3080","_Z18BlockAdjDiffKernelILi256EEvPKiPibi_l42","Z18BlockAdjDiffKernelILi256EEvPKiPibi_l42","void BlockAdjDiffKernel<(int)256>(const int *, int *, bool, int):l42","(128, 1, 1)","(3200, 1, 1)","100000000 1000",0.0,0.0,0.0,0.0,0.0,884917803.0,1353035.0,0.0,0.0,"int-only"
"a10-omp-adjacent-omp-z18blockadjdiffkernelili256eevpkipibi-l42-128-1-1-3200-1-1-100000000-1000","adjacent-omp","adjacent","Language and kernel features","omp","A10","_Z18BlockAdjDiffKernelILi256EEvPKiPibi_l42","Z18BlockAdjDiffKernelILi256EEvPKiPibi_l42","void BlockAdjDiffKernel<(int)256>(const int *, int *, bool, int):l42","(128, 1, 1)","(3200, 1, 1)","100000000 1000",0.0,0.0,0.0,0.0,0.0,1038281387.0,1934283.0,0.0,0.0,"int-only"
"a100-omp-adjacent-omp-z18blockadjdiffkernelili256eevpkipibi-l42-128-1-1-3200-1-1-100000000-1000","adjacent-omp","adjacent","Language and kernel features","omp","A100","_Z18BlockAdjDiffKernelILi256EEvPKiPibi_l42","Z18BlockAdjDiffKernelILi256EEvPKiPibi_l42","void BlockAdjDiffKernel<(int)256>(const int *, int *, bool, int):l42","(128, 1, 1)","(3200, 1, 1)","100000000 1000",0.0,0.0,400000877.0,0.0,400000877.0,794242688.0,738549.0,0.503626,0.541604,"fp16"
"h100-omp-adjacent-omp-z18blockadjdiffkernelili256eevpkipibi-l42-128-1-1-3200-1-1-100000000-1000","adjacent-omp","adjacent","Language and kernel features","omp","H100","_Z18BlockAdjDiffKernelILi256EEvPKiPibi_l42","Z18BlockAdjDiffKernelILi256EEvPKiPibi_l42","void BlockAdjDiffKernel<(int)256>(const int *, int *, bool, int):l42","(128, 1, 1)","(3200, 1, 1)","100000000 1000",0.0,0.0,400795703.0,0.0,400795703.0,790463232.0,431349.0,0.507039,0.929168,"fp16"
"3080-omp-adjacent-omp-z18blockadjdiffkernelili64eevpkipibi-l42-128-1-1-3200-1-1-100000000-1000","adjacent-omp","adjacent","Language and kernel features","omp","3080","_Z18BlockAdjDiffKernelILi64EEvPKiPibi_l42","Z18BlockAdjDiffKernelILi64EEvPKiPibi_l42","void BlockAdjDiffKernel<(int)64>(const int *, int *, bool, int):l42","(128, 1, 1)","(3200, 1, 1)","100000000 1000",0.0,0.0,0.0,0.0,0.0,854219136.0,1305483.0,0.0,0.0,"int-only"
"a10-omp-adjacent-omp-z18blockadjdiffkernelili64eevpkipibi-l42-128-1-1-3200-1-1-100000000-1000","adjacent-omp","adjacent","Language and kernel features","omp","A10","_Z18BlockAdjDiffKernelILi64EEvPKiPibi_l42","Z18BlockAdjDiffKernelILi64EEvPKiPibi_l42","void BlockAdjDiffKernel<(int)64>(const int *, int *, bool, int):l42","(128, 1, 1)","(3200, 1, 1)","100000000 1000",0.0,0.0,0.0,0.0,0.0,971782102.0,1911339.0,0.0,0.0,"int-only"
"a100-omp-adjacent-omp-z18blockadjdiffkernelili64eevpkipibi-l42-128-1-1-3200-1-1-100000000-1000","adjacent-omp","adjacent","Language and kernel features","omp","A100","_Z18BlockAdjDiffKernelILi64EEvPKiPibi_l42","Z18BlockAdjDiffKernelILi64EEvPKiPibi_l42","void BlockAdjDiffKernel<(int)64>(const int *, int *, bool, int):l42","(128, 1, 1)","(3200, 1, 1)","100000000 1000",0.0,0.0,400000694.0,0.0,400000694.0,789637248.0,831509.0,0.506563,0.481054,"fp16"
"h100-omp-adjacent-omp-z18blockadjdiffkernelili64eevpkipibi-l42-128-1-1-3200-1-1-100000000-1000","adjacent-omp","adjacent","Language and kernel features","omp","H100","_Z18BlockAdjDiffKernelILi64EEvPKiPibi_l42","Z18BlockAdjDiffKernelILi64EEvPKiPibi_l42","void BlockAdjDiffKernel<(int)64>(const int *, int *, bool, int):l42","(128, 1, 1)","(3200, 1, 1)","100000000 1000",0.0,0.0,403137760.0,0.0,403137760.0,786774699.0,557579.0,0.512393,0.723015,"fp16"
"3080-cuda-adv-cuda-advcubaturehex3d-16-16-1-16-1-1-16-16-16","adv-cuda","adv","Simulation","cuda","3080","_Z16advCubatureHex3DiPKdS0_S0_S0_iS0_Pd","advCubatureHex3D","advCubatureHex3D(int, const double *, const double *, const double *, const double *, int, const double *, double *)","(16, 16, 1)","(16, 1, 1)","16 16 16",0.0,30889161.0,0.0,0.0,30889161.0,13672533.0,390219.0,2.259213,0.079159,"fp64"
"a10-cuda-adv-cuda-advcubaturehex3d-16-16-1-16-1-1-16-16-16","adv-cuda","adv","Simulation","cuda","A10","_Z16advCubatureHex3DiPKdS0_S0_S0_iS0_Pd","advCubatureHex3D","advCubatureHex3D(int, const double *, const double *, const double *, const double *, int, const double *, double *)","(16, 16, 1)","(16, 1, 1)","16 16 16",0.0,30894337.0,0.0,0.0,30894337.0,13545899.0,633216.0,2.280715,0.04879,"fp64"
"a100-cuda-adv-cuda-advcubaturehex3d-16-16-1-16-1-1-16-16-16","adv-cuda","adv","Simulation","cuda","A100","_Z16advCubatureHex3DiPKdS0_S0_S0_iS0_Pd","advCubatureHex3D","advCubatureHex3D(int, const double *, const double *, const double *, const double *, int, const double *, double *)","(16, 16, 1)","(16, 1, 1)","16 16 16",0.0,30892185.0,0.0,0.0,30892185.0,5527083.0,156597.0,5.589238,0.197272,"fp64"
"h100-cuda-adv-cuda-advcubaturehex3d-16-16-1-16-1-1-16-16-16","adv-cuda","adv","Simulation","cuda","H100","_Z16advCubatureHex3DiPKdS0_S0_S0_iS0_Pd","advCubatureHex3D","advCubatureHex3D(int, const double *, const double *, const double *, const double *, int, const double *, double *)","(16, 16, 1)","(16, 1, 1)","16 16 16",0.0,30892162.0,0.0,0.0,30892162.0,5528576.0,103200.0,5.587725,0.299343,"fp64"
"3080-omp-adv-omp-main-l72-256-1-1-16-1-1-16-16-16","adv-omp","adv","Simulation","omp","3080","main_l72","main_l72","main:l72","(256, 1, 1)","(16, 1, 1)","16 16 16",0.0,28531107.0,0.0,0.0,28531107.0,27843285.0,397088.0,1.024703,0.071851,"fp64"
"a10-omp-adv-omp-main-l72-256-1-1-16-1-1-16-16-16","adv-omp","adv","Simulation","omp","A10","main_l72","main_l72","main:l72","(256, 1, 1)","(16, 1, 1)","16 16 16",0.0,28536776.0,0.0,0.0,28536776.0,23391147.0,644352.0,1.219982,0.044288,"fp64"
"a100-omp-adv-omp-main-l72-256-1-1-16-1-1-16-16-16","adv-omp","adv","Simulation","omp","A100","main_l72","main_l72","main:l72","(256, 1, 1)","(16, 1, 1)","16 16 16",0.0,28532530.0,16116.0,0.0,28548646.0,5525845.0,163563.0,5.166386,0.174542,"fp64"
"h100-omp-adv-omp-main-l72-256-1-1-16-1-1-16-16-16","adv-omp","adv","Simulation","omp","H100","main_l72","main_l72","main:l72","(256, 1, 1)","(16, 1, 1)","16 16 16",0.0,28532175.0,0.0,0.0,28532175.0,5527893.0,108171.0,5.161492,0.263769,"fp64"
"3080-cuda-affine-cuda-affine-16-16-1-32-32-1-data-ct-mono2-16-brain-raw-affine-omp-result-raw-1000000","affine-cuda","affine","Computer vision and image processing","cuda","3080","_Z6affinePKtPt","affine","affine(const unsigned short *, unsigned short *)","(16, 16, 1)","(32, 32, 1)","data/CT-MONO2-16-brain.raw ../affine-omp/result.raw 1000000",3879783.0,0.0,0.0,0.0,3879783.0,671061.0,4629.0,5.781565,0.838147,"fp32"
"a10-cuda-affine-cuda-affine-16-16-1-32-32-1-data-ct-mono2-16-brain-raw-affine-omp-result-raw-1000000","affine-cuda","affine","Computer vision and image processing","cuda","A10","_Z6affinePKtPt","affine","affine(const unsigned short *, unsigned short *)","(16, 16, 1)","(32, 32, 1)","data/CT-MONO2-16-brain.raw ../affine-omp/result.raw 1000000",3879806.0,0.0,0.0,0.0,3879806.0,804181.0,7157.0,4.824543,0.542099,"fp32"
"a100-cuda-affine-cuda-affine-16-16-1-32-32-1-data-ct-mono2-16-brain-raw-affine-omp-result-raw-1000000","affine-cuda","affine","Computer vision and image processing","cuda","A100","_Z6affinePKtPt","affine","affine(const unsigned short *, unsigned short *)","(16, 16, 1)","(32, 32, 1)","data/CT-MONO2-16-brain.raw ../affine-omp/result.raw 1000000",3879788.0,0.0,1048575.0,0.0,4928363.0,527744.0,5696.0,9.338549,0.865232,"fp32"
"h100-cuda-affine-cuda-affine-16-16-1-32-32-1-data-ct-mono2-16-brain-raw-affine-omp-result-raw-1000000","affine-cuda","affine","Computer vision and image processing","cuda","H100","_Z6affinePKtPt","affine","affine(const unsigned short *, unsigned short *)","(16, 16, 1)","(32, 32, 1)","data/CT-MONO2-16-brain.raw ../affine-omp/result.raw 1000000",3879797.0,0.0,0.0,0.0,3879797.0,527872.0,3989.0,7.349882,0.972624,"fp32"
"3080-omp-affine-omp-main-l80-256-1-1-1024-1-1-data-ct-mono2-16-brain-raw-result-raw-1000000","affine-omp","affine","Computer vision and image processing","omp","3080","main_l80","main_l80","main:l80","(256, 1, 1)","(1024, 1, 1)","data/CT-MONO2-16-brain.raw result.raw 1000000",25899890.0,0.0,0.0,0.0,25899890.0,731862.0,7925.0,35.389035,3.268125,"fp32"
"a10-omp-affine-omp-main-l80-256-1-1-1024-1-1-data-ct-mono2-16-brain-raw-result-raw-1000000","affine-omp","affine","Computer vision and image processing","omp","A10","main_l80","main_l80","main:l80","(256, 1, 1)","(1024, 1, 1)","data/CT-MONO2-16-brain.raw result.raw 1000000",25899868.0,0.0,0.0,0.0,25899868.0,849152.0,12459.0,30.500862,2.078808,"fp32"
"a100-omp-affine-omp-main-l80-256-1-1-1024-1-1-data-ct-mono2-16-brain-raw-result-raw-1000000","affine-omp","affine","Computer vision and image processing","omp","A100","main_l80","main_l80","main:l80","(256, 1, 1)","(1024, 1, 1)","data/CT-MONO2-16-brain.raw result.raw 1000000",25899869.0,0.0,1274449.0,0.0,27174318.0,532608.0,8192.0,51.021235,3.317177,"fp32"
"h100-omp-affine-omp-main-l80-256-1-1-1024-1-1-data-ct-mono2-16-brain-raw-result-raw-1000000","affine-omp","affine","Computer vision and image processing","omp","H100","main_l80","main_l80","main:l80","(256, 1, 1)","(1024, 1, 1)","data/CT-MONO2-16-brain.raw result.raw 1000000",25899924.0,0.0,5242908.0,0.0,31142832.0,532907.0,6027.0,58.439525,5.16722,"fp32"
"3080-cuda-aidw-cuda-aidw-kernel-256-1-1-40-1-1-10-1-100","aidw-cuda","aidw","Geoscience","cuda","3080","_Z11AIDW_KernelPKfS0_S0_iS0_S0_PfifS0_","AIDW_Kernel","AIDW_Kernel(const float *, const float *, const float *, int, const float *, const float *, float *, int, float, const float *)","(256, 1, 1)","(40, 1, 1)","10 1 100",943810297.0,0.0,0.0,0.0,943810297.0,253952.0,751232.0,3716.4909,1.25635,"fp32"
"a10-cuda-aidw-cuda-aidw-kernel-256-1-1-40-1-1-10-1-100","aidw-cuda","aidw","Geoscience","cuda","A10","_Z11AIDW_KernelPKfS0_S0_iS0_S0_PfifS0_","AIDW_Kernel","AIDW_Kernel(const float *, const float *, const float *, int, const float *, const float *, float *, int, float, const float *)","(256, 1, 1)","(40, 1, 1)","10 1 100",943816973.0,0.0,0.0,0.0,943816973.0,387328.0,1174880.0,2436.738302,0.803331,"fp32"
"a100-cuda-aidw-cuda-aidw-kernel-256-1-1-40-1-1-10-1-100","aidw-cuda","aidw","Geoscience","cuda","A100","_Z11AIDW_KernelPKfS0_S0_iS0_S0_PfifS0_","AIDW_Kernel","AIDW_Kernel(const float *, const float *, const float *, int, const float *, const float *, float *, int, float, const float *)","(256, 1, 1)","(40, 1, 1)","10 1 100",943806726.0,0.0,86264.0,0.0,943892990.0,251264.0,1123285.0,3756.578698,0.840297,"fp32"
"h100-cuda-aidw-cuda-aidw-kernel-256-1-1-40-1-1-10-1-100","aidw-cuda","aidw","Geoscience","cuda","H100","_Z11AIDW_KernelPKfS0_S0_iS0_S0_PfifS0_","AIDW_Kernel","AIDW_Kernel(const float *, const float *, const float *, int, const float *, const float *, float *, int, float, const float *)","(256, 1, 1)","(40, 1, 1)","10 1 100",943808599.0,0.0,122505.0,0.0,943931104.0,251563.0,642123.0,3752.265254,1.470016,"fp32"
"3080-cuda-aidw-cuda-aidw-kernel-tiled-256-1-1-40-1-1-10-1-100","aidw-cuda","aidw","Geoscience","cuda","3080","_Z17AIDW_Kernel_TiledPKfS0_S0_iS0_S0_PfifS0_","AIDW_Kernel_Tiled","AIDW_Kernel_Tiled(const float *, const float *, const float *, int, const float *, const float *, float *, int, float, const float *)","(256, 1, 1)","(40, 1, 1)","10 1 100",943812235.0,0.0,0.0,0.0,943812235.0,302080.0,426411.0,3124.378426,2.213386,"fp32"
"a10-cuda-aidw-cuda-aidw-kernel-tiled-256-1-1-40-1-1-10-1-100","aidw-cuda","aidw","Geoscience","cuda","A10","_Z17AIDW_Kernel_TiledPKfS0_S0_iS0_S0_PfifS0_","AIDW_Kernel_Tiled","AIDW_Kernel_Tiled(const float *, const float *, const float *, int, const float *, const float *, float *, int, float, const float *)","(256, 1, 1)","(40, 1, 1)","10 1 100",943809901.0,0.0,0.0,0.0,943809901.0,330624.0,693472.0,2854.632153,1.360992,"fp32"
"a100-cuda-aidw-cuda-aidw-kernel-tiled-256-1-1-40-1-1-10-1-100","aidw-cuda","aidw","Geoscience","cuda","A100","_Z17AIDW_Kernel_TiledPKfS0_S0_iS0_S0_PfifS0_","AIDW_Kernel_Tiled","AIDW_Kernel_Tiled(const float *, const float *, const float *, int, const float *, const float *, float *, int, float, const float *)","(256, 1, 1)","(40, 1, 1)","10 1 100",943811653.0,0.0,41397.0,0.0,943853050.0,299136.0,419307.0,3155.263994,2.250983,"fp32"
"h100-cuda-aidw-cuda-aidw-kernel-tiled-256-1-1-40-1-1-10-1-100","aidw-cuda","aidw","Geoscience","cuda","H100","_Z17AIDW_Kernel_TiledPKfS0_S0_iS0_S0_PfifS0_","AIDW_Kernel_Tiled","AIDW_Kernel_Tiled(const float *, const float *, const float *, int, const float *, const float *, float *, int, float, const float *)","(256, 1, 1)","(40, 1, 1)","10 1 100",943811078.0,0.0,42326.0,0.0,943853404.0,251989.0,266603.0,3745.613515,3.540296,"fp32"
"3080-omp-aidw-omp-z11aidw-kernelpkfs0-s0-is0-s0-pfifs0-l47-256-1-1-40-1-1-10-1-100","aidw-omp","aidw","Geoscience","omp","3080","_Z11AIDW_KernelPKfS0_S0_iS0_S0_PfifS0__l47","_Z11AIDW_KernelPKfS0_S0_iS0_S0_PfifS0__l47","AIDW_Kernel(const float *, const float *, const float *, int, const float *, const float *, float *, int, float, const float *):l47","(256, 1, 1)","(40, 1, 1)","10 1 100",7445771992.0,0.0,0.0,0.0,7445771992.0,271744.0,3622731.0,27399.949923,2.055293,"fp32"
"a10-omp-aidw-omp-z11aidw-kernelpkfs0-s0-is0-s0-pfifs0-l47-256-1-1-40-1-1-10-1-100","aidw-omp","aidw","Geoscience","omp","A10","_Z11AIDW_KernelPKfS0_S0_iS0_S0_PfifS0__l47","_Z11AIDW_KernelPKfS0_S0_iS0_S0_PfifS0__l47","AIDW_Kernel(const float *, const float *, const float *, int, const float *, const float *, float *, int, float, const float *):l47","(256, 1, 1)","(40, 1, 1)","10 1 100",7445773450.0,0.0,0.0,0.0,7445773450.0,410496.0,5770821.0,18138.479912,1.290245,"fp32"
"a100-omp-aidw-omp-z11aidw-kernelpkfs0-s0-is0-s0-pfifs0-l47-256-1-1-40-1-1-10-1-100","aidw-omp","aidw","Geoscience","omp","A100","_Z11AIDW_KernelPKfS0_S0_iS0_S0_PfifS0__l47","_Z11AIDW_KernelPKfS0_S0_iS0_S0_PfifS0__l47","AIDW_Kernel(const float *, const float *, const float *, int, const float *, const float *, float *, int, float, const float *):l47","(256, 1, 1)","(40, 1, 1)","10 1 100",7445773196.0,0.0,839015969.0,0.0,8284789165.0,262101.0,4766549.0,31609.147485,1.738111,"fp32"
"h100-omp-aidw-omp-z11aidw-kernelpkfs0-s0-is0-s0-pfifs0-l47-256-1-1-40-1-1-10-1-100","aidw-omp","aidw","Geoscience","omp","H100","_Z11AIDW_KernelPKfS0_S0_iS0_S0_PfifS0__l47","_Z11AIDW_KernelPKfS0_S0_iS0_S0_PfifS0__l47","AIDW_Kernel(const float *, const float *, const float *, int, const float *, const float *, float *, int, float, const float *):l47","(256, 1, 1)","(40, 1, 1)","10 1 100",7445788123.0,0.0,419561002.0,0.0,7865349125.0,353109.0,3503701.0,22274.564299,2.244869,"fp32"
"3080-cuda-aligned-types-cuda-testkernel-256-1-1-24414-1-1-nan","aligned-types-cuda","aligned-types","Language and kernel features","cuda","3080","_Z10testKernelI13uint2_alignedEvPT_PKS1_i","testKernel","void testKernel<uint2_aligned>(T1 *, const T1 *, int)","(256, 1, 1)","(24414, 1, 1)",NaN,0.0,0.0,0.0,0.0,0.0,99241344.0,147541.0,0.0,0.0,"int-only"
"a10-cuda-aligned-types-cuda-testkernel-256-1-1-24414-1-1-nan","aligned-types-cuda","aligned-types","Language and kernel features","cuda","A10","_Z10testKernelI13uint2_alignedEvPT_PKS1_i","testKernel","void testKernel<uint2_aligned>(T1 *, const T1 *, int)","(256, 1, 1)","(24414, 1, 1)",NaN,0.0,0.0,0.0,0.0,0.0,110509397.0,204608.0,0.0,0.0,"int-only"
"a100-cuda-aligned-types-cuda-testkernel-256-1-1-24414-1-1-nan","aligned-types-cuda","aligned-types","Language and kernel features","cuda","A100","_Z10testKernelI13uint2_alignedEvPT_PKS1_i","testKernel","void testKernel<uint2_aligned>(T1 *, const T1 *, int)","(256, 1, 1)","(24414, 1, 1)",NaN,0.0,0.0,24999882.0,0.0,24999882.0,86360448.0,65877.0,0.289483,0.379493,"fp16"
"h100-cuda-aligned-types-cuda-testkernel-256-1-1-24414-1-1-nan","aligned-types-cuda","aligned-types","Language and kernel features","cuda","H100","_Z10testKernelI13uint2_alignedEvPT_PKS1_i","testKernel","void testKernel<uint2_aligned>(T1 *, const T1 *, int)","(256, 1, 1)","(24414, 1, 1)",NaN,0.0,0.0,0.0,0.0,0.0,82169856.0,32853.0,0.0,0.0,"int-only"
"3080-cuda-aligned-types-cuda-testkernel-256-1-1-12207-1-1-nan","aligned-types-cuda","aligned-types","Language and kernel features","cuda","3080","_Z10testKernelI13uint3_alignedEvPT_PKS1_i","testKernel","void testKernel<uint3_aligned>(T1 *, const T1 *, int)","(256, 1, 1)","(12207, 1, 1)",NaN,0.0,0.0,0.0,0.0,0.0,99167403.0,146688.0,0.0,0.0,"int-only"
"a10-cuda-aligned-types-cuda-testkernel-256-1-1-12207-1-1-nan","aligned-types-cuda","aligned-types","Language and kernel features","cuda","A10","_Z10testKernelI13uint3_alignedEvPT_PKS1_i","testKernel","void testKernel<uint3_aligned>(T1 *, const T1 *, int)","(256, 1, 1)","(12207, 1, 1)",NaN,0.0,0.0,0.0,0.0,0.0,111395926.0,204576.0,0.0,0.0,"int-only"
"a100-cuda-aligned-types-cuda-testkernel-256-1-1-12207-1-1-nan","aligned-types-cuda","aligned-types","Language and kernel features","cuda","A100","_Z10testKernelI13uint3_alignedEvPT_PKS1_i","testKernel","void testKernel<uint3_aligned>(T1 *, const T1 *, int)","(256, 1, 1)","(12207, 1, 1)",NaN,0.0,0.0,12500178.0,0.0,12500178.0,83566933.0,62251.0,0.149583,0.200803,"fp16"
"h100-cuda-aligned-types-cuda-testkernel-256-1-1-12207-1-1-nan","aligned-types-cuda","aligned-types","Language and kernel features","cuda","H100","_Z10testKernelI13uint3_alignedEvPT_PKS1_i","testKernel","void testKernel<uint3_aligned>(T1 *, const T1 *, int)","(256, 1, 1)","(12207, 1, 1)",NaN,0.0,0.0,0.0,0.0,0.0,79608150.0,30805.0,0.0,0.0,"int-only"
"3080-cuda-aligned-types-cuda-testkernel-256-1-1-48828-1-1-nan","aligned-types-cuda","aligned-types","Language and kernel features","cuda","3080","_Z10testKernelI14uchar4_alignedEvPT_PKS1_i","testKernel","void testKernel<uchar4_aligned>(T1 *, const T1 *, int)","(256, 1, 1)","(48828, 1, 1)",NaN,0.0,0.0,0.0,0.0,0.0,99212160.0,145888.0,0.0,0.0,"int-only"
"a10-cuda-aligned-types-cuda-testkernel-256-1-1-48828-1-1-nan","aligned-types-cuda","aligned-types","Language and kernel features","cuda","A10","_Z10testKernelI14uchar4_alignedEvPT_PKS1_i","testKernel","void testKernel<uchar4_aligned>(T1 *, const T1 *, int)","(256, 1, 1)","(48828, 1, 1)",NaN,0.0,0.0,0.0,0.0,0.0,108774358.0,200661.0,0.0,0.0,"int-only"
"a100-cuda-aligned-types-cuda-testkernel-256-1-1-48828-1-1-nan","aligned-types-cuda","aligned-types","Language and kernel features","cuda","A100","_Z10testKernelI14uchar4_alignedEvPT_PKS1_i","testKernel","void testKernel<uchar4_aligned>(T1 *, const T1 *, int)","(256, 1, 1)","(48828, 1, 1)",NaN,0.0,0.0,49999882.0,0.0,49999882.0,87469312.0,73899.0,0.571628,0.676598,"fp16"
"h100-cuda-aligned-types-cuda-testkernel-256-1-1-48828-1-1-nan","aligned-types-cuda","aligned-types","Language and kernel features","cuda","H100","_Z10testKernelI14uchar4_alignedEvPT_PKS1_i","testKernel","void testKernel<uchar4_aligned>(T1 *, const T1 *, int)","(256, 1, 1)","(48828, 1, 1)",NaN,0.0,0.0,0.0,0.0,0.0,83803307.0,42645.0,0.0,0.0,"int-only"
"3080-cuda-aligned-types-cuda-testkernel-256-1-1-24414-1-1-nan","aligned-types-cuda","aligned-types","Language and kernel features","cuda","3080","_Z10testKernelI16uint2_misalignedEvPT_PKS1_i","testKernel","void testKernel<uint2_misaligned>(T1 *, const T1 *, int)","(256, 1, 1)","(24414, 1, 1)",NaN,0.0,0.0,0.0,0.0,0.0,99259179.0,147189.0,0.0,0.0,"int-only"
"a10-cuda-aligned-types-cuda-testkernel-256-1-1-24414-1-1-nan","aligned-types-cuda","aligned-types","Language and kernel features","cuda","A10","_Z10testKernelI16uint2_misalignedEvPT_PKS1_i","testKernel","void testKernel<uint2_misaligned>(T1 *, const T1 *, int)","(256, 1, 1)","(24414, 1, 1)",NaN,0.0,0.0,0.0,0.0,0.0,110544981.0,203669.0,0.0,0.0,"int-only"
"a100-cuda-aligned-types-cuda-testkernel-256-1-1-24414-1-1-nan","aligned-types-cuda","aligned-types","Language and kernel features","cuda","A100","_Z10testKernelI16uint2_misalignedEvPT_PKS1_i","testKernel","void testKernel<uint2_misaligned>(T1 *, const T1 *, int)","(256, 1, 1)","(24414, 1, 1)",NaN,0.0,0.0,24999960.0,0.0,24999960.0,86204203.0,66667.0,0.290009,0.374998,"fp16"
"h100-cuda-aligned-types-cuda-testkernel-256-1-1-24414-1-1-nan","aligned-types-cuda","aligned-types","Language and kernel features","cuda","H100","_Z10testKernelI16uint2_misalignedEvPT_PKS1_i","testKernel","void testKernel<uint2_misaligned>(T1 *, const T1 *, int)","(256, 1, 1)","(24414, 1, 1)",NaN,0.0,0.0,0.0,0.0,0.0,82393685.0,33013.0,0.0,0.0,"int-only"
"3080-cuda-aligned-types-cuda-testkernel-256-1-1-16276-1-1-nan","aligned-types-cuda","aligned-types","Language and kernel features","cuda","3080","_Z10testKernelI16uint3_misalignedEvPT_PKS1_i","testKernel","void testKernel<uint3_misaligned>(T1 *, const T1 *, int)","(256, 1, 1)","(16276, 1, 1)",NaN,0.0,0.0,0.0,0.0,0.0,99222869.0,146539.0,0.0,0.0,"int-only"
"a10-cuda-aligned-types-cuda-testkernel-256-1-1-16276-1-1-nan","aligned-types-cuda","aligned-types","Language and kernel features","cuda","A10","_Z10testKernelI16uint3_misalignedEvPT_PKS1_i","testKernel","void testKernel<uint3_misaligned>(T1 *, const T1 *, int)","(256, 1, 1)","(16276, 1, 1)",NaN,0.0,0.0,0.0,0.0,0.0,111625813.0,204800.0,0.0,0.0,"int-only"
"a100-cuda-aligned-types-cuda-testkernel-256-1-1-16276-1-1-nan","aligned-types-cuda","aligned-types","Language and kernel features","cuda","A100","_Z10testKernelI16uint3_misalignedEvPT_PKS1_i","testKernel","void testKernel<uint3_misaligned>(T1 *, const T1 *, int)","(256, 1, 1)","(16276, 1, 1)",NaN,0.0,0.0,16666476.0,0.0,16666476.0,84977194.0,67723.0,0.196129,0.246098,"fp16"
"h100-cuda-aligned-types-cuda-testkernel-256-1-1-16276-1-1-nan","aligned-types-cuda","aligned-types","Language and kernel features","cuda","H100","_Z10testKernelI16uint3_misalignedEvPT_PKS1_i","testKernel","void testKernel<uint3_misaligned>(T1 *, const T1 *, int)","(256, 1, 1)","(16276, 1, 1)",NaN,0.0,0.0,0.0,0.0,0.0,80771670.0,31392.0,0.0,0.0,"int-only"
"3080-cuda-aligned-types-cuda-testkernel-256-1-1-48828-1-1-nan","aligned-types-cuda","aligned-types","Language and kernel features","cuda","3080","_Z10testKernelI17uchar4_misalignedEvPT_PKS1_i","testKernel","void testKernel<uchar4_misaligned>(T1 *, const T1 *, int)","(256, 1, 1)","(48828, 1, 1)",NaN,0.0,0.0,0.0,0.0,0.0,99278848.0,144960.0,0.0,0.0,"int-only"
"a10-cuda-aligned-types-cuda-testkernel-256-1-1-48828-1-1-nan","aligned-types-cuda","aligned-types","Language and kernel features","cuda","A10","_Z10testKernelI17uchar4_misalignedEvPT_PKS1_i","testKernel","void testKernel<uchar4_misaligned>(T1 *, const T1 *, int)","(256, 1, 1)","(48828, 1, 1)",NaN,0.0,0.0,0.0,0.0,0.0,109233493.0,198720.0,0.0,0.0,"int-only"
"a100-cuda-aligned-types-cuda-testkernel-256-1-1-48828-1-1-nan","aligned-types-cuda","aligned-types","Language and kernel features","cuda","A100","_Z10testKernelI17uchar4_misalignedEvPT_PKS1_i","testKernel","void testKernel<uchar4_misaligned>(T1 *, const T1 *, int)","(256, 1, 1)","(48828, 1, 1)",NaN,0.0,0.0,49999794.0,0.0,49999794.0,86436565.0,87915.0,0.578457,0.568729,"fp16"
"h100-cuda-aligned-types-cuda-testkernel-256-1-1-48828-1-1-nan","aligned-types-cuda","aligned-types","Language and kernel features","cuda","H100","_Z10testKernelI17uchar4_misalignedEvPT_PKS1_i","testKernel","void testKernel<uchar4_misaligned>(T1 *, const T1 *, int)","(256, 1, 1)","(48828, 1, 1)",NaN,0.0,0.0,0.0,0.0,0.0,84080299.0,47307.0,0.0,0.0,"int-only"
"3080-cuda-aligned-types-cuda-char-256-1-1-195312-1-1-nan","aligned-types-cuda","aligned-types","Language and kernel features","cuda","3080","_Z10testKernelIhEvPT_PKS0_i","char>","void testKernel<unsigned char>(T1 *, const T1 *, int)","(256, 1, 1)","(195312, 1, 1)",NaN,0.0,0.0,0.0,0.0,0.0,99368405.0,305525.0,0.0,0.0,"int-only"
"a10-cuda-aligned-types-cuda-char-256-1-1-195312-1-1-nan","aligned-types-cuda","aligned-types","Language and kernel features","cuda","A10","_Z10testKernelIhEvPT_PKS0_i","char>","void testKernel<unsigned char>(T1 *, const T1 *, int)","(256, 1, 1)","(195312, 1, 1)",NaN,0.0,0.0,0.0,0.0,0.0,113253803.0,444491.0,0.0,0.0,"int-only"
"a100-cuda-aligned-types-cuda-char-256-1-1-195312-1-1-nan","aligned-types-cuda","aligned-types","Language and kernel features","cuda","A100","_Z10testKernelIhEvPT_PKS0_i","char>","void testKernel<unsigned char>(T1 *, const T1 *, int)","(256, 1, 1)","(195312, 1, 1)",NaN,0.0,0.0,0.0,0.0,0.0,88456747.0,234016.0,0.0,0.0,"int-only"
"h100-cuda-aligned-types-cuda-char-256-1-1-195312-1-1-nan","aligned-types-cuda","aligned-types","Language and kernel features","cuda","H100","_Z10testKernelIhEvPT_PKS0_i","char>","void testKernel<unsigned char>(T1 *, const T1 *, int)","(256, 1, 1)","(195312, 1, 1)",NaN,0.0,0.0,0.0,0.0,0.0,84629078.0,129440.0,0.0,0.0,"int-only"
"3080-cuda-aligned-types-cuda-int-256-1-1-48828-1-1-nan","aligned-types-cuda","aligned-types","Language and kernel features","cuda","3080","_Z10testKernelIjEvPT_PKS0_i","int>","void testKernel<unsigned int>(T1 *, const T1 *, int)","(256, 1, 1)","(48828, 1, 1)",NaN,0.0,0.0,0.0,0.0,0.0,99179989.0,146763.0,0.0,0.0,"int-only"
"a10-cuda-aligned-types-cuda-int-256-1-1-48828-1-1-nan","aligned-types-cuda","aligned-types","Language and kernel features","cuda","A10","_Z10testKernelIjEvPT_PKS0_i","int>","void testKernel<unsigned int>(T1 *, const T1 *, int)","(256, 1, 1)","(48828, 1, 1)",NaN,0.0,0.0,0.0,0.0,0.0,108818944.0,200075.0,0.0,0.0,"int-only"
"a100-cuda-aligned-types-cuda-int-256-1-1-48828-1-1-nan","aligned-types-cuda","aligned-types","Language and kernel features","cuda","A100","_Z10testKernelIjEvPT_PKS0_i","int>","void testKernel<unsigned int>(T1 *, const T1 *, int)","(256, 1, 1)","(48828, 1, 1)",NaN,0.0,0.0,50000109.0,0.0,50000109.0,87460053.0,74123.0,0.571691,0.674556,"fp16"
"h100-cuda-aligned-types-cuda-int-256-1-1-48828-1-1-nan","aligned-types-cuda","aligned-types","Language and kernel features","cuda","H100","_Z10testKernelIjEvPT_PKS0_i","int>","void testKernel<unsigned int>(T1 *, const T1 *, int)","(256, 1, 1)","(48828, 1, 1)",NaN,0.0,0.0,0.0,0.0,0.0,83804331.0,42357.0,0.0,0.0,"int-only"
"3080-cuda-aligned-types-cuda-short-256-1-1-97656-1-1-nan","aligned-types-cuda","aligned-types","Language and kernel features","cuda","3080","_Z10testKernelItEvPT_PKS0_i","short>","void testKernel<unsigned short>(T1 *, const T1 *, int)","(256, 1, 1)","(97656, 1, 1)",NaN,0.0,0.0,0.0,0.0,0.0,99320491.0,173589.0,0.0,0.0,"int-only"
"a10-cuda-aligned-types-cuda-short-256-1-1-97656-1-1-nan","aligned-types-cuda","aligned-types","Language and kernel features","cuda","A10","_Z10testKernelItEvPT_PKS0_i","short>","void testKernel<unsigned short>(T1 *, const T1 *, int)","(256, 1, 1)","(97656, 1, 1)",NaN,0.0,0.0,0.0,0.0,0.0,110494720.0,243573.0,0.0,0.0,"int-only"
"a100-cuda-aligned-types-cuda-short-256-1-1-97656-1-1-nan","aligned-types-cuda","aligned-types","Language and kernel features","cuda","A100","_Z10testKernelItEvPT_PKS0_i","short>","void testKernel<unsigned short>(T1 *, const T1 *, int)","(256, 1, 1)","(97656, 1, 1)",NaN,0.0,0.0,99999920.0,0.0,99999920.0,88204458.0,122955.0,1.133729,0.813305,"fp16"
"h100-cuda-aligned-types-cuda-short-256-1-1-97656-1-1-nan","aligned-types-cuda","aligned-types","Language and kernel features","cuda","H100","_Z10testKernelItEvPT_PKS0_i","short>","void testKernel<unsigned short>(T1 *, const T1 *, int)","(256, 1, 1)","(97656, 1, 1)",NaN,0.0,0.0,0.0,0.0,0.0,84395008.0,72576.0,0.0,0.0,"int-only"
"3080-omp-aligned-types-omp-ii-l196-256-1-1-3200-1-1-nan","aligned-types-omp","aligned-types","Language and kernel features","omp","3080","_Z7runTestI14uchar4_alignedEiPhS1_ii_l196","ii_l196","int runTest<uchar4_aligned>(unsigned char *, unsigned char *, int, int):l196","(256, 1, 1)","(3200, 1, 1)",NaN,0.0,0.0,0.0,0.0,0.0,99369365.0,149083.0,0.0,0.0,"int-only"
"a10-omp-aligned-types-omp-ii-l196-256-1-1-3200-1-1-nan","aligned-types-omp","aligned-types","Language and kernel features","omp","A10","_Z7runTestI14uchar4_alignedEiPhS1_ii_l196","ii_l196","int runTest<uchar4_aligned>(unsigned char *, unsigned char *, int, int):l196","(256, 1, 1)","(3200, 1, 1)",NaN,0.0,0.0,0.0,0.0,0.0,110232298.0,206443.0,0.0,0.0,"int-only"
"a100-omp-aligned-types-omp-ii-l196-256-1-1-3200-1-1-nan","aligned-types-omp","aligned-types","Language and kernel features","omp","A100","_Z7runTestI14uchar4_alignedEiPhS1_ii_l196","ii_l196","int runTest<uchar4_aligned>(unsigned char *, unsigned char *, int, int):l196","(256, 1, 1)","(3200, 1, 1)",NaN,0.0,0.0,49999786.0,0.0,49999786.0,87492160.0,89568.0,0.571477,0.558233,"fp16"
"h100-omp-aligned-types-omp-ii-l196-256-1-1-3200-1-1-nan","aligned-types-omp","aligned-types","Language and kernel features","omp","H100","_Z7runTestI14uchar4_alignedEiPhS1_ii_l196","ii_l196","int runTest<uchar4_aligned>(unsigned char *, unsigned char *, int, int):l196","(256, 1, 1)","(3200, 1, 1)",NaN,0.0,0.0,0.0,0.0,0.0,83900501.0,55579.0,0.0,0.0,"int-only"
"3080-omp-aligned-types-omp-ii-l196-256-1-1-3200-1-1-nan","aligned-types-omp","aligned-types","Language and kernel features","omp","3080","_Z7runTestI17uchar4_misalignedEiPhS1_ii_l196","ii_l196","int runTest<uchar4_misaligned>(unsigned char *, unsigned char *, int, int):l196","(256, 1, 1)","(3200, 1, 1)",NaN,0.0,0.0,0.0,0.0,0.0,99435200.0,153157.0,0.0,0.0,"int-only"
"a10-omp-aligned-types-omp-ii-l196-256-1-1-3200-1-1-nan","aligned-types-omp","aligned-types","Language and kernel features","omp","A10","_Z7runTestI17uchar4_misalignedEiPhS1_ii_l196","ii_l196","int runTest<uchar4_misaligned>(unsigned char *, unsigned char *, int, int):l196","(256, 1, 1)","(3200, 1, 1)",NaN,0.0,0.0,0.0,0.0,0.0,111371029.0,218048.0,0.0,0.0,"int-only"
"a100-omp-aligned-types-omp-ii-l196-256-1-1-3200-1-1-nan","aligned-types-omp","aligned-types","Language and kernel features","omp","A100","_Z7runTestI17uchar4_misalignedEiPhS1_ii_l196","ii_l196","int runTest<uchar4_misaligned>(unsigned char *, unsigned char *, int, int):l196","(256, 1, 1)","(3200, 1, 1)",NaN,0.0,0.0,49999836.0,0.0,49999836.0,86260331.0,111205.0,0.579639,0.449619,"fp16"
"h100-omp-aligned-types-omp-ii-l196-256-1-1-3200-1-1-nan","aligned-types-omp","aligned-types","Language and kernel features","omp","H100","_Z7runTestI17uchar4_misalignedEiPhS1_ii_l196","ii_l196","int runTest<uchar4_misaligned>(unsigned char *, unsigned char *, int, int):l196","(256, 1, 1)","(3200, 1, 1)",NaN,0.0,0.0,0.0,0.0,0.0,84404779.0,60917.0,0.0,0.0,"int-only"
"3080-omp-aligned-types-omp-ii-l187-256-1-1-3200-1-1-nan","aligned-types-omp","aligned-types","Language and kernel features","omp","3080","_Z7runTestIhEiPhS0_ii_l187","ii_l187","int runTest<unsigned char>(unsigned char *, unsigned char *, int, int):l187","(256, 1, 1)","(3200, 1, 1)",NaN,0.0,0.0,0.0,0.0,0.0,49238954.0,244917.0,0.0,0.0,"int-only"
"a10-omp-aligned-types-omp-ii-l187-256-1-1-3200-1-1-nan","aligned-types-omp","aligned-types","Language and kernel features","omp","A10","_Z7runTestIhEiPhS0_ii_l187","ii_l187","int runTest<unsigned char>(unsigned char *, unsigned char *, int, int):l187","(256, 1, 1)","(3200, 1, 1)",NaN,0.0,0.0,0.0,0.0,0.0,57952299.0,374965.0,0.0,0.0,"int-only"
"a100-omp-aligned-types-omp-ii-l187-256-1-1-3200-1-1-nan","aligned-types-omp","aligned-types","Language and kernel features","omp","A100","_Z7runTestIhEiPhS0_ii_l187","ii_l187","int runTest<unsigned char>(unsigned char *, unsigned char *, int, int):l187","(256, 1, 1)","(3200, 1, 1)",NaN,0.0,0.0,0.0,0.0,0.0,33078742.0,183008.0,0.0,0.0,"int-only"
"h100-omp-aligned-types-omp-ii-l187-256-1-1-3200-1-1-nan","aligned-types-omp","aligned-types","Language and kernel features","omp","H100","_Z7runTestIhEiPhS0_ii_l187","ii_l187","int runTest<unsigned char>(unsigned char *, unsigned char *, int, int):l187","(256, 1, 1)","(3200, 1, 1)",NaN,0.0,0.0,0.0,0.0,0.0,28295851.0,111147.0,0.0,0.0,"int-only"
"3080-omp-aligned-types-omp-ii-l196-256-1-1-3200-1-1-nan","aligned-types-omp","aligned-types","Language and kernel features","omp","3080","_Z7runTestIhEiPhS0_ii_l196","ii_l196","int runTest<unsigned char>(unsigned char *, unsigned char *, int, int):l196","(256, 1, 1)","(3200, 1, 1)",NaN,0.0,0.0,0.0,0.0,0.0,99578240.0,373259.0,0.0,0.0,"int-only"
"a10-omp-aligned-types-omp-ii-l196-256-1-1-3200-1-1-nan","aligned-types-omp","aligned-types","Language and kernel features","omp","A10","_Z7runTestIhEiPhS0_ii_l196","ii_l196","int runTest<unsigned char>(unsigned char *, unsigned char *, int, int):l196","(256, 1, 1)","(3200, 1, 1)",NaN,0.0,0.0,0.0,0.0,0.0,118333312.0,560619.0,0.0,0.0,"int-only"
"a100-omp-aligned-types-omp-ii-l196-256-1-1-3200-1-1-nan","aligned-types-omp","aligned-types","Language and kernel features","omp","A100","_Z7runTestIhEiPhS0_ii_l196","ii_l196","int runTest<unsigned char>(unsigned char *, unsigned char *, int, int):l196","(256, 1, 1)","(3200, 1, 1)",NaN,0.0,0.0,0.0,0.0,0.0,88398592.0,284235.0,0.0,0.0,"int-only"
"h100-omp-aligned-types-omp-ii-l196-256-1-1-3200-1-1-nan","aligned-types-omp","aligned-types","Language and kernel features","omp","H100","_Z7runTestIhEiPhS0_ii_l196","ii_l196","int runTest<unsigned char>(unsigned char *, unsigned char *, int, int):l196","(256, 1, 1)","(3200, 1, 1)",NaN,0.0,0.0,0.0,0.0,0.0,85174954.0,179488.0,0.0,0.0,"int-only"
"3080-omp-aligned-types-omp-ii-l196-256-1-1-3200-1-1-nan","aligned-types-omp","aligned-types","Language and kernel features","omp","3080","_Z7runTestIjEiPhS0_ii_l196","ii_l196","int runTest<unsigned int>(unsigned char *, unsigned char *, int, int):l196","(256, 1, 1)","(3200, 1, 1)",NaN,0.0,0.0,0.0,0.0,0.0,99372522.0,149259.0,0.0,0.0,"int-only"
"a10-omp-aligned-types-omp-ii-l196-256-1-1-3200-1-1-nan","aligned-types-omp","aligned-types","Language and kernel features","omp","A10","_Z7runTestIjEiPhS0_ii_l196","ii_l196","int runTest<unsigned int>(unsigned char *, unsigned char *, int, int):l196","(256, 1, 1)","(3200, 1, 1)",NaN,0.0,0.0,0.0,0.0,0.0,110245973.0,206155.0,0.0,0.0,"int-only"
"a100-omp-aligned-types-omp-ii-l196-256-1-1-3200-1-1-nan","aligned-types-omp","aligned-types","Language and kernel features","omp","A100","_Z7runTestIjEiPhS0_ii_l196","ii_l196","int runTest<unsigned int>(unsigned char *, unsigned char *, int, int):l196","(256, 1, 1)","(3200, 1, 1)",NaN,0.0,0.0,50000132.0,0.0,50000132.0,87464512.0,89936.0,0.571662,0.555952,"fp16"
"h100-omp-aligned-types-omp-ii-l196-256-1-1-3200-1-1-nan","aligned-types-omp","aligned-types","Language and kernel features","omp","H100","_Z7runTestIjEiPhS0_ii_l196","ii_l196","int runTest<unsigned int>(unsigned char *, unsigned char *, int, int):l196","(256, 1, 1)","(3200, 1, 1)",NaN,0.0,0.0,0.0,0.0,0.0,83904341.0,55509.0,0.0,0.0,"int-only"
"3080-omp-aligned-types-omp-ii-l196-256-1-1-3200-1-1-nan","aligned-types-omp","aligned-types","Language and kernel features","omp","3080","_Z7runTestItEiPhS0_ii_l196","ii_l196","int runTest<unsigned short>(unsigned char *, unsigned char *, int, int):l196","(256, 1, 1)","(3200, 1, 1)",NaN,0.0,0.0,0.0,0.0,0.0,99476438.0,204304.0,0.0,0.0,"int-only"
"a10-omp-aligned-types-omp-ii-l196-256-1-1-3200-1-1-nan","aligned-types-omp","aligned-types","Language and kernel features","omp","A10","_Z7runTestItEiPhS0_ii_l196","ii_l196","int runTest<unsigned short>(unsigned char *, unsigned char *, int, int):l196","(256, 1, 1)","(3200, 1, 1)",NaN,0.0,0.0,0.0,0.0,0.0,115940651.0,298688.0,0.0,0.0,"int-only"
"a100-omp-aligned-types-omp-ii-l196-256-1-1-3200-1-1-nan","aligned-types-omp","aligned-types","Language and kernel features","omp","A100","_Z7runTestItEiPhS0_ii_l196","ii_l196","int runTest<unsigned short>(unsigned char *, unsigned char *, int, int):l196","(256, 1, 1)","(3200, 1, 1)",NaN,0.0,0.0,99999683.0,0.0,99999683.0,88285610.0,154624.0,1.132684,0.646728,"fp16"
"h100-omp-aligned-types-omp-ii-l196-256-1-1-3200-1-1-nan","aligned-types-omp","aligned-types","Language and kernel features","omp","H100","_Z7runTestItEiPhS0_ii_l196","ii_l196","int runTest<unsigned short>(unsigned char *, unsigned char *, int, int):l196","(256, 1, 1)","(3200, 1, 1)",NaN,0.0,0.0,0.0,0.0,0.0,85051776.0,96773.0,0.0,0.0,"int-only"
"3080-cuda-all-pairs-distance-cuda-k1-128-1-1-224-224-1-1000","all-pairs-distance-cuda","all-pairs-distance","Bioinformatics","cuda","3080","_Z2k1PKcPi","k1","k1(const char *, int *)","(128, 1, 1)","(224, 224, 1)","1000",0.0,0.0,0.0,0.0,0.0,1172565.0,226453.0,0.0,0.0,"int-only"
"a10-cuda-all-pairs-distance-cuda-k1-128-1-1-224-224-1-1000","all-pairs-distance-cuda","all-pairs-distance","Bioinformatics","cuda","A10","_Z2k1PKcPi","k1","k1(const char *, int *)","(128, 1, 1)","(224, 224, 1)","1000",0.0,0.0,0.0,0.0,0.0,1586005.0,336715.0,0.0,0.0,"int-only"
"a100-cuda-all-pairs-distance-cuda-k1-128-1-1-224-224-1-1000","all-pairs-distance-cuda","all-pairs-distance","Bioinformatics","cuda","A100","_Z2k1PKcPi","k1","k1(const char *, int *)","(128, 1, 1)","(224, 224, 1)","1000",0.0,0.0,0.0,0.0,0.0,1123968.0,164181.0,0.0,0.0,"int-only"
"h100-cuda-all-pairs-distance-cuda-k1-128-1-1-224-224-1-1000","all-pairs-distance-cuda","all-pairs-distance","Bioinformatics","cuda","H100","_Z2k1PKcPi","k1","k1(const char *, int *)","(128, 1, 1)","(224, 224, 1)","1000",0.0,0.0,0.0,0.0,0.0,1124011.0,86688.0,0.0,0.0,"int-only"
"3080-cuda-all-pairs-distance-cuda-k2-128-1-1-224-224-1-1000","all-pairs-distance-cuda","all-pairs-distance","Bioinformatics","cuda","3080","_Z2k2PKcPi","k2","k2(const char *, int *)","(128, 1, 1)","(224, 224, 1)","1000",0.0,0.0,0.0,0.0,0.0,970069.0,218027.0,0.0,0.0,"int-only"
"a10-cuda-all-pairs-distance-cuda-k2-128-1-1-224-224-1-1000","all-pairs-distance-cuda","all-pairs-distance","Bioinformatics","cuda","A10","_Z2k2PKcPi","k2","k2(const char *, int *)","(128, 1, 1)","(224, 224, 1)","1000",0.0,0.0,0.0,0.0,0.0,1114794.0,332693.0,0.0,0.0,"int-only"
"a100-cuda-all-pairs-distance-cuda-k2-128-1-1-224-224-1-1000","all-pairs-distance-cuda","all-pairs-distance","Bioinformatics","cuda","A100","_Z2k2PKcPi","k2","k2(const char *, int *)","(128, 1, 1)","(224, 224, 1)","1000",0.0,0.0,200479.0,0.0,200479.0,987520.0,159147.0,0.203013,0.00126,"fp16"
"h100-cuda-all-pairs-distance-cuda-k2-128-1-1-224-224-1-1000","all-pairs-distance-cuda","all-pairs-distance","Bioinformatics","cuda","H100","_Z2k2PKcPi","k2","k2(const char *, int *)","(128, 1, 1)","(224, 224, 1)","1000",0.0,0.0,0.0,0.0,0.0,923819.0,82304.0,0.0,0.0,"int-only"
"3080-cuda-all-pairs-distance-cuda-k3-128-1-1-224-224-1-1000","all-pairs-distance-cuda","all-pairs-distance","Bioinformatics","cuda","3080","_Z2k3PKcPi","k3","k3(const char *, int *)","(128, 1, 1)","(224, 224, 1)","1000",0.0,0.0,0.0,0.0,0.0,971093.0,184992.0,0.0,0.0,"int-only"
"a10-cuda-all-pairs-distance-cuda-k3-128-1-1-224-224-1-1000","all-pairs-distance-cuda","all-pairs-distance","Bioinformatics","cuda","A10","_Z2k3PKcPi","k3","k3(const char *, int *)","(128, 1, 1)","(224, 224, 1)","1000",0.0,0.0,0.0,0.0,0.0,1117525.0,282603.0,0.0,0.0,"int-only"
"a100-cuda-all-pairs-distance-cuda-k3-128-1-1-224-224-1-1000","all-pairs-distance-cuda","all-pairs-distance","Bioinformatics","cuda","A100","_Z2k3PKcPi","k3","k3(const char *, int *)","(128, 1, 1)","(224, 224, 1)","1000",0.0,0.0,25890872.0,0.0,25890872.0,995456.0,155733.0,26.009057,0.166252,"fp16"
"h100-cuda-all-pairs-distance-cuda-k3-128-1-1-224-224-1-1000","all-pairs-distance-cuda","all-pairs-distance","Bioinformatics","cuda","H100","_Z2k3PKcPi","k3","k3(const char *, int *)","(128, 1, 1)","(224, 224, 1)","1000",0.0,0.0,25689902.0,0.0,25689902.0,923392.0,80981.0,27.821231,0.317234,"fp16"
"3080-omp-all-pairs-distance-omp-main-l150-128-1-1-50176-1-1-1000","all-pairs-distance-omp","all-pairs-distance","Bioinformatics","omp","3080","main_l150","main_l150","main:l150","(128, 1, 1)","(50176, 1, 1)","1000",0.0,0.0,0.0,0.0,0.0,953131.0,469675.0,0.0,0.0,"int-only"
"a10-omp-all-pairs-distance-omp-main-l150-128-1-1-50176-1-1-1000","all-pairs-distance-omp","all-pairs-distance","Bioinformatics","omp","A10","main_l150","main_l150","main:l150","(128, 1, 1)","(50176, 1, 1)","1000",0.0,0.0,0.0,0.0,0.0,1163349.0,721600.0,0.0,0.0,"int-only"
"a100-omp-all-pairs-distance-omp-main-l150-128-1-1-50176-1-1-1000","all-pairs-distance-omp","all-pairs-distance","Bioinformatics","omp","A100","main_l150","main_l150","main:l150","(128, 1, 1)","(50176, 1, 1)","1000",0.0,0.0,0.0,0.0,0.0,953258.0,256576.0,0.0,0.0,"int-only"
"h100-omp-all-pairs-distance-omp-main-l150-128-1-1-50176-1-1-1000","all-pairs-distance-omp","all-pairs-distance","Bioinformatics","omp","H100","main_l150","main_l150","main:l150","(128, 1, 1)","(50176, 1, 1)","1000",0.0,0.0,199738.0,0.0,199738.0,923819.0,134176.0,0.216209,0.001489,"fp16"
"3080-omp-all-pairs-distance-omp-main-l97-128-1-1-50176-1-1-1000","all-pairs-distance-omp","all-pairs-distance","Bioinformatics","omp","3080","main_l97","main_l97","main:l97","(128, 1, 1)","(50176, 1, 1)","1000",0.0,0.0,0.0,0.0,0.0,1442987.0,685195.0,0.0,0.0,"int-only"
"a10-omp-all-pairs-distance-omp-main-l97-128-1-1-50176-1-1-1000","all-pairs-distance-omp","all-pairs-distance","Bioinformatics","omp","A10","main_l97","main_l97","main:l97","(128, 1, 1)","(50176, 1, 1)","1000",0.0,0.0,0.0,0.0,0.0,1735893.0,1049067.0,0.0,0.0,"int-only"
"a100-omp-all-pairs-distance-omp-main-l97-128-1-1-50176-1-1-1000","all-pairs-distance-omp","all-pairs-distance","Bioinformatics","omp","A100","main_l97","main_l97","main:l97","(128, 1, 1)","(50176, 1, 1)","1000",0.0,0.0,25690164.0,0.0,25690164.0,1123755.0,345152.0,22.861001,0.074431,"fp16"
"h100-omp-all-pairs-distance-omp-main-l97-128-1-1-50176-1-1-1000","all-pairs-distance-omp","all-pairs-distance","Bioinformatics","omp","H100","main_l97","main_l97","main:l97","(128, 1, 1)","(50176, 1, 1)","1000",0.0,0.0,200665.0,0.0,200665.0,1124864.0,185813.0,0.17839,0.00108,"fp16"
"3080-cuda-amgmk-cuda-relax-256-1-1-489-1-1-nan","amgmk-cuda","amgmk","Simulation","cuda","3080","_Z5relaxPKdPKiS2_PdS0_i","relax","relax(const double *, const int *, const int *, double *, const double *, int)","(256, 1, 1)","(489, 1, 1)",NaN,250176.0,3345059.0,0.0,0.0,3595235.0,24727894.0,44885.0,0.145392,0.080099,"fp64"
"a10-cuda-amgmk-cuda-relax-256-1-1-489-1-1-nan","amgmk-cuda","amgmk","Simulation","cuda","A10","_Z5relaxPKdPKiS2_PdS0_i","relax","relax(const double *, const int *, const int *, double *, const double *, int)","(256, 1, 1)","(489, 1, 1)",NaN,250012.0,3344789.0,0.0,0.0,3594801.0,29585664.0,64597.0,0.121505,0.05565,"fp64"
"a100-cuda-amgmk-cuda-relax-256-1-1-489-1-1-nan","amgmk-cuda","amgmk","Simulation","cuda","A100","_Z5relaxPKdPKiS2_PdS0_i","relax","relax(const double *, const int *, const int *, double *, const double *, int)","(256, 1, 1)","(489, 1, 1)",NaN,249985.0,3345038.0,999997.0,0.0,4595020.0,12827819.0,15851.0,0.358207,0.289888,"fp64"
"h100-cuda-amgmk-cuda-relax-256-1-1-489-1-1-nan","amgmk-cuda","amgmk","Simulation","cuda","H100","_Z5relaxPKdPKiS2_PdS0_i","relax","relax(const double *, const int *, const int *, double *, const double *, int)","(256, 1, 1)","(489, 1, 1)",NaN,250030.0,3344996.0,0.0,0.0,3595026.0,12832512.0,8789.0,0.28015,0.409037,"fp64"
"3080-omp-amgmk-omp-relaxv-l258-256-1-1-489-1-1-nan","amgmk-omp","amgmk","Simulation","omp","3080","_Z10test_Relaxv_l258","Relaxv_l258","test_Relax():l258","(256, 1, 1)","(489, 1, 1)",NaN,250077.0,5187251.0,0.0,0.0,5437328.0,15110016.0,43424.0,0.359849,0.125215,"fp64"
"a10-omp-amgmk-omp-relaxv-l258-256-1-1-489-1-1-nan","amgmk-omp","amgmk","Simulation","omp","A10","_Z10test_Relaxv_l258","Relaxv_l258","test_Relax():l258","(256, 1, 1)","(489, 1, 1)",NaN,249935.0,5185506.0,0.0,0.0,5435441.0,18605184.0,67072.0,0.292147,0.081039,"fp64"
"a100-omp-amgmk-omp-relaxv-l258-256-1-1-489-1-1-nan","amgmk-omp","amgmk","Simulation","omp","A100","_Z10test_Relaxv_l258","Relaxv_l258","test_Relax():l258","(256, 1, 1)","(489, 1, 1)",NaN,249968.0,5188047.0,499936.0,0.0,5937951.0,12840789.0,22795.0,0.462429,0.260494,"fp64"
"h100-omp-amgmk-omp-relaxv-l258-256-1-1-489-1-1-nan","amgmk-omp","amgmk","Simulation","omp","H100","_Z10test_Relaxv_l258","Relaxv_l258","test_Relax():l258","(256, 1, 1)","(489, 1, 1)",NaN,249968.0,5199120.0,0.0,0.0,5449088.0,12832512.0,11765.0,0.424631,0.463161,"fp64"
"3080-cuda-ans-cuda-phase1-decode-subseq-128-1-1-3845-1-1-10","ans-cuda","ans","Data encoding, decoding, or verification","cuda","3080","_Z20phase1_decode_subseqjjjPjPKjP5uint4jjjj","phase1_decode_subseq","phase1_decode_subseq(unsigned int, unsigned int, unsigned int, unsigned int *, const unsigned int *, uint4 *, unsigned int, unsigned int, unsigned int, unsigned int)","(128, 1, 1)","(3845, 1, 1)","10",0.0,0.0,0.0,0.0,0.0,39583360.0,599349.0,0.0,0.0,"int-only"
"a10-cuda-ans-cuda-phase1-decode-subseq-128-1-1-3845-1-1-10","ans-cuda","ans","Data encoding, decoding, or verification","cuda","A10","_Z20phase1_decode_subseqjjjPjPKjP5uint4jjjj","phase1_decode_subseq","phase1_decode_subseq(unsigned int, unsigned int, unsigned int, unsigned int *, const unsigned int *, uint4 *, unsigned int, unsigned int, unsigned int, unsigned int)","(128, 1, 1)","(3845, 1, 1)","10",0.0,0.0,0.0,0.0,0.0,45758336.0,916469.0,0.0,0.0,"int-only"
"a100-cuda-ans-cuda-phase1-decode-subseq-128-1-1-3845-1-1-10","ans-cuda","ans","Data encoding, decoding, or verification","cuda","A100","_Z20phase1_decode_subseqjjjPjPKjP5uint4jjjj","phase1_decode_subseq","phase1_decode_subseq(unsigned int, unsigned int, unsigned int, unsigned int *, const unsigned int *, uint4 *, unsigned int, unsigned int, unsigned int, unsigned int)","(128, 1, 1)","(3845, 1, 1)","10",0.0,0.0,3711358.0,0.0,3711358.0,8177877.0,566443.0,0.453829,0.006552,"fp16"
"h100-cuda-ans-cuda-phase1-decode-subseq-128-1-1-3845-1-1-10","ans-cuda","ans","Data encoding, decoding, or verification","cuda","H100","_Z20phase1_decode_subseqjjjPjPKjP5uint4jjjj","phase1_decode_subseq","phase1_decode_subseq(unsigned int, unsigned int, unsigned int, unsigned int *, const unsigned int *, uint4 *, unsigned int, unsigned int, unsigned int, unsigned int)","(128, 1, 1)","(3845, 1, 1)","10",0.0,0.0,24613637.0,0.0,24613637.0,7895893.0,415285.0,3.117271,0.059269,"fp16"
"3080-cuda-ans-cuda-phase2-synchronise-blocks-128-1-1-3845-1-1-10","ans-cuda","ans","Data encoding, decoding, or verification","cuda","3080","_Z25phase2_synchronise_blocksjjjjPjPKjP5uint4Phjjj","phase2_synchronise_blocks","phase2_synchronise_blocks(unsigned int, unsigned int, unsigned int, unsigned int, unsigned int *, const unsigned int *, uint4 *, unsigned char *, unsigned int, unsigned int, unsigned int)","(128, 1, 1)","(3845, 1, 1)","10",0.0,0.0,0.0,0.0,0.0,948608.0,183339.0,0.0,0.0,"int-only"
"a10-cuda-ans-cuda-phase2-synchronise-blocks-128-1-1-3845-1-1-10","ans-cuda","ans","Data encoding, decoding, or verification","cuda","A10","_Z25phase2_synchronise_blocksjjjjPjPKjP5uint4Phjjj","phase2_synchronise_blocks","phase2_synchronise_blocks(unsigned int, unsigned int, unsigned int, unsigned int, unsigned int *, const unsigned int *, uint4 *, unsigned char *, unsigned int, unsigned int, unsigned int)","(128, 1, 1)","(3845, 1, 1)","10",0.0,0.0,0.0,0.0,0.0,1511552.0,288213.0,0.0,0.0,"int-only"
"a100-cuda-ans-cuda-phase2-synchronise-blocks-128-1-1-3845-1-1-10","ans-cuda","ans","Data encoding, decoding, or verification","cuda","A100","_Z25phase2_synchronise_blocksjjjjPjPKjP5uint4Phjjj","phase2_synchronise_blocks","phase2_synchronise_blocks(unsigned int, unsigned int, unsigned int, unsigned int, unsigned int *, const unsigned int *, uint4 *, unsigned char *, unsigned int, unsigned int, unsigned int)","(128, 1, 1)","(3845, 1, 1)","10",0.0,0.0,5252649.0,0.0,5252649.0,1138688.0,197781.0,4.612896,0.026558,"fp16"
"h100-cuda-ans-cuda-phase2-synchronise-blocks-128-1-1-3845-1-1-10","ans-cuda","ans","Data encoding, decoding, or verification","cuda","H100","_Z25phase2_synchronise_blocksjjjjPjPKjP5uint4Phjjj","phase2_synchronise_blocks","phase2_synchronise_blocks(unsigned int, unsigned int, unsigned int, unsigned int, unsigned int *, const unsigned int *, uint4 *, unsigned char *, unsigned int, unsigned int, unsigned int)","(128, 1, 1)","(3845, 1, 1)","10",0.0,0.0,14684802.0,0.0,14684802.0,1141248.0,152736.0,12.867319,0.096145,"fp16"
"3080-cuda-ans-cuda-phase4-decode-write-output-128-1-1-3845-1-1-10","ans-cuda","ans","Data encoding, decoding, or verification","cuda","3080","_Z26phase4_decode_write_outputjjjPjPhjPKjPK5uint4jjjj","phase4_decode_write_output","phase4_decode_write_output(unsigned int, unsigned int, unsigned int, unsigned int *, unsigned char *, unsigned int, const unsigned int *, const uint4 *, unsigned int, unsigned int, unsigned int, unsigned int)","(128, 1, 1)","(3845, 1, 1)","10",0.0,0.0,0.0,0.0,0.0,25998293.0,224853.0,0.0,0.0,"int-only"
"a10-cuda-ans-cuda-phase4-decode-write-output-128-1-1-3845-1-1-10","ans-cuda","ans","Data encoding, decoding, or verification","cuda","A10","_Z26phase4_decode_write_outputjjjPjPhjPKjPK5uint4jjjj","phase4_decode_write_output","phase4_decode_write_output(unsigned int, unsigned int, unsigned int, unsigned int *, unsigned char *, unsigned int, const unsigned int *, const uint4 *, unsigned int, unsigned int, unsigned int, unsigned int)","(128, 1, 1)","(3845, 1, 1)","10",0.0,0.0,0.0,0.0,0.0,51527125.0,348821.0,0.0,0.0,"int-only"
"a100-cuda-ans-cuda-phase4-decode-write-output-128-1-1-3845-1-1-10","ans-cuda","ans","Data encoding, decoding, or verification","cuda","A100","_Z26phase4_decode_write_outputjjjPjPhjPKjPK5uint4jjjj","phase4_decode_write_output","phase4_decode_write_output(unsigned int, unsigned int, unsigned int, unsigned int *, unsigned char *, unsigned int, const unsigned int *, const uint4 *, unsigned int, unsigned int, unsigned int, unsigned int)","(128, 1, 1)","(3845, 1, 1)","10",0.0,0.0,1968969.0,0.0,1968969.0,17502976.0,175221.0,0.112493,0.011237,"fp16"
"h100-cuda-ans-cuda-phase4-decode-write-output-128-1-1-3845-1-1-10","ans-cuda","ans","Data encoding, decoding, or verification","cuda","H100","_Z26phase4_decode_write_outputjjjPjPhjPKjPK5uint4jjjj","phase4_decode_write_output","phase4_decode_write_output(unsigned int, unsigned int, unsigned int, unsigned int *, unsigned char *, unsigned int, const unsigned int *, const uint4 *, unsigned int, unsigned int, unsigned int, unsigned int)","(128, 1, 1)","(3845, 1, 1)","10",0.0,0.0,7873574.0,0.0,7873574.0,16756907.0,92864.0,0.46987,0.084786,"fp16"
"3080-cuda-ans-cuda-phase3-copy-num-symbols-from-aux-to-sync-points-128-1-1-3845-1-1-10","ans-cuda","ans","Data encoding, decoding, or verification","cuda","3080","_Z47phase3_copy_num_symbols_from_aux_to_sync_pointsjP5uint4PKj","phase3_copy_num_symbols_from_aux_to_sync_points","phase3_copy_num_symbols_from_aux_to_sync_points(unsigned int, uint4 *, const unsigned int *)","(128, 1, 1)","(3845, 1, 1)","10",0.0,0.0,0.0,0.0,0.0,8977323.0,16864.0,0.0,0.0,"int-only"
"a10-cuda-ans-cuda-phase3-copy-num-symbols-from-aux-to-sync-points-128-1-1-3845-1-1-10","ans-cuda","ans","Data encoding, decoding, or verification","cuda","A10","_Z47phase3_copy_num_symbols_from_aux_to_sync_pointsjP5uint4PKj","phase3_copy_num_symbols_from_aux_to_sync_points","phase3_copy_num_symbols_from_aux_to_sync_points(unsigned int, uint4 *, const unsigned int *)","(128, 1, 1)","(3845, 1, 1)","10",0.0,0.0,0.0,0.0,0.0,18182571.0,37984.0,0.0,0.0,"int-only"
"a100-cuda-ans-cuda-phase3-copy-num-symbols-from-aux-to-sync-points-128-1-1-3845-1-1-10","ans-cuda","ans","Data encoding, decoding, or verification","cuda","A100","_Z47phase3_copy_num_symbols_from_aux_to_sync_pointsjP5uint4PKj","phase3_copy_num_symbols_from_aux_to_sync_points","phase3_copy_num_symbols_from_aux_to_sync_points(unsigned int, uint4 *, const unsigned int *)","(128, 1, 1)","(3845, 1, 1)","10",0.0,0.0,3936699.0,0.0,3936699.0,4614101.0,9781.0,0.853189,0.402484,"fp16"
"h100-cuda-ans-cuda-phase3-copy-num-symbols-from-aux-to-sync-points-128-1-1-3845-1-1-10","ans-cuda","ans","Data encoding, decoding, or verification","cuda","H100","_Z47phase3_copy_num_symbols_from_aux_to_sync_pointsjP5uint4PKj","phase3_copy_num_symbols_from_aux_to_sync_points","phase3_copy_num_symbols_from_aux_to_sync_points(unsigned int, uint4 *, const unsigned int *)","(128, 1, 1)","(3845, 1, 1)","10",0.0,0.0,0.0,0.0,0.0,3413248.0,5717.0,0.0,0.0,"int-only"
"3080-cuda-ans-cuda-phase3-copy-num-symbols-from-sync-points-to-aux-128-1-1-3845-1-1-10","ans-cuda","ans","Data encoding, decoding, or verification","cuda","3080","_Z47phase3_copy_num_symbols_from_sync_points_to_auxjPK5uint4Pj","phase3_copy_num_symbols_from_sync_points_to_aux","phase3_copy_num_symbols_from_sync_points_to_aux(unsigned int, const uint4 *, unsigned int *)","(128, 1, 1)","(3845, 1, 1)","10",0.0,0.0,0.0,0.0,0.0,9658453.0,16245.0,0.0,0.0,"int-only"
"a10-cuda-ans-cuda-phase3-copy-num-symbols-from-sync-points-to-aux-128-1-1-3845-1-1-10","ans-cuda","ans","Data encoding, decoding, or verification","cuda","A10","_Z47phase3_copy_num_symbols_from_sync_points_to_auxjPK5uint4Pj","phase3_copy_num_symbols_from_sync_points_to_aux","phase3_copy_num_symbols_from_sync_points_to_aux(unsigned int, const uint4 *, unsigned int *)","(128, 1, 1)","(3845, 1, 1)","10",0.0,0.0,0.0,0.0,0.0,10273152.0,21856.0,0.0,0.0,"int-only"
"a100-cuda-ans-cuda-phase3-copy-num-symbols-from-sync-points-to-aux-128-1-1-3845-1-1-10","ans-cuda","ans","Data encoding, decoding, or verification","cuda","A100","_Z47phase3_copy_num_symbols_from_sync_points_to_auxjPK5uint4Pj","phase3_copy_num_symbols_from_sync_points_to_aux","phase3_copy_num_symbols_from_sync_points_to_aux(unsigned int, const uint4 *, unsigned int *)","(128, 1, 1)","(3845, 1, 1)","10",0.0,0.0,3936701.0,0.0,3936701.0,7876139.0,9184.0,0.499826,0.428648,"fp16"
"h100-cuda-ans-cuda-phase3-copy-num-symbols-from-sync-points-to-aux-128-1-1-3845-1-1-10","ans-cuda","ans","Data encoding, decoding, or verification","cuda","H100","_Z47phase3_copy_num_symbols_from_sync_points_to_auxjPK5uint4Pj","phase3_copy_num_symbols_from_sync_points_to_aux","phase3_copy_num_symbols_from_sync_points_to_aux(unsigned int, const uint4 *, unsigned int *)","(128, 1, 1)","(3845, 1, 1)","10",0.0,0.0,0.0,0.0,0.0,7876096.0,5675.0,0.0,0.0,"int-only"
"3080-cuda-aobench-cuda-render-kernel-16-16-1-16-16-1-1000","aobench-cuda","aobench","Computer vision and image processing","cuda","3080","_Z13render_kernelPhPK7_Sphere6_Planeiii","render_kernel","render_kernel(unsigned char *, const _Sphere *, _Plane, int, int, int)","(16, 16, 1)","(16, 16, 1)","1000",627946833.0,0.0,0.0,0.0,627946833.0,50560.0,161237.0,12419.834513,3.894558,"fp32"
"a10-cuda-aobench-cuda-render-kernel-16-16-1-16-16-1-1000","aobench-cuda","aobench","Computer vision and image processing","cuda","A10","_Z13render_kernelPhPK7_Sphere6_Planeiii","render_kernel","render_kernel(unsigned char *, const _Sphere *, _Plane, int, int, int)","(16, 16, 1)","(16, 16, 1)","1000",627946588.0,0.0,0.0,0.0,627946588.0,18773.0,263339.0,33449.453364,2.384556,"fp32"
"a100-cuda-aobench-cuda-render-kernel-16-16-1-16-16-1-1000","aobench-cuda","aobench","Computer vision and image processing","cuda","A100","_Z13render_kernelPhPK7_Sphere6_Planeiii","render_kernel","render_kernel(unsigned char *, const _Sphere *, _Plane, int, int, int)","(16, 16, 1)","(16, 16, 1)","1000",627946107.0,0.0,39465848.0,0.0,667411955.0,9899.0,155232.0,67422.159309,4.299448,"fp32"
"h100-cuda-aobench-cuda-render-kernel-16-16-1-16-16-1-1000","aobench-cuda","aobench","Computer vision and image processing","cuda","H100","_Z13render_kernelPhPK7_Sphere6_Planeiii","render_kernel","render_kernel(unsigned char *, const _Sphere *, _Plane, int, int, int)","(16, 16, 1)","(16, 16, 1)","1000",628994493.0,0.0,39466003.0,0.0,668460496.0,10155.0,100331.0,65825.750468,6.662552,"fp32"
"3080-omp-aobench-omp-plane-l309-256-1-1-256-1-1-1000","aobench-omp","aobench","Computer vision and image processing","omp","3080","_Z6renderPhiiiPK7_SphereRK6_Plane_l309","Plane_l309","render(unsigned char *, int, int, int, const _Sphere *, const _Plane &):l309","(256, 1, 1)","(256, 1, 1)","1000",858074149.0,0.0,0.0,0.0,858074149.0,45141.0,355360.0,19008.753661,2.414662,"fp32"
"a10-omp-aobench-omp-plane-l309-256-1-1-256-1-1-1000","aobench-omp","aobench","Computer vision and image processing","omp","A10","_Z6renderPhiiiPK7_SphereRK6_Plane_l309","Plane_l309","render(unsigned char *, int, int, int, const _Sphere *, const _Plane &):l309","(256, 1, 1)","(256, 1, 1)","1000",858078038.0,0.0,0.0,0.0,858078038.0,70315.0,571904.0,12203.342644,1.500388,"fp32"
"a100-omp-aobench-omp-plane-l309-256-1-1-256-1-1-1000","aobench-omp","aobench","Computer vision and image processing","omp","A100","_Z6renderPhiiiPK7_SphereRK6_Plane_l309","Plane_l309","render(unsigned char *, int, int, int, const _Sphere *, const _Plane &):l309","(256, 1, 1)","(256, 1, 1)","1000",858076797.0,0.0,77527859.0,0.0,935604656.0,61013.0,445163.0,15334.513235,2.101713,"fp32"
"h100-omp-aobench-omp-plane-l309-256-1-1-256-1-1-1000","aobench-omp","aobench","Computer vision and image processing","omp","H100","_Z6renderPhiiiPK7_SphereRK6_Plane_l309","Plane_l309","render(unsigned char *, int, int, int, const _Sphere *, const _Plane &):l309","(256, 1, 1)","(256, 1, 1)","1000",858075591.0,0.0,77265903.0,0.0,935341494.0,43690.0,158635.0,21408.594507,5.896186,"fp32"
"3080-cuda-aop-cuda-prepare-svd-kernel-256-1-1-99-1-1-paths-200","aop-cuda","aop","Finance","cuda","3080","_Z18prepare_svd_kernelILi256E9PayoffPutEviiT0_PKdPiPd","prepare_svd_kernel","void prepare_svd_kernel<(int)256, PayoffPut>(int, int, T2, const double *, int *, double *)","(256, 1, 1)","(99, 1, 1)","-paths 200",0.0,147626630.0,0.0,0.0,147626630.0,164101760.0,5647381.0,0.899604,0.026141,"fp64"
"a10-cuda-aop-cuda-prepare-svd-kernel-256-1-1-99-1-1-paths-200","aop-cuda","aop","Finance","cuda","A10","_Z18prepare_svd_kernelILi256E9PayoffPutEviiT0_PKdPiPd","prepare_svd_kernel","void prepare_svd_kernel<(int)256, PayoffPut>(int, int, T2, const double *, int *, double *)","(256, 1, 1)","(99, 1, 1)","-paths 200",0.0,147682674.0,0.0,0.0,147682674.0,189538773.0,9164640.0,0.779169,0.016114,"fp64"
"a100-cuda-aop-cuda-prepare-svd-kernel-256-1-1-99-1-1-paths-200","aop-cuda","aop","Finance","cuda","A100","_Z18prepare_svd_kernelILi256E9PayoffPutEviiT0_PKdPiPd","prepare_svd_kernel","void prepare_svd_kernel<(int)256, PayoffPut>(int, int, T2, const double *, int *, double *)","(256, 1, 1)","(99, 1, 1)","-paths 200",0.0,147773411.0,71804.0,0.0,147845215.0,164606165.0,6559851.0,0.898175,0.022538,"fp64"
"h100-cuda-aop-cuda-prepare-svd-kernel-256-1-1-99-1-1-paths-200","aop-cuda","aop","Finance","cuda","H100","_Z18prepare_svd_kernelILi256E9PayoffPutEviiT0_PKdPiPd","prepare_svd_kernel","void prepare_svd_kernel<(int)256, PayoffPut>(int, int, T2, const double *, int *, double *)","(256, 1, 1)","(99, 1, 1)","-paths 200",0.0,148187748.0,0.0,0.0,148187748.0,164753322.0,4922827.0,0.899452,0.030102,"fp64"
"3080-cuda-aop-cuda-generate-paths-kernel-256-1-1-800-1-1-paths-200","aop-cuda","aop","Finance","cuda","3080","_Z21generate_paths_kernelILi256E9PayoffPutEviiT0_ddddPKdPd","generate_paths_kernel","void generate_paths_kernel<(int)256, PayoffPut>(int, int, T2, double, double, double, double, const double *, double *)","(256, 1, 1)","(800, 1, 1)","-paths 200",0.0,659259197.0,0.0,0.0,659259197.0,327225643.0,2161077.0,2.014693,0.30506,"fp64"
"a10-cuda-aop-cuda-generate-paths-kernel-256-1-1-800-1-1-paths-200","aop-cuda","aop","Finance","cuda","A10","_Z21generate_paths_kernelILi256E9PayoffPutEviiT0_ddddPKdPd","generate_paths_kernel","void generate_paths_kernel<(int)256, PayoffPut>(int, int, T2, double, double, double, double, const double *, double *)","(256, 1, 1)","(800, 1, 1)","-paths 200",0.0,659255143.0,0.0,0.0,659255143.0,378449536.0,3515456.0,1.74199,0.18753,"fp64"
"a100-cuda-aop-cuda-generate-paths-kernel-256-1-1-800-1-1-paths-200","aop-cuda","aop","Finance","cuda","A100","_Z21generate_paths_kernelILi256E9PayoffPutEviiT0_ddddPKdPd","generate_paths_kernel","void generate_paths_kernel<(int)256, PayoffPut>(int, int, T2, double, double, double, double, const double *, double *)","(256, 1, 1)","(800, 1, 1)","-paths 200",0.0,659249995.0,0.0,0.0,659249995.0,314730069.0,249365.0,2.094652,2.643715,"fp64"
"h100-cuda-aop-cuda-generate-paths-kernel-256-1-1-800-1-1-paths-200","aop-cuda","aop","Finance","cuda","H100","_Z21generate_paths_kernelILi256E9PayoffPutEviiT0_ddddPKdPd","generate_paths_kernel","void generate_paths_kernel<(int)256, PayoffPut>(int, int, T2, double, double, double, double, const double *, double *)","(256, 1, 1)","(800, 1, 1)","-paths 200",0.0,659252245.0,0.0,0.0,659252245.0,310406571.0,121173.0,2.123835,5.440587,"fp64"
"3080-cuda-aop-cuda-update-cashflow-kernel-128-1-1-1568-1-1-paths-200","aop-cuda","aop","Finance","cuda","3080","_Z22update_cashflow_kernelILi128E9PayoffPutEviT0_dPKdS3_PKiPd","update_cashflow_kernel","void update_cashflow_kernel<(int)128, PayoffPut>(int, T2, double, const double *, const double *, const int *, double *)","(128, 1, 1)","(1568, 1, 1)","-paths 200",0.0,1638487.0,0.0,0.0,1638487.0,4150186.0,14592.0,0.394798,0.112287,"fp64"
"a10-cuda-aop-cuda-update-cashflow-kernel-128-1-1-1568-1-1-paths-200","aop-cuda","aop","Finance","cuda","A10","_Z22update_cashflow_kernelILi128E9PayoffPutEviT0_dPKdS3_PKiPd","update_cashflow_kernel","void update_cashflow_kernel<(int)128, PayoffPut>(int, T2, double, const double *, const double *, const int *, double *)","(128, 1, 1)","(1568, 1, 1)","-paths 200",0.0,1638312.0,0.0,0.0,1638312.0,4129195.0,22549.0,0.396763,0.072656,"fp64"
"a100-cuda-aop-cuda-update-cashflow-kernel-128-1-1-1568-1-1-paths-200","aop-cuda","aop","Finance","cuda","A100","_Z22update_cashflow_kernelILi128E9PayoffPutEviT0_dPKdS3_PKiPd","update_cashflow_kernel","void update_cashflow_kernel<(int)128, PayoffPut>(int, T2, double, const double *, const double *, const int *, double *)","(128, 1, 1)","(1568, 1, 1)","-paths 200",0.0,1638400.0,0.0,0.0,1638400.0,3282944.0,7744.0,0.499064,0.21157,"fp64"
"h100-cuda-aop-cuda-update-cashflow-kernel-128-1-1-1568-1-1-paths-200","aop-cuda","aop","Finance","cuda","H100","_Z22update_cashflow_kernelILi128E9PayoffPutEviT0_dPKdS3_PKiPd","update_cashflow_kernel","void update_cashflow_kernel<(int)128, PayoffPut>(int, T2, double, const double *, const double *, const int *, double *)","(128, 1, 1)","(1568, 1, 1)","-paths 200",0.0,1638417.0,802812.0,0.0,2441229.0,3283029.0,4896.0,0.74359,0.498617,"fp64"
"3080-cuda-aop-cuda-compute-final-sum-kernel-128-1-1-1-1-1-paths-200","aop-cuda","aop","Finance","cuda","3080","_Z24compute_final_sum_kernelILi128EEviidPd","compute_final_sum_kernel","void compute_final_sum_kernel<(int)128>(int, int, double, double *)","(128, 1, 1)","(1, 1, 1)","-paths 200",0.0,9840.0,0.0,0.0,9840.0,17835.0,17152.0,0.551724,0.000574,"fp64"
"a10-cuda-aop-cuda-compute-final-sum-kernel-128-1-1-1-1-1-paths-200","aop-cuda","aop","Finance","cuda","A10","_Z24compute_final_sum_kernelILi128EEviidPd","compute_final_sum_kernel","void compute_final_sum_kernel<(int)128>(int, int, double, double *)","(128, 1, 1)","(1, 1, 1)","-paths 200",0.0,9806.0,0.0,0.0,9806.0,20992.0,27659.0,0.46713,0.000355,"fp64"
"a100-cuda-aop-cuda-compute-final-sum-kernel-128-1-1-1-1-1-paths-200","aop-cuda","aop","Finance","cuda","A100","_Z24compute_final_sum_kernelILi128EEviidPd","compute_final_sum_kernel","void compute_final_sum_kernel<(int)128>(int, int, double, double *)","(128, 1, 1)","(1, 1, 1)","-paths 200",0.0,9891.0,183.0,0.0,10074.0,17792.0,16768.0,0.56621,0.000601,"fp64"
"h100-cuda-aop-cuda-compute-final-sum-kernel-128-1-1-1-1-1-paths-200","aop-cuda","aop","Finance","cuda","H100","_Z24compute_final_sum_kernelILi128EEviidPd","compute_final_sum_kernel","void compute_final_sum_kernel<(int)128>(int, int, double, double *)","(128, 1, 1)","(1, 1, 1)","-paths 200",0.0,9846.0,0.0,0.0,9846.0,18091.0,12277.0,0.544249,0.000802,"fp64"
"3080-cuda-aop-cuda-compute-final-beta-kernel-128-1-1-1-1-1-paths-200","aop-cuda","aop","Finance","cuda","3080","_Z25compute_final_beta_kernelILi128EEvPKiPd","compute_final_beta_kernel","void compute_final_beta_kernel<(int)128>(const int *, double *)","(128, 1, 1)","(1, 1, 1)","-paths 200",0.0,20867.0,0.0,0.0,20867.0,6742.0,22560.0,3.095076,0.000925,"fp64"
"a10-cuda-aop-cuda-compute-final-beta-kernel-128-1-1-1-1-1-paths-200","aop-cuda","aop","Finance","cuda","A10","_Z25compute_final_beta_kernelILi128EEvPKiPd","compute_final_beta_kernel","void compute_final_beta_kernel<(int)128>(const int *, double *)","(128, 1, 1)","(1, 1, 1)","-paths 200",0.0,21354.0,0.0,0.0,21354.0,7552.0,36544.0,2.827595,0.000584,"fp64"
"a100-cuda-aop-cuda-compute-final-beta-kernel-128-1-1-1-1-1-paths-200","aop-cuda","aop","Finance","cuda","A100","_Z25compute_final_beta_kernelILi128EEvPKiPd","compute_final_beta_kernel","void compute_final_beta_kernel<(int)128>(const int *, double *)","(128, 1, 1)","(1, 1, 1)","-paths 200",0.0,24196.0,545.0,0.0,24741.0,6699.0,30443.0,3.693238,0.000813,"fp64"
"h100-cuda-aop-cuda-compute-final-beta-kernel-128-1-1-1-1-1-paths-200","aop-cuda","aop","Finance","cuda","H100","_Z25compute_final_beta_kernelILi128EEvPKiPd","compute_final_beta_kernel","void compute_final_beta_kernel<(int)128>(const int *, double *)","(128, 1, 1)","(1, 1, 1)","-paths 200",0.0,22875.0,0.0,0.0,22875.0,6571.0,21621.0,3.481205,0.001058,"fp64"
"3080-cuda-aop-cuda-compute-partial-beta-kernel-128-1-1-128-1-1-paths-200","aop-cuda","aop","Finance","cuda","3080","_Z27compute_partial_beta_kernelILi128E9PayoffPutEviT0_PKdS3_S3_PKiPd","compute_partial_beta_kernel","void compute_partial_beta_kernel<(int)128, PayoffPut>(int, T2, const double *, const double *, const double *, const int *, double *)","(128, 1, 1)","(128, 1, 1)","-paths 200",0.0,6976607.0,0.0,0.0,6976607.0,3603797.0,43264.0,1.935905,0.161257,"fp64"
"a10-cuda-aop-cuda-compute-partial-beta-kernel-128-1-1-128-1-1-paths-200","aop-cuda","aop","Finance","cuda","A10","_Z27compute_partial_beta_kernelILi128E9PayoffPutEviT0_PKdS3_S3_PKiPd","compute_partial_beta_kernel","void compute_partial_beta_kernel<(int)128, PayoffPut>(int, T2, const double *, const double *, const double *, const int *, double *)","(128, 1, 1)","(128, 1, 1)","-paths 200",0.0,6971582.0,0.0,0.0,6971582.0,3920555.0,69013.0,1.778213,0.101018,"fp64"
"a100-cuda-aop-cuda-compute-partial-beta-kernel-128-1-1-128-1-1-paths-200","aop-cuda","aop","Finance","cuda","A100","_Z27compute_partial_beta_kernelILi128E9PayoffPutEviT0_PKdS3_S3_PKiPd","compute_partial_beta_kernel","void compute_partial_beta_kernel<(int)128, PayoffPut>(int, T2, const double *, const double *, const double *, const int *, double *)","(128, 1, 1)","(128, 1, 1)","-paths 200",0.0,7428287.0,6095.0,0.0,7434382.0,3283499.0,41899.0,2.264165,0.177436,"fp64"
"h100-cuda-aop-cuda-compute-partial-beta-kernel-128-1-1-128-1-1-paths-200","aop-cuda","aop","Finance","cuda","H100","_Z27compute_partial_beta_kernelILi128E9PayoffPutEviT0_PKdS3_S3_PKiPd","compute_partial_beta_kernel","void compute_partial_beta_kernel<(int)128, PayoffPut>(int, T2, const double *, const double *, const double *, const int *, double *)","(128, 1, 1)","(128, 1, 1)","-paths 200",0.0,7880345.0,0.0,0.0,7880345.0,3283797.0,31435.0,2.399766,0.250687,"fp64"
"3080-cuda-aop-cuda-compute-partial-sums-kernel-128-1-1-1600-1-1-paths-200","aop-cuda","aop","Finance","cuda","3080","_Z27compute_partial_sums_kernelILi128EEviPKdPd","compute_partial_sums_kernel","void compute_partial_sums_kernel<(int)128>(int, const double *, double *)","(128, 1, 1)","(1600, 1, 1)","-paths 200",0.0,5800984.0,0.0,0.0,5800984.0,1682517.0,104128.0,3.447801,0.05571,"fp64"
"a10-cuda-aop-cuda-compute-partial-sums-kernel-128-1-1-1600-1-1-paths-200","aop-cuda","aop","Finance","cuda","A10","_Z27compute_partial_sums_kernelILi128EEviPKdPd","compute_partial_sums_kernel","void compute_partial_sums_kernel<(int)128>(int, const double *, double *)","(128, 1, 1)","(1600, 1, 1)","-paths 200",0.0,5826662.0,0.0,0.0,5826662.0,1810304.0,166965.0,3.21861,0.034898,"fp64"
"a100-cuda-aop-cuda-compute-partial-sums-kernel-128-1-1-1600-1-1-paths-200","aop-cuda","aop","Finance","cuda","A100","_Z27compute_partial_sums_kernelILi128EEviPKdPd","compute_partial_sums_kernel","void compute_partial_sums_kernel<(int)128>(int, const double *, double *)","(128, 1, 1)","(1600, 1, 1)","-paths 200",0.0,6022850.0,819243.0,0.0,6842093.0,1642155.0,28971.0,4.166533,0.23617,"fp64"
"h100-cuda-aop-cuda-compute-partial-sums-kernel-128-1-1-1600-1-1-paths-200","aop-cuda","aop","Finance","cuda","H100","_Z27compute_partial_sums_kernelILi128EEviPKdPd","compute_partial_sums_kernel","void compute_partial_sums_kernel<(int)128>(int, const double *, double *)","(128, 1, 1)","(1600, 1, 1)","-paths 200",0.0,8179500.0,0.0,0.0,8179500.0,1641472.0,14496.0,4.983027,0.564259,"fp64"
"3080-omp-aop-omp-pkdpipd-l491-256-1-1-99-1-1-paths-200","aop-omp","aop","Finance","omp","3080","_Z18prepare_svd_kernelILi256E9PayoffPutEviiiT0_PKdPiPd_l491","PKdPiPd_l491","void prepare_svd_kernel<(int)256, PayoffPut>(int, int, int, T2, const double *, int *, double *):l491","(256, 1, 1)","(99, 1, 1)","-paths 200",0.0,106066467.0,0.0,0.0,106066467.0,164073642.0,6552363.0,0.646456,0.016188,"fp64"
"a10-omp-aop-omp-pkdpipd-l491-256-1-1-99-1-1-paths-200","aop-omp","aop","Finance","omp","A10","_Z18prepare_svd_kernelILi256E9PayoffPutEviiiT0_PKdPiPd_l491","PKdPiPd_l491","void prepare_svd_kernel<(int)256, PayoffPut>(int, int, int, T2, const double *, int *, double *):l491","(256, 1, 1)","(99, 1, 1)","-paths 200",0.0,106132962.0,0.0,0.0,106132962.0,188940928.0,10640501.0,0.561726,0.009974,"fp64"
"a100-omp-aop-omp-pkdpipd-l491-256-1-1-99-1-1-paths-200","aop-omp","aop","Finance","omp","A100","_Z18prepare_svd_kernelILi256E9PayoffPutEviiiT0_PKdPiPd_l491","PKdPiPd_l491","void prepare_svd_kernel<(int)256, PayoffPut>(int, int, int, T2, const double *, int *, double *):l491","(256, 1, 1)","(99, 1, 1)","-paths 200",0.0,106409273.0,0.0,0.0,106409273.0,164633173.0,7819637.0,0.646342,0.013608,"fp64"
"h100-omp-aop-omp-pkdpipd-l491-256-1-1-99-1-1-paths-200","aop-omp","aop","Finance","omp","H100","_Z18prepare_svd_kernelILi256E9PayoffPutEviiiT0_PKdPiPd_l491","PKdPiPd_l491","void prepare_svd_kernel<(int)256, PayoffPut>(int, int, int, T2, const double *, int *, double *):l491","(256, 1, 1)","(99, 1, 1)","-paths 200",0.0,106761692.0,0.0,0.0,106761692.0,164681216.0,5439595.0,0.648293,0.019627,"fp64"
"3080-omp-aop-omp-pkipd-l648-128-1-1-1600-1-1-paths-200","aop-omp","aop","Finance","omp","3080","_Z19compute_beta_kernelILi128E9PayoffPutEviT0_PKdS3_S3_PKiPd_l648","PKiPd_l648","void compute_beta_kernel<(int)128, PayoffPut>(int, T2, const double *, const double *, const double *, const int *, double *):l648","(128, 1, 1)","(1600, 1, 1)","-paths 200",0.0,15062610.0,0.0,0.0,15062610.0,4097259.0,408608.0,3.676265,0.036863,"fp64"
"a10-omp-aop-omp-pkipd-l648-128-1-1-1600-1-1-paths-200","aop-omp","aop","Finance","omp","A10","_Z19compute_beta_kernelILi128E9PayoffPutEviT0_PKdS3_S3_PKiPd_l648","PKiPd_l648","void compute_beta_kernel<(int)128, PayoffPut>(int, T2, const double *, const double *, const double *, const int *, double *):l648","(128, 1, 1)","(1600, 1, 1)","-paths 200",0.0,15061605.0,0.0,0.0,15061605.0,4375040.0,638085.0,3.442621,0.023604,"fp64"
"a100-omp-aop-omp-pkipd-l648-128-1-1-1600-1-1-paths-200","aop-omp","aop","Finance","omp","A100","_Z19compute_beta_kernelILi128E9PayoffPutEviT0_PKdS3_S3_PKiPd_l648","PKiPd_l648","void compute_beta_kernel<(int)128, PayoffPut>(int, T2, const double *, const double *, const double *, const int *, double *):l648","(128, 1, 1)","(1600, 1, 1)","-paths 200",0.0,15062709.0,818757.0,0.0,15881466.0,3340160.0,375696.0,4.754702,0.042272,"fp64"
"h100-omp-aop-omp-pkipd-l648-128-1-1-1600-1-1-paths-200","aop-omp","aop","Finance","omp","H100","_Z19compute_beta_kernelILi128E9PayoffPutEviT0_PKdS3_S3_PKiPd_l648","PKiPd_l648","void compute_beta_kernel<(int)128, PayoffPut>(int, T2, const double *, const double *, const double *, const int *, double *):l648","(128, 1, 1)","(1600, 1, 1)","-paths 200",0.0,15061703.0,11465.0,0.0,15073168.0,3340928.0,240005.0,4.511671,0.062804,"fp64"
"3080-omp-aop-omp-ddddpkdpd-l97-256-1-1-800-1-1-paths-200","aop-omp","aop","Finance","omp","3080","_Z21generate_paths_kernelILi256E9PayoffPutEviiT0_ddddPKdPd_l97","ddddPKdPd_l97","void generate_paths_kernel<(int)256, PayoffPut>(int, int, T2, double, double, double, double, const double *, double *):l97","(256, 1, 1)","(800, 1, 1)","-paths 200",0.0,659286000.0,0.0,0.0,659286000.0,327305856.0,2161131.0,2.014281,0.305065,"fp64"
"a10-omp-aop-omp-ddddpkdpd-l97-256-1-1-800-1-1-paths-200","aop-omp","aop","Finance","omp","A10","_Z21generate_paths_kernelILi256E9PayoffPutEviiT0_ddddPKdPd_l97","ddddPKdPd_l97","void generate_paths_kernel<(int)256, PayoffPut>(int, int, T2, double, double, double, double, const double *, double *):l97","(256, 1, 1)","(800, 1, 1)","-paths 200",0.0,659266961.0,0.0,0.0,659266961.0,378337920.0,3515883.0,1.742535,0.187511,"fp64"
"a100-omp-aop-omp-ddddpkdpd-l97-256-1-1-800-1-1-paths-200","aop-omp","aop","Finance","omp","A100","_Z21generate_paths_kernelILi256E9PayoffPutEviiT0_ddddPKdPd_l97","ddddPKdPd_l97","void generate_paths_kernel<(int)256, PayoffPut>(int, int, T2, double, double, double, double, const double *, double *):l97","(256, 1, 1)","(800, 1, 1)","-paths 200",0.0,659251159.0,82739303.0,0.0,741990462.0,315552981.0,287413.0,2.351397,2.581618,"fp64"
"h100-omp-aop-omp-ddddpkdpd-l97-256-1-1-800-1-1-paths-200","aop-omp","aop","Finance","omp","H100","_Z21generate_paths_kernelILi256E9PayoffPutEviiT0_ddddPKdPd_l97","ddddPKdPd_l97","void generate_paths_kernel<(int)256, PayoffPut>(int, int, T2, double, double, double, double, const double *, double *):l97","(256, 1, 1)","(800, 1, 1)","-paths 200",0.0,659251125.0,2558.0,0.0,659253683.0,310677504.0,163787.0,2.121987,4.025067,"fp64"
"3080-omp-aop-omp-pkipd-l744-128-1-1-1568-1-1-paths-200","aop-omp","aop","Finance","omp","3080","_Z22update_cashflow_kernelILi128E9PayoffPutEviiT0_dPKdS3_PKiPd_l744","PKiPd_l744","void update_cashflow_kernel<(int)128, PayoffPut>(int, int, T2, double, const double *, const double *, const int *, double *):l744","(128, 1, 1)","(1568, 1, 1)","-paths 200",0.0,1183765.0,0.0,0.0,1183765.0,4141738.0,24235.0,0.285814,0.048845,"fp64"
"a10-omp-aop-omp-pkipd-l744-128-1-1-1568-1-1-paths-200","aop-omp","aop","Finance","omp","A10","_Z22update_cashflow_kernelILi128E9PayoffPutEviiT0_dPKdS3_PKiPd_l744","PKiPd_l744","void update_cashflow_kernel<(int)128, PayoffPut>(int, int, T2, double, const double *, const double *, const int *, double *):l744","(128, 1, 1)","(1568, 1, 1)","-paths 200",0.0,1183978.0,0.0,0.0,1183978.0,4369750.0,37621.0,0.270949,0.031471,"fp64"
"a100-omp-aop-omp-pkipd-l744-128-1-1-1568-1-1-paths-200","aop-omp","aop","Finance","omp","A100","_Z22update_cashflow_kernelILi128E9PayoffPutEviiT0_dPKdS3_PKiPd_l744","PKiPd_l744","void update_cashflow_kernel<(int)128, PayoffPut>(int, int, T2, double, const double *, const double *, const int *, double *):l744","(128, 1, 1)","(1568, 1, 1)","-paths 200",0.0,1183824.0,819210.0,0.0,2003034.0,3284053.0,11381.0,0.609927,0.175998,"fp64"
"h100-omp-aop-omp-pkipd-l744-128-1-1-1568-1-1-paths-200","aop-omp","aop","Finance","omp","H100","_Z22update_cashflow_kernelILi128E9PayoffPutEviiT0_dPKdS3_PKiPd_l744","PKiPd_l744","void update_cashflow_kernel<(int)128, PayoffPut>(int, int, T2, double, const double *, const double *, const int *, double *):l744","(128, 1, 1)","(1568, 1, 1)","-paths 200",0.0,1183859.0,12657.0,0.0,1196516.0,3285333.0,7339.0,0.364199,0.163035,"fp64"
"3080-cuda-asmooth-cuda-normalizefilter-16-16-1-625-625-1-10000-1-5-1","asmooth-cuda","asmooth","Computer vision and image processing","cuda","3080","_Z15normalizeFilteriiPfPKf","normalizeFilter","normalizeFilter(int, int, float *, const float *)","(16, 16, 1)","(625, 625, 1)","10000 1 5 1",99994519.0,0.0,0.0,0.0,99994519.0,1199493717.0,1938389.0,0.083364,0.051586,"fp32"
"a10-cuda-asmooth-cuda-normalizefilter-16-16-1-625-625-1-10000-1-5-1","asmooth-cuda","asmooth","Computer vision and image processing","cuda","A10","_Z15normalizeFilteriiPfPKf","normalizeFilter","normalizeFilter(int, int, float *, const float *)","(16, 16, 1)","(625, 625, 1)","10000 1 5 1",99999498.0,0.0,0.0,0.0,99999498.0,1370593195.0,2563051.0,0.072961,0.039016,"fp32"
"a100-cuda-asmooth-cuda-normalizefilter-16-16-1-625-625-1-10000-1-5-1","asmooth-cuda","asmooth","Computer vision and image processing","cuda","A100","_Z15normalizeFilteriiPfPKf","normalizeFilter","normalizeFilter(int, int, float *, const float *)","(16, 16, 1)","(625, 625, 1)","10000 1 5 1",100000021.0,0.0,400000099.0,0.0,500000120.0,1189554816.0,1422272.0,0.420325,0.35155,"fp16"
"h100-cuda-asmooth-cuda-normalizefilter-16-16-1-625-625-1-10000-1-5-1","asmooth-cuda","asmooth","Computer vision and image processing","cuda","H100","_Z15normalizeFilteriiPfPKf","normalizeFilter","normalizeFilter(int, int, float *, const float *)","(16, 16, 1)","(625, 625, 1)","10000 1 5 1",99997729.0,0.0,0.0,0.0,99997729.0,1185999531.0,771829.0,0.084315,0.129559,"fp32"
"3080-cuda-asmooth-cuda-smoothingfilter-16-16-1-625-625-1-10000-1-5-1","asmooth-cuda","asmooth","Computer vision and image processing","cuda","3080","_Z15smoothingFilteriiiiPKfPiPf","smoothingFilter","smoothingFilter(int, int, int, int, const float *, int *, float *)","(16, 16, 1)","(625, 625, 1)","10000 1 5 1",2099149194.0,0.0,0.0,0.0,2099149194.0,1599802880.0,6105216.0,1.31213,0.343829,"fp32"
"a10-cuda-asmooth-cuda-smoothingfilter-16-16-1-625-625-1-10000-1-5-1","asmooth-cuda","asmooth","Computer vision and image processing","cuda","A10","_Z15smoothingFilteriiiiPKfPiPf","smoothingFilter","smoothingFilter(int, int, int, int, const float *, int *, float *)","(16, 16, 1)","(625, 625, 1)","10000 1 5 1",2099168538.0,0.0,0.0,0.0,2099168538.0,2127345792.0,9630005.0,0.986755,0.217982,"fp32"
"a100-cuda-asmooth-cuda-smoothingfilter-16-16-1-625-625-1-10000-1-5-1","asmooth-cuda","asmooth","Computer vision and image processing","cuda","A100","_Z15smoothingFilteriiiiPKfPiPf","smoothingFilter","smoothingFilter(int, int, int, int, const float *, int *, float *)","(16, 16, 1)","(625, 625, 1)","10000 1 5 1",2099178337.0,0.0,3602880025.0,0.0,5702058362.0,1584524843.0,5114133.0,3.598592,1.114961,"fp16"
"h100-cuda-asmooth-cuda-smoothingfilter-16-16-1-625-625-1-10000-1-5-1","asmooth-cuda","asmooth","Computer vision and image processing","cuda","H100","_Z15smoothingFilteriiiiPKfPiPf","smoothingFilter","smoothingFilter(int, int, int, int, const float *, int *, float *)","(16, 16, 1)","(625, 625, 1)","10000 1 5 1",2099159242.0,0.0,1599520130.0,0.0,3698679372.0,1580288938.0,2879744.0,2.340508,1.284378,"fp32"
"3080-cuda-asmooth-cuda-outfilter-16-16-1-625-625-1-10000-1-5-1","asmooth-cuda","asmooth","Computer vision and image processing","cuda","3080","_Z9outFilteriiPKfPKiPf","outFilter","outFilter(int, int, const float *, const int *, float *)","(16, 16, 1)","(625, 625, 1)","10000 1 5 1",999579307.0,0.0,0.0,0.0,999579307.0,1200083712.0,3312629.0,0.832925,0.301748,"fp32"
"a10-cuda-asmooth-cuda-outfilter-16-16-1-625-625-1-10000-1-5-1","asmooth-cuda","asmooth","Computer vision and image processing","cuda","A10","_Z9outFilteriiPKfPKiPf","outFilter","outFilter(int, int, const float *, const int *, float *)","(16, 16, 1)","(625, 625, 1)","10000 1 5 1",999597949.0,0.0,0.0,0.0,999597949.0,1473553024.0,4947435.0,0.678359,0.202044,"fp32"
"a100-cuda-asmooth-cuda-outfilter-16-16-1-625-625-1-10000-1-5-1","asmooth-cuda","asmooth","Computer vision and image processing","cuda","A100","_Z9outFilteriiPKfPKiPf","outFilter","outFilter(int, int, const float *, const int *, float *)","(16, 16, 1)","(625, 625, 1)","10000 1 5 1",999588816.0,0.0,1603834278.0,0.0,2603423094.0,1194557782.0,2761472.0,2.179403,0.942766,"fp16"
"h100-cuda-asmooth-cuda-outfilter-16-16-1-625-625-1-10000-1-5-1","asmooth-cuda","asmooth","Computer vision and image processing","cuda","H100","_Z9outFilteriiPKfPKiPf","outFilter","outFilter(int, int, const float *, const int *, float *)","(16, 16, 1)","(625, 625, 1)","10000 1 5 1",999604861.0,0.0,0.0,0.0,999604861.0,1192816981.0,1398368.0,0.83802,0.714837,"fp32"
"3080-omp-asmooth-omp-main-l101-256-1-1-3200-1-1-10000-1-5-1","asmooth-omp","asmooth","Computer vision and image processing","omp","3080","main_l101","main_l101","main:l101","(256, 1, 1)","(3200, 1, 1)","10000 1 5 1",1899257556.0,0.0,0.0,0.0,1899257556.0,1337638144.0,4359371.0,1.419859,0.435672,"fp32"
"a10-omp-asmooth-omp-main-l101-256-1-1-3200-1-1-10000-1-5-1","asmooth-omp","asmooth","Computer vision and image processing","omp","A10","main_l101","main_l101","main:l101","(256, 1, 1)","(3200, 1, 1)","10000 1 5 1",1899228821.0,0.0,0.0,0.0,1899228821.0,1639390976.0,6806805.0,1.158497,0.279019,"fp32"
"a100-omp-asmooth-omp-main-l101-256-1-1-3200-1-1-10000-1-5-1","asmooth-omp","asmooth","Computer vision and image processing","omp","A100","main_l101","main_l101","main:l101","(256, 1, 1)","(3200, 1, 1)","10000 1 5 1",1899241673.0,0.0,400008577.0,0.0,2299250250.0,1275382442.0,4648843.0,1.802793,0.494585,"fp32"
"h100-omp-asmooth-omp-main-l101-256-1-1-3200-1-1-10000-1-5-1","asmooth-omp","asmooth","Computer vision and image processing","omp","H100","main_l101","main_l101","main:l101","(256, 1, 1)","(3200, 1, 1)","10000 1 5 1",1899228821.0,0.0,0.0,0.0,1899228821.0,1260564395.0,2708107.0,1.50665,0.701312,"fp32"
"3080-omp-asmooth-omp-main-l60-256-1-1-3200-1-1-10000-1-5-1","asmooth-omp","asmooth","Computer vision and image processing","omp","3080","main_l60","main_l60","main:l60","(256, 1, 1)","(3200, 1, 1)","10000 1 5 1",1399389838.0,0.0,0.0,0.0,1399389838.0,1984948522.0,9082699.0,0.705001,0.154072,"fp32"
"a10-omp-asmooth-omp-main-l60-256-1-1-3200-1-1-10000-1-5-1","asmooth-omp","asmooth","Computer vision and image processing","omp","A10","main_l60","main_l60","main:l60","(256, 1, 1)","(3200, 1, 1)","10000 1 5 1",1399434008.0,0.0,0.0,0.0,1399434008.0,2726605184.0,13839083.0,0.513251,0.101122,"fp32"
"a100-omp-asmooth-omp-main-l60-256-1-1-3200-1-1-10000-1-5-1","asmooth-omp","asmooth","Computer vision and image processing","omp","A100","main_l60","main_l60","main:l60","(256, 1, 1)","(3200, 1, 1)","10000 1 5 1",1399434967.0,0.0,4398570921.0,0.0,5798005888.0,1821618133.0,9911275.0,3.182888,0.584991,"fp16"
"h100-omp-asmooth-omp-main-l60-256-1-1-3200-1-1-10000-1-5-1","asmooth-omp","asmooth","Computer vision and image processing","omp","H100","main_l60","main_l60","main:l60","(256, 1, 1)","(3200, 1, 1)","10000 1 5 1",1399419914.0,0.0,399978968.0,0.0,1799398882.0,1838312021.0,6773312.0,0.978832,0.26566,"fp32"
"3080-cuda-assert-cuda-perfkernel-256-1-1-1000-1-1-nan","assert-cuda","assert","algorithms","cuda","3080","_Z10perfKernelv","perfKernel","perfKernel()","(256, 1, 1)","(1000, 1, 1)",NaN,0.0,0.0,0.0,0.0,0.0,2389.0,2507.0,0.0,0.0,"int-only"
"a10-cuda-assert-cuda-perfkernel-256-1-1-1000-1-1-nan","assert-cuda","assert","algorithms","cuda","A10","_Z10perfKernelv","perfKernel","perfKernel()","(256, 1, 1)","(1000, 1, 1)",NaN,0.0,0.0,0.0,0.0,0.0,2603.0,3904.0,0.0,0.0,"int-only"
"a100-cuda-assert-cuda-perfkernel-256-1-1-1000-1-1-nan","assert-cuda","assert","algorithms","cuda","A100","_Z10perfKernelv","perfKernel","perfKernel()","(256, 1, 1)","(1000, 1, 1)",NaN,0.0,0.0,0.0,0.0,0.0,2304.0,2944.0,0.0,0.0,"int-only"
"h100-cuda-assert-cuda-perfkernel-256-1-1-1000-1-1-nan","assert-cuda","assert","algorithms","cuda","H100","_Z10perfKernelv","perfKernel","perfKernel()","(256, 1, 1)","(1000, 1, 1)",NaN,0.0,0.0,0.0,0.0,0.0,2560.0,2933.0,0.0,0.0,"int-only"
"3080-cuda-assert-cuda-testkernel-32-1-1-2-1-1-nan","assert-cuda","assert","algorithms","cuda","3080","_Z10testKerneli","testKernel","testKernel(int)","(32, 1, 1)","(2, 1, 1)",NaN,0.0,0.0,0.0,0.0,0.0,2475.0,1632.0,0.0,0.0,"int-only"
"a10-cuda-assert-cuda-testkernel-32-1-1-2-1-1-nan","assert-cuda","assert","algorithms","cuda","A10","_Z10testKerneli","testKernel","testKernel(int)","(32, 1, 1)","(2, 1, 1)",NaN,0.0,0.0,0.0,0.0,0.0,2603.0,2645.0,0.0,0.0,"int-only"
"a100-cuda-assert-cuda-testkernel-32-1-1-2-1-1-nan","assert-cuda","assert","algorithms","cuda","A100","_Z10testKerneli","testKernel","testKernel(int)","(32, 1, 1)","(2, 1, 1)",NaN,0.0,0.0,0.0,0.0,0.0,2304.0,2645.0,0.0,0.0,"int-only"
"h100-cuda-assert-cuda-testkernel-32-1-1-2-1-1-nan","assert-cuda","assert","algorithms","cuda","H100","_Z10testKerneli","testKernel","testKernel(int)","(32, 1, 1)","(2, 1, 1)",NaN,0.0,0.0,0.0,0.0,0.0,2560.0,2304.0,0.0,0.0,"int-only"
"3080-cuda-assert-cuda-perfkernel2-256-1-1-1000-1-1-nan","assert-cuda","assert","algorithms","cuda","3080","_Z11perfKernel2v","perfKernel2","perfKernel2()","(256, 1, 1)","(1000, 1, 1)",NaN,0.0,0.0,0.0,0.0,0.0,2347.0,2485.0,0.0,0.0,"int-only"
"a10-cuda-assert-cuda-perfkernel2-256-1-1-1000-1-1-nan","assert-cuda","assert","algorithms","cuda","A10","_Z11perfKernel2v","perfKernel2","perfKernel2()","(256, 1, 1)","(1000, 1, 1)",NaN,0.0,0.0,0.0,0.0,0.0,2773.0,3851.0,0.0,0.0,"int-only"
"a100-cuda-assert-cuda-perfkernel2-256-1-1-1000-1-1-nan","assert-cuda","assert","algorithms","cuda","A100","_Z11perfKernel2v","perfKernel2","perfKernel2()","(256, 1, 1)","(1000, 1, 1)",NaN,0.0,0.0,0.0,0.0,0.0,2304.0,2955.0,0.0,0.0,"int-only"
"h100-cuda-assert-cuda-perfkernel2-256-1-1-1000-1-1-nan","assert-cuda","assert","algorithms","cuda","H100","_Z11perfKernel2v","perfKernel2","perfKernel2()","(256, 1, 1)","(1000, 1, 1)",NaN,0.0,0.0,0.0,0.0,0.0,2560.0,2891.0,0.0,0.0,"int-only"
"3080-omp-assert-omp-z10perfkernelii-l31-256-1-1-1000-1-1-nan","assert-omp","assert","algorithms","omp","3080","_Z10perfKernelii_l31","Z10perfKernelii_l31","perfKernel(int, int):l31","(256, 1, 1)","(1000, 1, 1)",NaN,0.0,0.0,0.0,0.0,0.0,3029.0,3648.0,0.0,0.0,"int-only"
"a10-omp-assert-omp-z10perfkernelii-l31-256-1-1-1000-1-1-nan","assert-omp","assert","algorithms","omp","A10","_Z10perfKernelii_l31","Z10perfKernelii_l31","perfKernel(int, int):l31","(256, 1, 1)","(1000, 1, 1)",NaN,0.0,0.0,0.0,0.0,0.0,3541.0,5803.0,0.0,0.0,"int-only"
"a100-omp-assert-omp-z10perfkernelii-l31-256-1-1-1000-1-1-nan","assert-omp","assert","algorithms","omp","A100","_Z10perfKernelii_l31","Z10perfKernelii_l31","perfKernel(int, int):l31","(256, 1, 1)","(1000, 1, 1)",NaN,0.0,0.0,0.0,0.0,0.0,2944.0,3808.0,0.0,0.0,"int-only"
"h100-omp-assert-omp-z10perfkernelii-l31-256-1-1-1000-1-1-nan","assert-omp","assert","algorithms","omp","H100","_Z10perfKernelii_l31","Z10perfKernelii_l31","perfKernel(int, int):l31","(256, 1, 1)","(1000, 1, 1)",NaN,0.0,0.0,3995.0,0.0,3995.0,3584.0,3275.0,1.114676,0.00122,"fp16"
"3080-omp-assert-omp-z10testkerneliii-l22-32-1-1-2-1-1-nan","assert-omp","assert","algorithms","omp","3080","_Z10testKerneliii_l22","Z10testKerneliii_l22","testKernel(int, int, int):l22","(32, 1, 1)","(2, 1, 1)",NaN,0.0,0.0,0.0,0.0,0.0,2987.0,2101.0,0.0,0.0,"int-only"
"a10-omp-assert-omp-z10testkerneliii-l22-32-1-1-2-1-1-nan","assert-omp","assert","algorithms","omp","A10","_Z10testKerneliii_l22","Z10testKerneliii_l22","testKernel(int, int, int):l22","(32, 1, 1)","(2, 1, 1)",NaN,0.0,0.0,0.0,0.0,0.0,3413.0,3371.0,0.0,0.0,"int-only"
"a100-omp-assert-omp-z10testkerneliii-l22-32-1-1-2-1-1-nan","assert-omp","assert","algorithms","omp","A100","_Z10testKerneliii_l22","Z10testKerneliii_l22","testKernel(int, int, int):l22","(32, 1, 1)","(2, 1, 1)",NaN,0.0,0.0,0.0,0.0,0.0,2944.0,2848.0,0.0,0.0,"int-only"
"h100-omp-assert-omp-z10testkerneliii-l22-32-1-1-2-1-1-nan","assert-omp","assert","algorithms","omp","H100","_Z10testKerneliii_l22","Z10testKerneliii_l22","testKernel(int, int, int):l22","(32, 1, 1)","(2, 1, 1)",NaN,0.0,0.0,0.0,0.0,0.0,3840.0,2571.0,0.0,0.0,"int-only"
"3080-cuda-asta-cuda-pttwac-soa-asta-64-1-1-16-1-1-nan","asta-cuda","asta","Language and kernel features","cuda","3080","_Z15PTTWAC_soa_astaiiiPfPiS0_","PTTWAC_soa_asta","PTTWAC_soa_asta(int, int, int, float *, int *, int *)","(64, 1, 1)","(16, 1, 1)",NaN,0.0,0.0,0.0,0.0,0.0,91356587.0,18303627.0,0.0,0.0,"int-only"
"a10-cuda-asta-cuda-pttwac-soa-asta-64-1-1-16-1-1-nan","asta-cuda","asta","Language and kernel features","cuda","A10","_Z15PTTWAC_soa_astaiiiPfPiS0_","PTTWAC_soa_asta","PTTWAC_soa_asta(int, int, int, float *, int *, int *)","(64, 1, 1)","(16, 1, 1)",NaN,0.0,0.0,0.0,0.0,0.0,113577216.0,29119179.0,0.0,0.0,"int-only"
"a100-cuda-asta-cuda-pttwac-soa-asta-64-1-1-16-1-1-nan","asta-cuda","asta","Language and kernel features","cuda","A100","_Z15PTTWAC_soa_astaiiiPfPiS0_","PTTWAC_soa_asta","PTTWAC_soa_asta(int, int, int, float *, int *, int *)","(64, 1, 1)","(16, 1, 1)",NaN,0.0,0.0,57272944.0,0.0,57272944.0,50932523.0,24838624.0,1.124487,0.002306,"fp16"
"h100-cuda-asta-cuda-pttwac-soa-asta-64-1-1-16-1-1-nan","asta-cuda","asta","Language and kernel features","cuda","H100","_Z15PTTWAC_soa_astaiiiPfPiS0_","PTTWAC_soa_asta","PTTWAC_soa_asta(int, int, int, float *, int *, int *)","(64, 1, 1)","(16, 1, 1)",NaN,0.0,0.0,1824229.0,0.0,1824229.0,40671061.0,19065109.0,0.044853,9.6e-05,"fp16"
"3080-omp-asta-omp-main-l170-64-1-1-16-1-1-nan","asta-omp","asta","Language and kernel features","omp","3080","main_l170","main_l170","main:l170","(64, 1, 1)","(16, 1, 1)",NaN,0.0,0.0,0.0,0.0,0.0,90692608.0,18801109.0,0.0,0.0,"int-only"
"a10-omp-asta-omp-main-l170-64-1-1-16-1-1-nan","asta-omp","asta","Language and kernel features","omp","A10","main_l170","main_l170","main:l170","(64, 1, 1)","(16, 1, 1)",NaN,0.0,0.0,0.0,0.0,0.0,111857920.0,30077067.0,0.0,0.0,"int-only"
"a100-omp-asta-omp-main-l170-64-1-1-16-1-1-nan","asta-omp","asta","Language and kernel features","omp","A100","main_l170","main_l170","main:l170","(64, 1, 1)","(16, 1, 1)",NaN,0.0,0.0,56438579.0,0.0,56438579.0,51291392.0,25265525.0,1.100352,0.002234,"fp16"
"h100-omp-asta-omp-main-l170-64-1-1-16-1-1-nan","asta-omp","asta","Language and kernel features","omp","H100","main_l170","main_l170","main:l170","(64, 1, 1)","(16, 1, 1)",NaN,0.0,0.0,56256600.0,0.0,56256600.0,41387435.0,20008064.0,1.359268,0.002812,"fp16"
"3080-cuda-atan2-cuda-compute-f-256-1-1-39063-1-1-10000000-100","atan2-cuda","atan2","Math","cuda","3080","_Z9compute_fiPKfS0_Pf","compute_f","compute_f(int, const float *, const float *, float *)","(256, 1, 1)","(39063, 1, 1)","10000000 100",889999884.0,0.0,0.0,0.0,889999884.0,119332480.0,174656.0,7.458153,5.09573,"fp32"
"a10-cuda-atan2-cuda-compute-f-256-1-1-39063-1-1-10000000-100","atan2-cuda","atan2","Math","cuda","A10","_Z9compute_fiPKfS0_Pf","compute_f","compute_f(int, const float *, const float *, float *)","(256, 1, 1)","(39063, 1, 1)","10000000 100",890000534.0,0.0,0.0,0.0,890000534.0,131637120.0,241077.0,6.761015,3.691769,"fp32"
"a100-cuda-atan2-cuda-compute-f-256-1-1-39063-1-1-10000000-100","atan2-cuda","atan2","Math","cuda","A100","_Z9compute_fiPKfS0_Pf","compute_f","compute_f(int, const float *, const float *, float *)","(256, 1, 1)","(39063, 1, 1)","10000000 100",889999906.0,0.0,200000104.0,0.0,1090000010.0,112890795.0,117941.0,9.655349,9.241909,"fp32"
"h100-cuda-atan2-cuda-compute-f-256-1-1-39063-1-1-10000000-100","atan2-cuda","atan2","Math","cuda","H100","_Z9compute_fiPKfS0_Pf","compute_f","compute_f(int, const float *, const float *, float *)","(256, 1, 1)","(39063, 1, 1)","10000000 100",890000018.0,0.0,160000053.0,0.0,1050000071.0,110192725.0,55957.0,9.52876,18.76441,"fp32"
"3080-cuda-atan2-cuda-compute-i-256-1-1-39063-1-1-10000000-100","atan2-cuda","atan2","Math","cuda","3080","_Z9compute_iiPKfS0_Pi","compute_i","compute_i(int, const float *, const float *, int *)","(256, 1, 1)","(39063, 1, 1)","10000000 100",609999631.0,0.0,0.0,0.0,609999631.0,119355221.0,174816.0,5.110791,3.489381,"fp32"
"a10-cuda-atan2-cuda-compute-i-256-1-1-39063-1-1-10000000-100","atan2-cuda","atan2","Math","cuda","A10","_Z9compute_iiPKfS0_Pi","compute_i","compute_i(int, const float *, const float *, int *)","(256, 1, 1)","(39063, 1, 1)","10000000 100",610000628.0,0.0,0.0,0.0,610000628.0,131515819.0,240416.0,4.63823,2.537271,"fp32"
"a100-cuda-atan2-cuda-compute-i-256-1-1-39063-1-1-10000000-100","atan2-cuda","atan2","Math","cuda","A100","_Z9compute_iiPKfS0_Pi","compute_i","compute_i(int, const float *, const float *, int *)","(256, 1, 1)","(39063, 1, 1)","10000000 100",609999616.0,0.0,199999811.0,0.0,809999427.0,112847317.0,104587.0,7.177835,7.744743,"fp32"
"h100-cuda-atan2-cuda-compute-i-256-1-1-39063-1-1-10000000-100","atan2-cuda","atan2","Math","cuda","H100","_Z9compute_iiPKfS0_Pi","compute_i","compute_i(int, const float *, const float *, int *)","(256, 1, 1)","(39063, 1, 1)","10000000 100",610000315.0,0.0,159999940.0,0.0,770000255.0,110218496.0,54677.0,6.986126,14.082709,"fp32"
"3080-cuda-atan2-cuda-compute-s-256-1-1-39063-1-1-10000000-100","atan2-cuda","atan2","Math","cuda","3080","_Z9compute_siPKfS0_Ps","compute_s","compute_s(int, const float *, const float *, short *)","(256, 1, 1)","(39063, 1, 1)","10000000 100",369999838.0,0.0,0.0,0.0,369999838.0,100135296.0,144128.0,3.694999,2.567161,"fp32"
"a10-cuda-atan2-cuda-compute-s-256-1-1-39063-1-1-10000000-100","atan2-cuda","atan2","Math","cuda","A10","_Z9compute_siPKfS0_Ps","compute_s","compute_s(int, const float *, const float *, short *)","(256, 1, 1)","(39063, 1, 1)","10000000 100",370000182.0,0.0,0.0,0.0,370000182.0,109300352.0,194997.0,3.385169,1.897466,"fp32"
"a100-cuda-atan2-cuda-compute-s-256-1-1-39063-1-1-10000000-100","atan2-cuda","atan2","Math","cuda","A100","_Z9compute_siPKfS0_Ps","compute_s","compute_s(int, const float *, const float *, short *)","(256, 1, 1)","(39063, 1, 1)","10000000 100",370000185.0,0.0,160000020.0,0.0,530000205.0,96529237.0,87093.0,5.490567,6.085451,"fp32"
"h100-cuda-atan2-cuda-compute-s-256-1-1-39063-1-1-10000000-100","atan2-cuda","atan2","Math","cuda","H100","_Z9compute_siPKfS0_Ps","compute_s","compute_s(int, const float *, const float *, short *)","(256, 1, 1)","(39063, 1, 1)","10000000 100",369999815.0,0.0,119999901.0,0.0,489999716.0,94912512.0,46240.0,5.162646,10.59688,"fp32"
"3080-omp-atan2-omp-pf-l269-256-1-1-3200-1-1-10000000-100","atan2-omp","atan2","Math","omp","3080","_Z9compute_fiPKfS0_Pf_l269","Pf_l269","compute_f(int, const float *, const float *, float *):l269","(256, 1, 1)","(3200, 1, 1)","10000000 100",889998834.0,0.0,0.0,0.0,889998834.0,119870378.0,177664.0,7.424677,5.009449,"fp32"
"a10-omp-atan2-omp-pf-l269-256-1-1-3200-1-1-10000000-100","atan2-omp","atan2","Math","omp","A10","_Z9compute_fiPKfS0_Pf_l269","Pf_l269","compute_f(int, const float *, const float *, float *):l269","(256, 1, 1)","(3200, 1, 1)","10000000 100",889999747.0,0.0,0.0,0.0,889999747.0,134155691.0,251424.0,6.634081,3.539836,"fp32"
"a100-omp-atan2-omp-pf-l269-256-1-1-3200-1-1-10000000-100","atan2-omp","atan2","Math","omp","A100","_Z9compute_fiPKfS0_Pf_l269","Pf_l269","compute_f(int, const float *, const float *, float *):l269","(256, 1, 1)","(3200, 1, 1)","10000000 100",889999835.0,0.0,203276865.0,0.0,1093276700.0,112600832.0,140747.0,9.709313,7.767673,"fp32"
"h100-omp-atan2-omp-pf-l269-256-1-1-3200-1-1-10000000-100","atan2-omp","atan2","Math","omp","H100","_Z9compute_fiPKfS0_Pf_l269","Pf_l269","compute_f(int, const float *, const float *, float *):l269","(256, 1, 1)","(3200, 1, 1)","10000000 100",889999735.0,0.0,160000274.0,0.0,1050000009.0,109842603.0,73077.0,9.559133,14.368406,"fp32"
"3080-omp-atan2-omp-pi-l306-256-1-1-3200-1-1-10000000-100","atan2-omp","atan2","Math","omp","3080","_Z9compute_iiPKfS0_Pi_l306","Pi_l306","compute_i(int, const float *, const float *, int *):l306","(256, 1, 1)","(3200, 1, 1)","10000000 100",610001564.0,0.0,0.0,0.0,610001564.0,119860053.0,180555.0,5.089282,3.378481,"fp32"
"a10-omp-atan2-omp-pi-l306-256-1-1-3200-1-1-10000000-100","atan2-omp","atan2","Math","omp","A10","_Z9compute_iiPKfS0_Pi_l306","Pi_l306","compute_i(int, const float *, const float *, int *):l306","(256, 1, 1)","(3200, 1, 1)","10000000 100",609999797.0,0.0,0.0,0.0,609999797.0,133677354.0,247787.0,4.563225,2.461791,"fp32"
"a100-omp-atan2-omp-pi-l306-256-1-1-3200-1-1-10000000-100","atan2-omp","atan2","Math","omp","A100","_Z9compute_iiPKfS0_Pi_l306","Pi_l306","compute_i(int, const float *, const float *, int *):l306","(256, 1, 1)","(3200, 1, 1)","10000000 100",609999830.0,0.0,163276834.0,0.0,773276664.0,112593920.0,129845.0,6.867837,5.955383,"fp32"
"h100-omp-atan2-omp-pi-l306-256-1-1-3200-1-1-10000000-100","atan2-omp","atan2","Math","omp","H100","_Z9compute_iiPKfS0_Pi_l306","Pi_l306","compute_i(int, const float *, const float *, int *):l306","(256, 1, 1)","(3200, 1, 1)","10000000 100",609999352.0,0.0,160000071.0,0.0,769999423.0,110107221.0,70965.0,6.993178,10.850411,"fp32"
"3080-omp-atan2-omp-ps-l289-256-1-1-3200-1-1-10000000-100","atan2-omp","atan2","Math","omp","3080","_Z9compute_siPKfS0_Ps_l289","Ps_l289","compute_s(int, const float *, const float *, short *):l289","(256, 1, 1)","(3200, 1, 1)","10000000 100",370000638.0,0.0,0.0,0.0,370000638.0,100590976.0,150443.0,3.678269,2.459407,"fp32"
"a10-omp-atan2-omp-ps-l289-256-1-1-3200-1-1-10000000-100","atan2-omp","atan2","Math","omp","A10","_Z9compute_siPKfS0_Ps_l289","Ps_l289","compute_s(int, const float *, const float *, short *):l289","(256, 1, 1)","(3200, 1, 1)","10000000 100",370000552.0,0.0,0.0,0.0,370000552.0,112499371.0,212320.0,3.288912,1.742655,"fp32"
"a100-omp-atan2-omp-ps-l289-256-1-1-3200-1-1-10000000-100","atan2-omp","atan2","Math","omp","A100","_Z9compute_siPKfS0_Ps_l289","Ps_l289","compute_s(int, const float *, const float *, short *):l289","(256, 1, 1)","(3200, 1, 1)","10000000 100",370000091.0,0.0,80000076.0,0.0,450000167.0,96578262.0,117141.0,4.659435,3.841526,"fp32"
"h100-omp-atan2-omp-ps-l289-256-1-1-3200-1-1-10000000-100","atan2-omp","atan2","Math","omp","H100","_Z9compute_siPKfS0_Ps_l289","Ps_l289","compute_s(int, const float *, const float *, short *):l289","(256, 1, 1)","(3200, 1, 1)","10000000 100",370000408.0,0.0,80000375.0,0.0,450000783.0,95150507.0,72245.0,4.729358,6.228816,"fp32"
"3080-cuda-atomicaggregate-cuda-k-256-1-1-65536-1-1-1000","atomicAggregate-cuda","atomicAggregate","Data compression and reduction","cuda","3080","_Z1kPii","k","k(int *, int)","(256, 1, 1)","(65536, 1, 1)","1000",0.0,0.0,0.0,0.0,0.0,8363.0,1923339.0,0.0,0.0,"int-only"
"a10-cuda-atomicaggregate-cuda-k-256-1-1-65536-1-1-1000","atomicAggregate-cuda","atomicAggregate","Data compression and reduction","cuda","A10","_Z1kPii","k","k(int *, int)","(256, 1, 1)","(65536, 1, 1)","1000",0.0,0.0,0.0,0.0,0.0,8277.0,3017557.0,0.0,0.0,"int-only"
"a100-cuda-atomicaggregate-cuda-k-256-1-1-65536-1-1-1000","atomicAggregate-cuda","atomicAggregate","Data compression and reduction","cuda","A100","_Z1kPii","k","k(int *, int)","(256, 1, 1)","(65536, 1, 1)","1000",0.0,0.0,67114012.0,0.0,67114012.0,3584.0,2004203.0,18726.007812,0.033487,"fp16"
"h100-cuda-atomicaggregate-cuda-k-256-1-1-65536-1-1-1000","atomicAggregate-cuda","atomicAggregate","Data compression and reduction","cuda","H100","_Z1kPii","k","k(int *, int)","(256, 1, 1)","(65536, 1, 1)","1000",0.0,0.0,0.0,0.0,0.0,3413.0,1230475.0,0.0,0.0,"int-only"
"3080-cuda-atomiccas-cuda-atomicmaxderived-256-1-1-1024-1-1-10000","atomicCAS-cuda","atomicCAS","Data compression and reduction","cuda","3080","_Z16atomicMaxDerivedIdEvPT_","atomicMaxDerived","void atomicMaxDerived<double>(T1 *)","(256, 1, 1)","(1024, 1, 1)","10000",0.0,0.0,0.0,0.0,0.0,3669.0,423691.0,0.0,0.0,"int-only"
"a10-cuda-atomiccas-cuda-atomicmaxderived-256-1-1-1024-1-1-10000","atomicCAS-cuda","atomicCAS","Data compression and reduction","cuda","A10","_Z16atomicMaxDerivedIdEvPT_","atomicMaxDerived","void atomicMaxDerived<double>(T1 *)","(256, 1, 1)","(1024, 1, 1)","10000",0.0,0.0,0.0,0.0,0.0,3200.0,860160.0,0.0,0.0,"int-only"
"a100-cuda-atomiccas-cuda-atomicmaxderived-256-1-1-1024-1-1-10000","atomicCAS-cuda","atomicCAS","Data compression and reduction","cuda","A100","_Z16atomicMaxDerivedIdEvPT_","atomicMaxDerived","void atomicMaxDerived<double>(T1 *)","(256, 1, 1)","(1024, 1, 1)","10000",0.0,0.0,0.0,0.0,0.0,2688.0,3288864.0,0.0,0.0,"int-only"
"h100-cuda-atomiccas-cuda-atomicmaxderived-256-1-1-1024-1-1-10000","atomicCAS-cuda","atomicCAS","Data compression and reduction","cuda","H100","_Z16atomicMaxDerivedIdEvPT_","atomicMaxDerived","void atomicMaxDerived<double>(T1 *)","(256, 1, 1)","(1024, 1, 1)","10000",0.0,0.0,0.0,0.0,0.0,2901.0,1305163.0,0.0,0.0,"int-only"
"3080-cuda-atomiccas-cuda-long-256-1-1-1024-1-1-10000","atomicCAS-cuda","atomicCAS","Data compression and reduction","cuda","3080","_Z16atomicMaxDerivedIxEvPT_","long>","void atomicMaxDerived<long long>(T1 *)","(256, 1, 1)","(1024, 1, 1)","10000",0.0,0.0,0.0,0.0,0.0,3926.0,378165.0,0.0,0.0,"int-only"
"a10-cuda-atomiccas-cuda-long-256-1-1-1024-1-1-10000","atomicCAS-cuda","atomicCAS","Data compression and reduction","cuda","A10","_Z16atomicMaxDerivedIxEvPT_","long>","void atomicMaxDerived<long long>(T1 *)","(256, 1, 1)","(1024, 1, 1)","10000",0.0,0.0,0.0,0.0,0.0,3243.0,940053.0,0.0,0.0,"int-only"
"a100-cuda-atomiccas-cuda-long-256-1-1-1024-1-1-10000","atomicCAS-cuda","atomicCAS","Data compression and reduction","cuda","A100","_Z16atomicMaxDerivedIxEvPT_","long>","void atomicMaxDerived<long long>(T1 *)","(256, 1, 1)","(1024, 1, 1)","10000",0.0,0.0,0.0,0.0,0.0,2688.0,2548256.0,0.0,0.0,"int-only"
"h100-cuda-atomiccas-cuda-long-256-1-1-1024-1-1-10000","atomicCAS-cuda","atomicCAS","Data compression and reduction","cuda","H100","_Z16atomicMaxDerivedIxEvPT_","long>","void atomicMaxDerived<long long>(T1 *)","(256, 1, 1)","(1024, 1, 1)","10000",0.0,0.0,0.0,0.0,0.0,2987.0,1364789.0,0.0,0.0,"int-only"
"3080-cuda-atomiccas-cuda-long-256-1-1-1024-1-1-10000","atomicCAS-cuda","atomicCAS","Data compression and reduction","cuda","3080","_Z16atomicMaxDerivedIyEvPT_","long>","void atomicMaxDerived<unsigned long long>(T1 *)","(256, 1, 1)","(1024, 1, 1)","10000",0.0,0.0,0.0,0.0,0.0,2944.0,410581.0,0.0,0.0,"int-only"
"a10-cuda-atomiccas-cuda-long-256-1-1-1024-1-1-10000","atomicCAS-cuda","atomicCAS","Data compression and reduction","cuda","A10","_Z16atomicMaxDerivedIyEvPT_","long>","void atomicMaxDerived<unsigned long long>(T1 *)","(256, 1, 1)","(1024, 1, 1)","10000",0.0,0.0,0.0,0.0,0.0,18304.0,1312864.0,0.0,0.0,"int-only"
"a100-cuda-atomiccas-cuda-long-256-1-1-1024-1-1-10000","atomicCAS-cuda","atomicCAS","Data compression and reduction","cuda","A100","_Z16atomicMaxDerivedIyEvPT_","long>","void atomicMaxDerived<unsigned long long>(T1 *)","(256, 1, 1)","(1024, 1, 1)","10000",0.0,0.0,0.0,0.0,0.0,2773.0,2492139.0,0.0,0.0,"int-only"
"h100-cuda-atomiccas-cuda-long-256-1-1-1024-1-1-10000","atomicCAS-cuda","atomicCAS","Data compression and reduction","cuda","H100","_Z16atomicMaxDerivedIyEvPT_","long>","void atomicMaxDerived<unsigned long long>(T1 *)","(256, 1, 1)","(1024, 1, 1)","10000",0.0,0.0,0.0,0.0,0.0,2816.0,1298187.0,0.0,0.0,"int-only"
"3080-cuda-atomiccas-cuda-atomicminderived-256-1-1-1024-1-1-10000","atomicCAS-cuda","atomicCAS","Data compression and reduction","cuda","3080","_Z16atomicMinDerivedIdEvPT_","atomicMinDerived","void atomicMinDerived<double>(T1 *)","(256, 1, 1)","(1024, 1, 1)","10000",0.0,0.0,0.0,0.0,0.0,3158.0,93920.0,0.0,0.0,"int-only"
"a10-cuda-atomiccas-cuda-atomicminderived-256-1-1-1024-1-1-10000","atomicCAS-cuda","atomicCAS","Data compression and reduction","cuda","A10","_Z16atomicMinDerivedIdEvPT_","atomicMinDerived","void atomicMinDerived<double>(T1 *)","(256, 1, 1)","(1024, 1, 1)","10000",0.0,0.0,0.0,0.0,0.0,3413.0,198229.0,0.0,0.0,"int-only"
"a100-cuda-atomiccas-cuda-atomicminderived-256-1-1-1024-1-1-10000","atomicCAS-cuda","atomicCAS","Data compression and reduction","cuda","A100","_Z16atomicMinDerivedIdEvPT_","atomicMinDerived","void atomicMinDerived<double>(T1 *)","(256, 1, 1)","(1024, 1, 1)","10000",0.0,0.0,0.0,0.0,0.0,2859.0,330101.0,0.0,0.0,"int-only"
"h100-cuda-atomiccas-cuda-atomicminderived-256-1-1-1024-1-1-10000","atomicCAS-cuda","atomicCAS","Data compression and reduction","cuda","H100","_Z16atomicMinDerivedIdEvPT_","atomicMinDerived","void atomicMinDerived<double>(T1 *)","(256, 1, 1)","(1024, 1, 1)","10000",0.0,0.0,0.0,0.0,0.0,2816.0,227115.0,0.0,0.0,"int-only"
"3080-cuda-atomiccas-cuda-long-256-1-1-1024-1-1-10000","atomicCAS-cuda","atomicCAS","Data compression and reduction","cuda","3080","_Z16atomicMinDerivedIxEvPT_","long>","void atomicMinDerived<long long>(T1 *)","(256, 1, 1)","(1024, 1, 1)","10000",0.0,0.0,0.0,0.0,0.0,3158.0,92576.0,0.0,0.0,"int-only"
"a10-cuda-atomiccas-cuda-long-256-1-1-1024-1-1-10000","atomicCAS-cuda","atomicCAS","Data compression and reduction","cuda","A10","_Z16atomicMinDerivedIxEvPT_","long>","void atomicMinDerived<long long>(T1 *)","(256, 1, 1)","(1024, 1, 1)","10000",0.0,0.0,0.0,0.0,0.0,4181.0,208725.0,0.0,0.0,"int-only"
"a100-cuda-atomiccas-cuda-long-256-1-1-1024-1-1-10000","atomicCAS-cuda","atomicCAS","Data compression and reduction","cuda","A100","_Z16atomicMinDerivedIxEvPT_","long>","void atomicMinDerived<long long>(T1 *)","(256, 1, 1)","(1024, 1, 1)","10000",0.0,0.0,0.0,0.0,0.0,2859.0,318933.0,0.0,0.0,"int-only"
"h100-cuda-atomiccas-cuda-long-256-1-1-1024-1-1-10000","atomicCAS-cuda","atomicCAS","Data compression and reduction","cuda","H100","_Z16atomicMinDerivedIxEvPT_","long>","void atomicMinDerived<long long>(T1 *)","(256, 1, 1)","(1024, 1, 1)","10000",0.0,0.0,0.0,0.0,0.0,90197.0,217067.0,0.0,0.0,"int-only"
"3080-cuda-atomiccas-cuda-long-256-1-1-1024-1-1-10000","atomicCAS-cuda","atomicCAS","Data compression and reduction","cuda","3080","_Z16atomicMinDerivedIyEvPT_","long>","void atomicMinDerived<unsigned long long>(T1 *)","(256, 1, 1)","(1024, 1, 1)","10000",0.0,0.0,0.0,0.0,0.0,3200.0,92085.0,0.0,0.0,"int-only"
"a10-cuda-atomiccas-cuda-long-256-1-1-1024-1-1-10000","atomicCAS-cuda","atomicCAS","Data compression and reduction","cuda","A10","_Z16atomicMinDerivedIyEvPT_","long>","void atomicMinDerived<unsigned long long>(T1 *)","(256, 1, 1)","(1024, 1, 1)","10000",0.0,0.0,0.0,0.0,0.0,3243.0,214069.0,0.0,0.0,"int-only"
"a100-cuda-atomiccas-cuda-long-256-1-1-1024-1-1-10000","atomicCAS-cuda","atomicCAS","Data compression and reduction","cuda","A100","_Z16atomicMinDerivedIyEvPT_","long>","void atomicMinDerived<unsigned long long>(T1 *)","(256, 1, 1)","(1024, 1, 1)","10000",0.0,0.0,0.0,0.0,0.0,2773.0,318880.0,0.0,0.0,"int-only"
"h100-cuda-atomiccas-cuda-long-256-1-1-1024-1-1-10000","atomicCAS-cuda","atomicCAS","Data compression and reduction","cuda","H100","_Z16atomicMinDerivedIyEvPT_","long>","void atomicMinDerived<unsigned long long>(T1 *)","(256, 1, 1)","(1024, 1, 1)","10000",0.0,0.0,0.0,0.0,0.0,2901.0,208672.0,0.0,0.0,"int-only"
"3080-cuda-atomiccost-cuda-wiatomiconglobalmem-256-1-1-225225-1-1-16-10","atomicCost-cuda","atomicCost","Data compression and reduction","cuda","3080","_Z19wiAtomicOnGlobalMemIdEvPT_i","wiAtomicOnGlobalMem","void wiAtomicOnGlobalMem<double>(T1 *, int)","(256, 1, 1)","(225225, 1, 1)","16 10",0.0,0.0,0.0,0.0,0.0,922545408.0,16905141.0,0.0,0.0,"int-only"
"a10-cuda-atomiccost-cuda-wiatomiconglobalmem-256-1-1-225225-1-1-16-10","atomicCost-cuda","atomicCost","Data compression and reduction","cuda","A10","_Z19wiAtomicOnGlobalMemIdEvPT_i","wiAtomicOnGlobalMem","void wiAtomicOnGlobalMem<double>(T1 *, int)","(256, 1, 1)","(225225, 1, 1)","16 10",0.0,0.0,0.0,0.0,0.0,1110801706.0,22099808.0,0.0,0.0,"int-only"
"a100-cuda-atomiccost-cuda-wiatomiconglobalmem-256-1-1-225225-1-1-16-10","atomicCost-cuda","atomicCost","Data compression and reduction","cuda","A100","_Z19wiAtomicOnGlobalMemIdEvPT_i","wiAtomicOnGlobalMem","void wiAtomicOnGlobalMem<double>(T1 *, int)","(256, 1, 1)","(225225, 1, 1)","16 10",0.0,0.0,0.0,0.0,0.0,906552618.0,6588651.0,0.0,0.0,"int-only"
"h100-cuda-atomiccost-cuda-wiatomiconglobalmem-256-1-1-225225-1-1-16-10","atomicCost-cuda","atomicCost","Data compression and reduction","cuda","H100","_Z19wiAtomicOnGlobalMemIdEvPT_i","wiAtomicOnGlobalMem","void wiAtomicOnGlobalMem<double>(T1 *, int)","(256, 1, 1)","(225225, 1, 1)","16 10",0.0,0.0,0.0,0.0,0.0,902180949.0,3920587.0,0.0,0.0,"int-only"
"3080-cuda-atomiccost-cuda-wiatomiconglobalmem-256-1-1-225225-1-1-16-10","atomicCost-cuda","atomicCost","Data compression and reduction","cuda","3080","_Z19wiAtomicOnGlobalMemIfEvPT_i","wiAtomicOnGlobalMem","void wiAtomicOnGlobalMem<float>(T1 *, int)","(256, 1, 1)","(225225, 1, 1)","16 10",0.0,0.0,0.0,0.0,0.0,460793002.0,3281760.0,0.0,0.0,"int-only"
"a10-cuda-atomiccost-cuda-wiatomiconglobalmem-256-1-1-225225-1-1-16-10","atomicCost-cuda","atomicCost","Data compression and reduction","cuda","A10","_Z19wiAtomicOnGlobalMemIfEvPT_i","wiAtomicOnGlobalMem","void wiAtomicOnGlobalMem<float>(T1 *, int)","(256, 1, 1)","(225225, 1, 1)","16 10",0.0,0.0,0.0,0.0,0.0,565645312.0,5101227.0,0.0,0.0,"int-only"
"a100-cuda-atomiccost-cuda-wiatomiconglobalmem-256-1-1-225225-1-1-16-10","atomicCost-cuda","atomicCost","Data compression and reduction","cuda","A100","_Z19wiAtomicOnGlobalMemIfEvPT_i","wiAtomicOnGlobalMem","void wiAtomicOnGlobalMem<float>(T1 *, int)","(256, 1, 1)","(225225, 1, 1)","16 10",0.0,0.0,0.0,0.0,0.0,445285547.0,3314453.0,0.0,0.0,"int-only"
"h100-cuda-atomiccost-cuda-wiatomiconglobalmem-256-1-1-225225-1-1-16-10","atomicCost-cuda","atomicCost","Data compression and reduction","cuda","H100","_Z19wiAtomicOnGlobalMemIfEvPT_i","wiAtomicOnGlobalMem","void wiAtomicOnGlobalMem<float>(T1 *, int)","(256, 1, 1)","(225225, 1, 1)","16 10",0.0,0.0,0.0,0.0,0.0,440915115.0,1961803.0,0.0,0.0,"int-only"
"3080-cuda-atomiccost-cuda-wiatomiconglobalmem-256-1-1-225225-1-1-16-10","atomicCost-cuda","atomicCost","Data compression and reduction","cuda","3080","_Z19wiAtomicOnGlobalMemIiEvPT_i","wiAtomicOnGlobalMem","void wiAtomicOnGlobalMem<int>(T1 *, int)","(256, 1, 1)","(225225, 1, 1)","16 10",0.0,0.0,0.0,0.0,0.0,460790442.0,3283317.0,0.0,0.0,"int-only"
"a10-cuda-atomiccost-cuda-wiatomiconglobalmem-256-1-1-225225-1-1-16-10","atomicCost-cuda","atomicCost","Data compression and reduction","cuda","A10","_Z19wiAtomicOnGlobalMemIiEvPT_i","wiAtomicOnGlobalMem","void wiAtomicOnGlobalMem<int>(T1 *, int)","(256, 1, 1)","(225225, 1, 1)","16 10",0.0,0.0,0.0,0.0,0.0,565456256.0,5102144.0,0.0,0.0,"int-only"
"a100-cuda-atomiccost-cuda-wiatomiconglobalmem-256-1-1-225225-1-1-16-10","atomicCost-cuda","atomicCost","Data compression and reduction","cuda","A100","_Z19wiAtomicOnGlobalMemIiEvPT_i","wiAtomicOnGlobalMem","void wiAtomicOnGlobalMem<int>(T1 *, int)","(256, 1, 1)","(225225, 1, 1)","16 10",0.0,0.0,0.0,0.0,0.0,445257088.0,3315755.0,0.0,0.0,"int-only"
"h100-cuda-atomiccost-cuda-wiatomiconglobalmem-256-1-1-225225-1-1-16-10","atomicCost-cuda","atomicCost","Data compression and reduction","cuda","H100","_Z19wiAtomicOnGlobalMemIiEvPT_i","wiAtomicOnGlobalMem","void wiAtomicOnGlobalMem<int>(T1 *, int)","(256, 1, 1)","(225225, 1, 1)","16 10",0.0,0.0,0.0,0.0,0.0,441049429.0,1965365.0,0.0,0.0,"int-only"
"3080-cuda-atomiccost-cuda-woatomiconglobalmem-256-1-1-225225-1-1-16-10","atomicCost-cuda","atomicCost","Data compression and reduction","cuda","3080","_Z19woAtomicOnGlobalMemIdEvPT_i","woAtomicOnGlobalMem","void woAtomicOnGlobalMem<double>(T1 *, int)","(256, 1, 1)","(225225, 1, 1)","16 10",0.0,922552211.0,0.0,0.0,922552211.0,921901738.0,8256203.0,1.000706,0.11174,"fp64"
"a10-cuda-atomiccost-cuda-woatomiconglobalmem-256-1-1-225225-1-1-16-10","atomicCost-cuda","atomicCost","Data compression and reduction","cuda","A10","_Z19woAtomicOnGlobalMemIdEvPT_i","woAtomicOnGlobalMem","void woAtomicOnGlobalMem<double>(T1 *, int)","(256, 1, 1)","(225225, 1, 1)","16 10",0.0,922522203.0,0.0,0.0,922522203.0,1031180886.0,12687573.0,0.894627,0.072711,"fp64"
"a100-cuda-atomiccost-cuda-woatomiconglobalmem-256-1-1-225225-1-1-16-10","atomicCost-cuda","atomicCost","Data compression and reduction","cuda","A100","_Z19woAtomicOnGlobalMemIdEvPT_i","woAtomicOnGlobalMem","void woAtomicOnGlobalMem<double>(T1 *, int)","(256, 1, 1)","(225225, 1, 1)","16 10",0.0,922521733.0,0.0,0.0,922521733.0,904909398.0,662827.0,1.019463,1.391799,"fp64"
"h100-cuda-atomiccost-cuda-woatomiconglobalmem-256-1-1-225225-1-1-16-10","atomicCost-cuda","atomicCost","Data compression and reduction","cuda","H100","_Z19woAtomicOnGlobalMemIdEvPT_i","woAtomicOnGlobalMem","void woAtomicOnGlobalMem<double>(T1 *, int)","(256, 1, 1)","(225225, 1, 1)","16 10",0.0,922521174.0,0.0,0.0,922521174.0,900241834.0,323072.0,1.024748,2.855466,"fp64"
"3080-cuda-atomiccost-cuda-woatomiconglobalmem-256-1-1-225225-1-1-16-10","atomicCost-cuda","atomicCost","Data compression and reduction","cuda","3080","_Z19woAtomicOnGlobalMemIfEvPT_i","woAtomicOnGlobalMem","void woAtomicOnGlobalMem<float>(T1 *, int)","(256, 1, 1)","(225225, 1, 1)","16 10",922520362.0,0.0,0.0,0.0,922520362.0,460457600.0,664832.0,2.003486,1.387599,"fp32"
"a10-cuda-atomiccost-cuda-woatomiconglobalmem-256-1-1-225225-1-1-16-10","atomicCost-cuda","atomicCost","Data compression and reduction","cuda","A10","_Z19woAtomicOnGlobalMemIfEvPT_i","woAtomicOnGlobalMem","void woAtomicOnGlobalMem<float>(T1 *, int)","(256, 1, 1)","(225225, 1, 1)","16 10",922521836.0,0.0,0.0,0.0,922521836.0,506890965.0,914549.0,1.819961,1.008718,"fp32"
"a100-cuda-atomiccost-cuda-woatomiconglobalmem-256-1-1-225225-1-1-16-10","atomicCost-cuda","atomicCost","Data compression and reduction","cuda","A100","_Z19woAtomicOnGlobalMemIfEvPT_i","woAtomicOnGlobalMem","void woAtomicOnGlobalMem<float>(T1 *, int)","(256, 1, 1)","(225225, 1, 1)","16 10",922521029.0,0.0,0.0,0.0,922521029.0,443639808.0,439093.0,2.079437,2.10097,"fp32"
"h100-cuda-atomiccost-cuda-woatomiconglobalmem-256-1-1-225225-1-1-16-10","atomicCost-cuda","atomicCost","Data compression and reduction","cuda","H100","_Z19woAtomicOnGlobalMemIfEvPT_i","woAtomicOnGlobalMem","void woAtomicOnGlobalMem<float>(T1 *, int)","(256, 1, 1)","(225225, 1, 1)","16 10",922521153.0,0.0,0.0,0.0,922521153.0,438822998.0,229685.0,2.102263,4.016462,"fp32"
"3080-cuda-atomiccost-cuda-woatomiconglobalmem-256-1-1-225225-1-1-16-10","atomicCost-cuda","atomicCost","Data compression and reduction","cuda","3080","_Z19woAtomicOnGlobalMemIiEvPT_i","woAtomicOnGlobalMem","void woAtomicOnGlobalMem<int>(T1 *, int)","(256, 1, 1)","(225225, 1, 1)","16 10",0.0,0.0,0.0,0.0,0.0,460441472.0,664320.0,0.0,0.0,"int-only"
"a10-cuda-atomiccost-cuda-woatomiconglobalmem-256-1-1-225225-1-1-16-10","atomicCost-cuda","atomicCost","Data compression and reduction","cuda","A10","_Z19woAtomicOnGlobalMemIiEvPT_i","woAtomicOnGlobalMem","void woAtomicOnGlobalMem<int>(T1 *, int)","(256, 1, 1)","(225225, 1, 1)","16 10",0.0,0.0,0.0,0.0,0.0,507435733.0,913888.0,0.0,0.0,"int-only"
"a100-cuda-atomiccost-cuda-woatomiconglobalmem-256-1-1-225225-1-1-16-10","atomicCost-cuda","atomicCost","Data compression and reduction","cuda","A100","_Z19woAtomicOnGlobalMemIiEvPT_i","woAtomicOnGlobalMem","void woAtomicOnGlobalMem<int>(T1 *, int)","(256, 1, 1)","(225225, 1, 1)","16 10",0.0,0.0,0.0,0.0,0.0,443671125.0,423019.0,0.0,0.0,"int-only"
"h100-cuda-atomiccost-cuda-woatomiconglobalmem-256-1-1-225225-1-1-16-10","atomicCost-cuda","atomicCost","Data compression and reduction","cuda","H100","_Z19woAtomicOnGlobalMemIiEvPT_i","woAtomicOnGlobalMem","void woAtomicOnGlobalMem<int>(T1 *, int)","(256, 1, 1)","(225225, 1, 1)","16 10",0.0,0.0,0.0,0.0,0.0,438751744.0,224939.0,0.0,0.0,"int-only"
"3080-omp-atomiccost-omp-ii-l26-256-1-1-3200-1-1-16-10","atomicCost-omp","atomicCost","Data compression and reduction","omp","3080","_Z19wiAtomicOnGlobalMemIdEvPT_ii_l26","ii_l26","void wiAtomicOnGlobalMem<double>(T1 *, int, int):l26","(256, 1, 1)","(3200, 1, 1)","16 10",0.0,0.0,0.0,0.0,0.0,923639765.0,19393557.0,0.0,0.0,"int-only"
"a10-omp-atomiccost-omp-ii-l26-256-1-1-3200-1-1-16-10","atomicCost-omp","atomicCost","Data compression and reduction","omp","A10","_Z19wiAtomicOnGlobalMemIdEvPT_ii_l26","ii_l26","void wiAtomicOnGlobalMem<double>(T1 *, int, int):l26","(256, 1, 1)","(3200, 1, 1)","16 10",0.0,0.0,0.0,0.0,0.0,1101017429.0,25194859.0,0.0,0.0,"int-only"
"a100-omp-atomiccost-omp-ii-l26-256-1-1-3200-1-1-16-10","atomicCost-omp","atomicCost","Data compression and reduction","omp","A100","_Z19wiAtomicOnGlobalMemIdEvPT_ii_l26","ii_l26","void wiAtomicOnGlobalMem<double>(T1 *, int, int):l26","(256, 1, 1)","(3200, 1, 1)","16 10",0.0,0.0,461294566.0,0.0,461294566.0,906544938.0,7436256.0,0.508849,0.062033,"fp16"
"h100-omp-atomiccost-omp-ii-l26-256-1-1-3200-1-1-16-10","atomicCost-omp","atomicCost","Data compression and reduction","omp","H100","_Z19wiAtomicOnGlobalMemIdEvPT_ii_l26","ii_l26","void wiAtomicOnGlobalMem<double>(T1 *, int, int):l26","(256, 1, 1)","(3200, 1, 1)","16 10",0.0,0.0,0.0,0.0,0.0,902132309.0,4271723.0,0.0,0.0,"int-only"
"3080-omp-atomiccost-omp-ii-l26-256-1-1-3200-1-1-16-10","atomicCost-omp","atomicCost","Data compression and reduction","omp","3080","_Z19wiAtomicOnGlobalMemIfEvPT_ii_l26","ii_l26","void wiAtomicOnGlobalMem<float>(T1 *, int, int):l26","(256, 1, 1)","(3200, 1, 1)","16 10",0.0,0.0,0.0,0.0,0.0,460873045.0,3889003.0,0.0,0.0,"int-only"
"a10-omp-atomiccost-omp-ii-l26-256-1-1-3200-1-1-16-10","atomicCost-omp","atomicCost","Data compression and reduction","omp","A10","_Z19wiAtomicOnGlobalMemIfEvPT_ii_l26","ii_l26","void wiAtomicOnGlobalMem<float>(T1 *, int, int):l26","(256, 1, 1)","(3200, 1, 1)","16 10",0.0,0.0,0.0,0.0,0.0,560889686.0,5651701.0,0.0,0.0,"int-only"
"a100-omp-atomiccost-omp-ii-l26-256-1-1-3200-1-1-16-10","atomicCost-omp","atomicCost","Data compression and reduction","omp","A100","_Z19wiAtomicOnGlobalMemIfEvPT_ii_l26","ii_l26","void wiAtomicOnGlobalMem<float>(T1 *, int, int):l26","(256, 1, 1)","(3200, 1, 1)","16 10",0.0,0.0,461257722.0,0.0,461257722.0,445275946.0,3622891.0,1.035892,0.127318,"fp16"
"h100-omp-atomiccost-omp-ii-l26-256-1-1-3200-1-1-16-10","atomicCost-omp","atomicCost","Data compression and reduction","omp","H100","_Z19wiAtomicOnGlobalMemIfEvPT_ii_l26","ii_l26","void wiAtomicOnGlobalMem<float>(T1 *, int, int):l26","(256, 1, 1)","(3200, 1, 1)","16 10",0.0,0.0,0.0,0.0,0.0,440805632.0,2098549.0,0.0,0.0,"int-only"
"3080-omp-atomiccost-omp-ii-l26-256-1-1-3200-1-1-16-10","atomicCost-omp","atomicCost","Data compression and reduction","omp","3080","_Z19wiAtomicOnGlobalMemIiEvPT_ii_l26","ii_l26","void wiAtomicOnGlobalMem<int>(T1 *, int, int):l26","(256, 1, 1)","(3200, 1, 1)","16 10",0.0,0.0,0.0,0.0,0.0,460835627.0,3876107.0,0.0,0.0,"int-only"
"a10-omp-atomiccost-omp-ii-l26-256-1-1-3200-1-1-16-10","atomicCost-omp","atomicCost","Data compression and reduction","omp","A10","_Z19wiAtomicOnGlobalMemIiEvPT_ii_l26","ii_l26","void wiAtomicOnGlobalMem<int>(T1 *, int, int):l26","(256, 1, 1)","(3200, 1, 1)","16 10",0.0,0.0,0.0,0.0,0.0,560536875.0,5627189.0,0.0,0.0,"int-only"
"a100-omp-atomiccost-omp-ii-l26-256-1-1-3200-1-1-16-10","atomicCost-omp","atomicCost","Data compression and reduction","omp","A100","_Z19wiAtomicOnGlobalMemIiEvPT_ii_l26","ii_l26","void wiAtomicOnGlobalMem<int>(T1 *, int, int):l26","(256, 1, 1)","(3200, 1, 1)","16 10",0.0,0.0,230631902.0,0.0,230631902.0,445332267.0,3635861.0,0.517887,0.063433,"fp16"
"h100-omp-atomiccost-omp-ii-l26-256-1-1-3200-1-1-16-10","atomicCost-omp","atomicCost","Data compression and reduction","omp","H100","_Z19wiAtomicOnGlobalMemIiEvPT_ii_l26","ii_l26","void wiAtomicOnGlobalMem<int>(T1 *, int, int):l26","(256, 1, 1)","(3200, 1, 1)","16 10",0.0,0.0,0.0,0.0,0.0,440799318.0,2095680.0,0.0,0.0,"int-only"
"3080-omp-atomiccost-omp-ii-l14-256-1-1-3200-1-1-16-10","atomicCost-omp","atomicCost","Data compression and reduction","omp","3080","_Z19woAtomicOnGlobalMemIdEvPT_ii_l14","ii_l14","void woAtomicOnGlobalMem<double>(T1 *, int, int):l14","(256, 1, 1)","(3200, 1, 1)","16 10",0.0,922511046.0,0.0,0.0,922511046.0,921854635.0,6378667.0,1.000712,0.144624,"fp64"
"a10-omp-atomiccost-omp-ii-l14-256-1-1-3200-1-1-16-10","atomicCost-omp","atomicCost","Data compression and reduction","omp","A10","_Z19woAtomicOnGlobalMemIdEvPT_ii_l14","ii_l14","void woAtomicOnGlobalMem<double>(T1 *, int, int):l14","(256, 1, 1)","(3200, 1, 1)","16 10",0.0,922507697.0,0.0,0.0,922507697.0,1051589461.0,9734251.0,0.877251,0.094769,"fp64"
"a100-omp-atomiccost-omp-ii-l14-256-1-1-3200-1-1-16-10","atomicCost-omp","atomicCost","Data compression and reduction","omp","A100","_Z19woAtomicOnGlobalMemIdEvPT_ii_l14","ii_l14","void woAtomicOnGlobalMem<double>(T1 *, int, int):l14","(256, 1, 1)","(3200, 1, 1)","16 10",0.0,922520708.0,461260352.0,0.0,1383781060.0,904719573.0,717792.0,1.529514,1.92783,"fp64"
"h100-omp-atomiccost-omp-ii-l14-256-1-1-3200-1-1-16-10","atomicCost-omp","atomicCost","Data compression and reduction","omp","H100","_Z19woAtomicOnGlobalMemIdEvPT_ii_l14","ii_l14","void woAtomicOnGlobalMem<double>(T1 *, int, int):l14","(256, 1, 1)","(3200, 1, 1)","16 10",0.0,922522107.0,0.0,0.0,922522107.0,899855275.0,405088.0,1.025189,2.277338,"fp64"
"3080-omp-atomiccost-omp-ii-l14-256-1-1-3200-1-1-16-10","atomicCost-omp","atomicCost","Data compression and reduction","omp","3080","_Z19woAtomicOnGlobalMemIfEvPT_ii_l14","ii_l14","void woAtomicOnGlobalMem<float>(T1 *, int, int):l14","(256, 1, 1)","(3200, 1, 1)","16 10",922522299.0,0.0,0.0,0.0,922522299.0,460432854.0,697589.0,2.003598,1.322444,"fp32"
"a10-omp-atomiccost-omp-ii-l14-256-1-1-3200-1-1-16-10","atomicCost-omp","atomicCost","Data compression and reduction","omp","A10","_Z19woAtomicOnGlobalMemIfEvPT_ii_l14","ii_l14","void woAtomicOnGlobalMem<float>(T1 *, int, int):l14","(256, 1, 1)","(3200, 1, 1)","16 10",922524088.0,0.0,0.0,0.0,922524088.0,513236565.0,974581.0,1.797464,0.946585,"fp32"
"a100-omp-atomiccost-omp-ii-l14-256-1-1-3200-1-1-16-10","atomicCost-omp","atomicCost","Data compression and reduction","omp","A100","_Z19woAtomicOnGlobalMemIfEvPT_ii_l14","ii_l14","void woAtomicOnGlobalMem<float>(T1 *, int, int):l14","(256, 1, 1)","(3200, 1, 1)","16 10",922522714.0,0.0,230630251.0,0.0,1153152965.0,443456811.0,472117.0,2.600373,2.442515,"fp32"
"h100-omp-atomiccost-omp-ii-l14-256-1-1-3200-1-1-16-10","atomicCost-omp","atomicCost","Data compression and reduction","omp","H100","_Z19woAtomicOnGlobalMemIfEvPT_ii_l14","ii_l14","void woAtomicOnGlobalMem<float>(T1 *, int, int):l14","(256, 1, 1)","(3200, 1, 1)","16 10",922521798.0,0.0,0.0,0.0,922521798.0,438719402.0,305685.0,2.10276,3.017884,"fp32"
"3080-omp-atomiccost-omp-ii-l14-256-1-1-3200-1-1-16-10","atomicCost-omp","atomicCost","Data compression and reduction","omp","3080","_Z19woAtomicOnGlobalMemIiEvPT_ii_l14","ii_l14","void woAtomicOnGlobalMem<int>(T1 *, int, int):l14","(256, 1, 1)","(3200, 1, 1)","16 10",0.0,0.0,0.0,0.0,0.0,460447232.0,689013.0,0.0,0.0,"int-only"
"a10-omp-atomiccost-omp-ii-l14-256-1-1-3200-1-1-16-10","atomicCost-omp","atomicCost","Data compression and reduction","omp","A10","_Z19woAtomicOnGlobalMemIiEvPT_ii_l14","ii_l14","void woAtomicOnGlobalMem<int>(T1 *, int, int):l14","(256, 1, 1)","(3200, 1, 1)","16 10",0.0,0.0,0.0,0.0,0.0,512410624.0,948853.0,0.0,0.0,"int-only"
"a100-omp-atomiccost-omp-ii-l14-256-1-1-3200-1-1-16-10","atomicCost-omp","atomicCost","Data compression and reduction","omp","A100","_Z19woAtomicOnGlobalMemIiEvPT_ii_l14","ii_l14","void woAtomicOnGlobalMem<int>(T1 *, int, int):l14","(256, 1, 1)","(3200, 1, 1)","16 10",0.0,0.0,461259818.0,0.0,461259818.0,443504640.0,430165.0,1.040034,1.072286,"fp16"
"h100-omp-atomiccost-omp-ii-l14-256-1-1-3200-1-1-16-10","atomicCost-omp","atomicCost","Data compression and reduction","omp","H100","_Z19woAtomicOnGlobalMemIiEvPT_ii_l14","ii_l14","void woAtomicOnGlobalMem<int>(T1 *, int, int):l14","(256, 1, 1)","(3200, 1, 1)","16 10",0.0,0.0,230629893.0,0.0,230629893.0,438647210.0,279403.0,0.525775,0.825438,"fp16"
"3080-cuda-atomicintrinsics-cuda-testkernel-256-1-1-524288-1-1-27-100","atomicIntrinsics-cuda","atomicIntrinsics","Data compression and reduction","cuda","3080","_Z10testKernelIiEvPT_m","testKernel","void testKernel<int>(T1 *, unsigned long)","(256, 1, 1)","(524288, 1, 1)","27 100",0.0,0.0,0.0,0.0,0.0,228608.0,218170165.0,0.0,0.0,"int-only"
"a10-cuda-atomicintrinsics-cuda-testkernel-256-1-1-524288-1-1-27-100","atomicIntrinsics-cuda","atomicIntrinsics","Data compression and reduction","cuda","A10","_Z10testKernelIiEvPT_m","testKernel","void testKernel<int>(T1 *, unsigned long)","(256, 1, 1)","(524288, 1, 1)","27 100",0.0,0.0,0.0,0.0,0.0,132693.0,409868032.0,0.0,0.0,"int-only"
"a100-cuda-atomicintrinsics-cuda-testkernel-256-1-1-524288-1-1-27-100","atomicIntrinsics-cuda","atomicIntrinsics","Data compression and reduction","cuda","A100","_Z10testKernelIiEvPT_m","testKernel","void testKernel<int>(T1 *, unsigned long)","(256, 1, 1)","(524288, 1, 1)","27 100",0.0,0.0,535768752.0,0.0,535768752.0,44885.0,339779072.0,11936.476596,0.001577,"fp16"
"h100-cuda-atomicintrinsics-cuda-testkernel-256-1-1-524288-1-1-27-100","atomicIntrinsics-cuda","atomicIntrinsics","Data compression and reduction","cuda","H100","_Z10testKernelIiEvPT_m","testKernel","void testKernel<int>(T1 *, unsigned long)","(256, 1, 1)","(524288, 1, 1)","27 100",0.0,0.0,538011692.0,0.0,538011692.0,3981312.0,211532939.0,135.13427,0.002543,"fp16"
"3080-omp-atomicintrinsics-omp-z8testcaseiievii-l25-256-1-1-3200-1-1-27-100","atomicIntrinsics-omp","atomicIntrinsics","Data compression and reduction","omp","3080","_Z8testcaseIiEvii_l25","Z8testcaseIiEvii_l25","void testcase<int>(int, int):l25","(256, 1, 1)","(3200, 1, 1)","27 100",0.0,0.0,0.0,0.0,0.0,23680.0,15371589.0,0.0,0.0,"int-only"
"a10-omp-atomicintrinsics-omp-z8testcaseiievii-l25-256-1-1-3200-1-1-27-100","atomicIntrinsics-omp","atomicIntrinsics","Data compression and reduction","omp","A10","_Z8testcaseIiEvii_l25","Z8testcaseIiEvii_l25","void testcase<int>(int, int):l25","(256, 1, 1)","(3200, 1, 1)","27 100",0.0,0.0,0.0,0.0,0.0,21547.0,30147088.0,0.0,0.0,"int-only"
"a100-omp-atomicintrinsics-omp-z8testcaseiievii-l25-256-1-1-3200-1-1-27-100","atomicIntrinsics-omp","atomicIntrinsics","Data compression and reduction","omp","A100","_Z8testcaseIiEvii_l25","Z8testcaseIiEvii_l25","void testcase<int>(int, int):l25","(256, 1, 1)","(3200, 1, 1)","27 100",0.0,0.0,0.0,0.0,0.0,13184.0,24981877.0,0.0,0.0,"int-only"
"h100-omp-atomicintrinsics-omp-z8testcaseiievii-l25-256-1-1-3200-1-1-27-100","atomicIntrinsics-omp","atomicIntrinsics","Data compression and reduction","omp","H100","_Z8testcaseIiEvii_l25","Z8testcaseIiEvii_l25","void testcase<int>(int, int):l25","(256, 1, 1)","(3200, 1, 1)","27 100",0.0,0.0,0.0,0.0,0.0,333738.0,15338960.0,0.0,0.0,"int-only"
"3080-omp-atomicintrinsics-omp-z8testcaseiievii-l48-256-1-1-3200-1-1-27-100","atomicIntrinsics-omp","atomicIntrinsics","Data compression and reduction","omp","3080","_Z8testcaseIiEvii_l48","Z8testcaseIiEvii_l48","void testcase<int>(int, int):l48","(256, 1, 1)","(3200, 1, 1)","27 100",0.0,0.0,0.0,0.0,0.0,16597.0,2437717.0,0.0,0.0,"int-only"
"a10-omp-atomicintrinsics-omp-z8testcaseiievii-l48-256-1-1-3200-1-1-27-100","atomicIntrinsics-omp","atomicIntrinsics","Data compression and reduction","omp","A10","_Z8testcaseIiEvii_l48","Z8testcaseIiEvii_l48","void testcase<int>(int, int):l48","(256, 1, 1)","(3200, 1, 1)","27 100",0.0,0.0,0.0,0.0,0.0,15104.0,3725461.0,0.0,0.0,"int-only"
"a100-omp-atomicintrinsics-omp-z8testcaseiievii-l48-256-1-1-3200-1-1-27-100","atomicIntrinsics-omp","atomicIntrinsics","Data compression and reduction","omp","A100","_Z8testcaseIiEvii_l48","Z8testcaseIiEvii_l48","void testcase<int>(int, int):l48","(256, 1, 1)","(3200, 1, 1)","27 100",0.0,0.0,536881218.0,0.0,536881218.0,20224.0,2023691.0,26546.737441,0.265298,"fp16"
"h100-omp-atomicintrinsics-omp-z8testcaseiievii-l48-256-1-1-3200-1-1-27-100","atomicIntrinsics-omp","atomicIntrinsics","Data compression and reduction","omp","H100","_Z8testcaseIiEvii_l48","Z8testcaseIiEvii_l48","void testcase<int>(int, int):l48","(256, 1, 1)","(3200, 1, 1)","27 100",0.0,0.0,536886105.0,0.0,536886105.0,12885.0,846688.0,41667.528522,0.634101,"fp16"
"3080-omp-atomicintrinsics-omp-z8testcaseiievii-l60-256-1-1-3200-1-1-27-100","atomicIntrinsics-omp","atomicIntrinsics","Data compression and reduction","omp","3080","_Z8testcaseIiEvii_l60","Z8testcaseIiEvii_l60","void testcase<int>(int, int):l60","(256, 1, 1)","(3200, 1, 1)","27 100",0.0,0.0,0.0,0.0,0.0,29952.0,15371947.0,0.0,0.0,"int-only"
"a10-omp-atomicintrinsics-omp-z8testcaseiievii-l60-256-1-1-3200-1-1-27-100","atomicIntrinsics-omp","atomicIntrinsics","Data compression and reduction","omp","A10","_Z8testcaseIiEvii_l60","Z8testcaseIiEvii_l60","void testcase<int>(int, int):l60","(256, 1, 1)","(3200, 1, 1)","27 100",0.0,0.0,0.0,0.0,0.0,18176.0,30145813.0,0.0,0.0,"int-only"
"a100-omp-atomicintrinsics-omp-z8testcaseiievii-l60-256-1-1-3200-1-1-27-100","atomicIntrinsics-omp","atomicIntrinsics","Data compression and reduction","omp","A100","_Z8testcaseIiEvii_l60","Z8testcaseIiEvii_l60","void testcase<int>(int, int):l60","(256, 1, 1)","(3200, 1, 1)","27 100",0.0,0.0,0.0,0.0,0.0,34773.0,24978965.0,0.0,0.0,"int-only"
"h100-omp-atomicintrinsics-omp-z8testcaseiievii-l60-256-1-1-3200-1-1-27-100","atomicIntrinsics-omp","atomicIntrinsics","Data compression and reduction","omp","H100","_Z8testcaseIiEvii_l60","Z8testcaseIiEvii_l60","void testcase<int>(int, int):l60","(256, 1, 1)","(3200, 1, 1)","27 100",0.0,0.0,0.0,0.0,0.0,313685.0,15333685.0,0.0,0.0,"int-only"
"3080-omp-atomicintrinsics-omp-z8testcaseiievii-l79-256-1-1-3200-1-1-27-100","atomicIntrinsics-omp","atomicIntrinsics","Data compression and reduction","omp","3080","_Z8testcaseIiEvii_l79","Z8testcaseIiEvii_l79","void testcase<int>(int, int):l79","(256, 1, 1)","(3200, 1, 1)","27 100",0.0,0.0,0.0,0.0,0.0,13099.0,2437835.0,0.0,0.0,"int-only"
"a10-omp-atomicintrinsics-omp-z8testcaseiievii-l79-256-1-1-3200-1-1-27-100","atomicIntrinsics-omp","atomicIntrinsics","Data compression and reduction","omp","A10","_Z8testcaseIiEvii_l79","Z8testcaseIiEvii_l79","void testcase<int>(int, int):l79","(256, 1, 1)","(3200, 1, 1)","27 100",0.0,0.0,0.0,0.0,0.0,26709.0,3724704.0,0.0,0.0,"int-only"
"a100-omp-atomicintrinsics-omp-z8testcaseiievii-l79-256-1-1-3200-1-1-27-100","atomicIntrinsics-omp","atomicIntrinsics","Data compression and reduction","omp","A100","_Z8testcaseIiEvii_l79","Z8testcaseIiEvii_l79","void testcase<int>(int, int):l79","(256, 1, 1)","(3200, 1, 1)","27 100",0.0,0.0,536879397.0,0.0,536879397.0,11861.0,2022752.0,45264.260771,0.26542,"fp16"
"h100-omp-atomicintrinsics-omp-z8testcaseiievii-l79-256-1-1-3200-1-1-27-100","atomicIntrinsics-omp","atomicIntrinsics","Data compression and reduction","omp","H100","_Z8testcaseIiEvii_l79","Z8testcaseIiEvii_l79","void testcase<int>(int, int):l79","(256, 1, 1)","(3200, 1, 1)","27 100",0.0,0.0,536885069.0,0.0,536885069.0,12544.0,846965.0,42800.148996,0.633893,"fp16"
"3080-omp-atomicintrinsics-omp-z8testcaseiievii-l83-256-1-1-3200-1-1-27-100","atomicIntrinsics-omp","atomicIntrinsics","Data compression and reduction","omp","3080","_Z8testcaseIiEvii_l83","Z8testcaseIiEvii_l83","void testcase<int>(int, int):l83","(256, 1, 1)","(3200, 1, 1)","27 100",0.0,0.0,0.0,0.0,0.0,15445.0,2437888.0,0.0,0.0,"int-only"
"a10-omp-atomicintrinsics-omp-z8testcaseiievii-l83-256-1-1-3200-1-1-27-100","atomicIntrinsics-omp","atomicIntrinsics","Data compression and reduction","omp","A10","_Z8testcaseIiEvii_l83","Z8testcaseIiEvii_l83","void testcase<int>(int, int):l83","(256, 1, 1)","(3200, 1, 1)","27 100",0.0,0.0,0.0,0.0,0.0,21461.0,3724875.0,0.0,0.0,"int-only"
"a100-omp-atomicintrinsics-omp-z8testcaseiievii-l83-256-1-1-3200-1-1-27-100","atomicIntrinsics-omp","atomicIntrinsics","Data compression and reduction","omp","A100","_Z8testcaseIiEvii_l83","Z8testcaseIiEvii_l83","void testcase<int>(int, int):l83","(256, 1, 1)","(3200, 1, 1)","27 100",0.0,0.0,536886983.0,0.0,536886983.0,29269.0,2019221.0,18343.195292,0.265888,"fp16"
"h100-omp-atomicintrinsics-omp-z8testcaseiievii-l83-256-1-1-3200-1-1-27-100","atomicIntrinsics-omp","atomicIntrinsics","Data compression and reduction","omp","H100","_Z8testcaseIiEvii_l83","Z8testcaseIiEvii_l83","void testcase<int>(int, int):l83","(256, 1, 1)","(3200, 1, 1)","27 100",0.0,0.0,536880338.0,0.0,536880338.0,100010.0,846603.0,5368.266553,0.634158,"fp16"
"3080-cuda-atomicperf-cuda-warprangeatomiconglobalmem-256-1-1-6048-1-1-10","atomicPerf-cuda","atomicPerf","Data compression and reduction","cuda","3080","_Z26WarpRangeAtomicOnGlobalMemIdEvPT_i","WarpRangeAtomicOnGlobalMem","void WarpRangeAtomicOnGlobalMem<double>(T1 *, int)","(256, 1, 1)","(6048, 1, 1)","10",0.0,0.0,0.0,0.0,0.0,3798.0,1136747.0,0.0,0.0,"int-only"
"a10-cuda-atomicperf-cuda-warprangeatomiconglobalmem-256-1-1-6048-1-1-10","atomicPerf-cuda","atomicPerf","Data compression and reduction","cuda","A10","_Z26WarpRangeAtomicOnGlobalMemIdEvPT_i","WarpRangeAtomicOnGlobalMem","void WarpRangeAtomicOnGlobalMem<double>(T1 *, int)","(256, 1, 1)","(6048, 1, 1)","10",0.0,0.0,0.0,0.0,0.0,3499.0,1783552.0,0.0,0.0,"int-only"
"a100-cuda-atomicperf-cuda-warprangeatomiconglobalmem-256-1-1-6048-1-1-10","atomicPerf-cuda","atomicPerf","Data compression and reduction","cuda","A100","_Z26WarpRangeAtomicOnGlobalMemIdEvPT_i","WarpRangeAtomicOnGlobalMem","void WarpRangeAtomicOnGlobalMem<double>(T1 *, int)","(256, 1, 1)","(6048, 1, 1)","10",0.0,0.0,6194412.0,0.0,6194412.0,2987.0,741184.0,2073.790425,0.008357,"fp16"
"h100-cuda-atomicperf-cuda-warprangeatomiconglobalmem-256-1-1-6048-1-1-10","atomicPerf-cuda","atomicPerf","Data compression and reduction","cuda","H100","_Z26WarpRangeAtomicOnGlobalMemIdEvPT_i","WarpRangeAtomicOnGlobalMem","void WarpRangeAtomicOnGlobalMem<double>(T1 *, int)","(256, 1, 1)","(6048, 1, 1)","10",0.0,0.0,6193122.0,0.0,6193122.0,3072.0,455445.0,2015.990234,0.013598,"fp16"
"3080-cuda-atomicperf-cuda-warprangeatomiconglobalmem-256-1-1-6048-1-1-10","atomicPerf-cuda","atomicPerf","Data compression and reduction","cuda","3080","_Z26WarpRangeAtomicOnGlobalMemIiEvPT_i","WarpRangeAtomicOnGlobalMem","void WarpRangeAtomicOnGlobalMem<int>(T1 *, int)","(256, 1, 1)","(6048, 1, 1)","10",0.0,0.0,0.0,0.0,0.0,3157.0,179669.0,0.0,0.0,"int-only"
"a10-cuda-atomicperf-cuda-warprangeatomiconglobalmem-256-1-1-6048-1-1-10","atomicPerf-cuda","atomicPerf","Data compression and reduction","cuda","A10","_Z26WarpRangeAtomicOnGlobalMemIiEvPT_i","WarpRangeAtomicOnGlobalMem","void WarpRangeAtomicOnGlobalMem<int>(T1 *, int)","(256, 1, 1)","(6048, 1, 1)","10",0.0,0.0,0.0,0.0,0.0,3328.0,281739.0,0.0,0.0,"int-only"
"a100-cuda-atomicperf-cuda-warprangeatomiconglobalmem-256-1-1-6048-1-1-10","atomicPerf-cuda","atomicPerf","Data compression and reduction","cuda","A100","_Z26WarpRangeAtomicOnGlobalMemIiEvPT_i","WarpRangeAtomicOnGlobalMem","void WarpRangeAtomicOnGlobalMem<int>(T1 *, int)","(256, 1, 1)","(6048, 1, 1)","10",0.0,0.0,6192636.0,0.0,6192636.0,2901.0,188811.0,2134.655636,0.032798,"fp16"
"h100-cuda-atomicperf-cuda-warprangeatomiconglobalmem-256-1-1-6048-1-1-10","atomicPerf-cuda","atomicPerf","Data compression and reduction","cuda","H100","_Z26WarpRangeAtomicOnGlobalMemIiEvPT_i","WarpRangeAtomicOnGlobalMem","void WarpRangeAtomicOnGlobalMem<int>(T1 *, int)","(256, 1, 1)","(6048, 1, 1)","10",0.0,0.0,6193103.0,0.0,6193103.0,2987.0,116139.0,2073.352193,0.053325,"fp16"
"3080-cuda-atomicperf-cuda-warprangeatomiconsharedmem-256-1-1-6048-1-1-10","atomicPerf-cuda","atomicPerf","Data compression and reduction","cuda","3080","_Z26WarpRangeAtomicOnSharedMemIdEvPT_i","WarpRangeAtomicOnSharedMem","void WarpRangeAtomicOnSharedMem<double>(T1 *, int)","(256, 1, 1)","(6048, 1, 1)","10",0.0,3416560.0,0.0,0.0,3416560.0,3072.0,41973.0,1112.161458,0.081399,"fp64"
"a10-cuda-atomicperf-cuda-warprangeatomiconsharedmem-256-1-1-6048-1-1-10","atomicPerf-cuda","atomicPerf","Data compression and reduction","cuda","A10","_Z26WarpRangeAtomicOnSharedMemIdEvPT_i","WarpRangeAtomicOnSharedMem","void WarpRangeAtomicOnSharedMem<double>(T1 *, int)","(256, 1, 1)","(6048, 1, 1)","10",0.0,3455871.0,0.0,0.0,3455871.0,3328.0,64480.0,1038.422776,0.053596,"fp64"
"a100-cuda-atomicperf-cuda-warprangeatomiconsharedmem-256-1-1-6048-1-1-10","atomicPerf-cuda","atomicPerf","Data compression and reduction","cuda","A100","_Z26WarpRangeAtomicOnSharedMemIdEvPT_i","WarpRangeAtomicOnSharedMem","void WarpRangeAtomicOnSharedMem<double>(T1 *, int)","(256, 1, 1)","(6048, 1, 1)","10",0.0,3300554.0,0.0,0.0,3300554.0,3029.0,14368.0,1089.65137,0.229716,"fp64"
"h100-cuda-atomicperf-cuda-warprangeatomiconsharedmem-256-1-1-6048-1-1-10","atomicPerf-cuda","atomicPerf","Data compression and reduction","cuda","H100","_Z26WarpRangeAtomicOnSharedMemIdEvPT_i","WarpRangeAtomicOnSharedMem","void WarpRangeAtomicOnSharedMem<double>(T1 *, int)","(256, 1, 1)","(6048, 1, 1)","10",0.0,4715907.0,0.0,0.0,4715907.0,3328.0,9120.0,1417.039363,0.517095,"fp64"
"3080-cuda-atomicperf-cuda-blockrangeatomiconglobalmem-256-1-1-6048-1-1-10","atomicPerf-cuda","atomicPerf","Data compression and reduction","cuda","3080","_Z27BlockRangeAtomicOnGlobalMemIdEvPT_i","BlockRangeAtomicOnGlobalMem","void BlockRangeAtomicOnGlobalMem<double>(T1 *, int)","(256, 1, 1)","(6048, 1, 1)","10",0.0,0.0,0.0,0.0,0.0,5077.0,286048.0,0.0,0.0,"int-only"
"a10-cuda-atomicperf-cuda-blockrangeatomiconglobalmem-256-1-1-6048-1-1-10","atomicPerf-cuda","atomicPerf","Data compression and reduction","cuda","A10","_Z27BlockRangeAtomicOnGlobalMemIdEvPT_i","BlockRangeAtomicOnGlobalMem","void BlockRangeAtomicOnGlobalMem<double>(T1 *, int)","(256, 1, 1)","(6048, 1, 1)","10",0.0,0.0,0.0,0.0,0.0,5632.0,448779.0,0.0,0.0,"int-only"
"a100-cuda-atomicperf-cuda-blockrangeatomiconglobalmem-256-1-1-6048-1-1-10","atomicPerf-cuda","atomicPerf","Data compression and reduction","cuda","A100","_Z27BlockRangeAtomicOnGlobalMemIdEvPT_i","BlockRangeAtomicOnGlobalMem","void BlockRangeAtomicOnGlobalMem<double>(T1 *, int)","(256, 1, 1)","(6048, 1, 1)","10",0.0,0.0,12386150.0,0.0,12386150.0,4736.0,187904.0,2615.318834,0.065917,"fp16"
"h100-cuda-atomicperf-cuda-blockrangeatomiconglobalmem-256-1-1-6048-1-1-10","atomicPerf-cuda","atomicPerf","Data compression and reduction","cuda","H100","_Z27BlockRangeAtomicOnGlobalMemIdEvPT_i","BlockRangeAtomicOnGlobalMem","void BlockRangeAtomicOnGlobalMem<double>(T1 *, int)","(256, 1, 1)","(6048, 1, 1)","10",0.0,0.0,6193336.0,0.0,6193336.0,4864.0,115968.0,1273.300987,0.053406,"fp16"
"3080-cuda-atomicperf-cuda-blockrangeatomiconglobalmem-256-1-1-6048-1-1-10","atomicPerf-cuda","atomicPerf","Data compression and reduction","cuda","3080","_Z27BlockRangeAtomicOnGlobalMemIiEvPT_i","BlockRangeAtomicOnGlobalMem","void BlockRangeAtomicOnGlobalMem<int>(T1 *, int)","(256, 1, 1)","(6048, 1, 1)","10",0.0,0.0,0.0,0.0,0.0,4693.0,91029.0,0.0,0.0,"int-only"
"a10-cuda-atomicperf-cuda-blockrangeatomiconglobalmem-256-1-1-6048-1-1-10","atomicPerf-cuda","atomicPerf","Data compression and reduction","cuda","A10","_Z27BlockRangeAtomicOnGlobalMemIiEvPT_i","BlockRangeAtomicOnGlobalMem","void BlockRangeAtomicOnGlobalMem<int>(T1 *, int)","(256, 1, 1)","(6048, 1, 1)","10",0.0,0.0,0.0,0.0,0.0,4523.0,142720.0,0.0,0.0,"int-only"
"a100-cuda-atomicperf-cuda-blockrangeatomiconglobalmem-256-1-1-6048-1-1-10","atomicPerf-cuda","atomicPerf","Data compression and reduction","cuda","A100","_Z27BlockRangeAtomicOnGlobalMemIiEvPT_i","BlockRangeAtomicOnGlobalMem","void BlockRangeAtomicOnGlobalMem<int>(T1 *, int)","(256, 1, 1)","(6048, 1, 1)","10",0.0,0.0,6193524.0,0.0,6193524.0,3755.0,95957.0,1649.40719,0.064545,"fp16"
"h100-cuda-atomicperf-cuda-blockrangeatomiconglobalmem-256-1-1-6048-1-1-10","atomicPerf-cuda","atomicPerf","Data compression and reduction","cuda","H100","_Z27BlockRangeAtomicOnGlobalMemIiEvPT_i","BlockRangeAtomicOnGlobalMem","void BlockRangeAtomicOnGlobalMem<int>(T1 *, int)","(256, 1, 1)","(6048, 1, 1)","10",0.0,0.0,6193407.0,0.0,6193407.0,3840.0,59531.0,1612.866406,0.104037,"fp16"
"3080-cuda-atomicperf-cuda-blockrangeatomiconsharedmem-256-1-1-6048-1-1-10","atomicPerf-cuda","atomicPerf","Data compression and reduction","cuda","3080","_Z27BlockRangeAtomicOnSharedMemIdEvPT_i","BlockRangeAtomicOnSharedMem","void BlockRangeAtomicOnSharedMem<double>(T1 *, int)","(256, 1, 1)","(6048, 1, 1)","10",0.0,1548251.0,0.0,0.0,1548251.0,3072.0,12160.0,503.987956,0.127323,"fp64"
"a10-cuda-atomicperf-cuda-blockrangeatomiconsharedmem-256-1-1-6048-1-1-10","atomicPerf-cuda","atomicPerf","Data compression and reduction","cuda","A10","_Z27BlockRangeAtomicOnSharedMemIdEvPT_i","BlockRangeAtomicOnSharedMem","void BlockRangeAtomicOnSharedMem<double>(T1 *, int)","(256, 1, 1)","(6048, 1, 1)","10",0.0,1548286.0,0.0,0.0,1548286.0,3456.0,18773.0,447.999421,0.082474,"fp64"
"a100-cuda-atomicperf-cuda-blockrangeatomiconsharedmem-256-1-1-6048-1-1-10","atomicPerf-cuda","atomicPerf","Data compression and reduction","cuda","A100","_Z27BlockRangeAtomicOnSharedMemIdEvPT_i","BlockRangeAtomicOnSharedMem","void BlockRangeAtomicOnSharedMem<double>(T1 *, int)","(256, 1, 1)","(6048, 1, 1)","10",0.0,1548312.0,0.0,0.0,1548312.0,2944.0,8576.0,525.921196,0.18054,"fp64"
"h100-cuda-atomicperf-cuda-blockrangeatomiconsharedmem-256-1-1-6048-1-1-10","atomicPerf-cuda","atomicPerf","Data compression and reduction","cuda","H100","_Z27BlockRangeAtomicOnSharedMemIdEvPT_i","BlockRangeAtomicOnSharedMem","void BlockRangeAtomicOnSharedMem<double>(T1 *, int)","(256, 1, 1)","(6048, 1, 1)","10",0.0,1548274.0,0.0,0.0,1548274.0,3328.0,6315.0,465.226562,0.245174,"fp64"
"3080-cuda-atomicperf-cuda-blockrangeatomiconsharedmem-256-1-1-6048-1-1-10","atomicPerf-cuda","atomicPerf","Data compression and reduction","cuda","3080","_Z27BlockRangeAtomicOnSharedMemIiEvPT_i","BlockRangeAtomicOnSharedMem","void BlockRangeAtomicOnSharedMem<int>(T1 *, int)","(256, 1, 1)","(6048, 1, 1)","10",0.0,0.0,0.0,0.0,0.0,3072.0,7499.0,0.0,0.0,"int-only"
"a10-cuda-atomicperf-cuda-blockrangeatomiconsharedmem-256-1-1-6048-1-1-10","atomicPerf-cuda","atomicPerf","Data compression and reduction","cuda","A10","_Z27BlockRangeAtomicOnSharedMemIiEvPT_i","BlockRangeAtomicOnSharedMem","void BlockRangeAtomicOnSharedMem<int>(T1 *, int)","(256, 1, 1)","(6048, 1, 1)","10",0.0,0.0,0.0,0.0,0.0,3115.0,11648.0,0.0,0.0,"int-only"
"a100-cuda-atomicperf-cuda-blockrangeatomiconsharedmem-256-1-1-6048-1-1-10","atomicPerf-cuda","atomicPerf","Data compression and reduction","cuda","A100","_Z27BlockRangeAtomicOnSharedMemIiEvPT_i","BlockRangeAtomicOnSharedMem","void BlockRangeAtomicOnSharedMem<int>(T1 *, int)","(256, 1, 1)","(6048, 1, 1)","10",0.0,0.0,0.0,0.0,0.0,2731.0,8448.0,0.0,0.0,"int-only"
"h100-cuda-atomicperf-cuda-blockrangeatomiconsharedmem-256-1-1-6048-1-1-10","atomicPerf-cuda","atomicPerf","Data compression and reduction","cuda","H100","_Z27BlockRangeAtomicOnSharedMemIiEvPT_i","BlockRangeAtomicOnSharedMem","void BlockRangeAtomicOnSharedMem<int>(T1 *, int)","(256, 1, 1)","(6048, 1, 1)","10",0.0,0.0,0.0,0.0,0.0,3157.0,6176.0,0.0,0.0,"int-only"
"3080-cuda-atomicperf-cuda-singlerangeatomiconglobalmem-256-1-1-6048-1-1-10","atomicPerf-cuda","atomicPerf","Data compression and reduction","cuda","3080","_Z28SingleRangeAtomicOnGlobalMemIdEvPT_ii","SingleRangeAtomicOnGlobalMem","void SingleRangeAtomicOnGlobalMem<double>(T1 *, int, int)","(256, 1, 1)","(6048, 1, 1)","10",0.0,0.0,0.0,0.0,0.0,12160.0,3405344.0,0.0,0.0,"int-only"
"a10-cuda-atomicperf-cuda-singlerangeatomiconglobalmem-256-1-1-6048-1-1-10","atomicPerf-cuda","atomicPerf","Data compression and reduction","cuda","A10","_Z28SingleRangeAtomicOnGlobalMemIdEvPT_ii","SingleRangeAtomicOnGlobalMem","void SingleRangeAtomicOnGlobalMem<double>(T1 *, int, int)","(256, 1, 1)","(6048, 1, 1)","10",0.0,0.0,0.0,0.0,0.0,6485.0,5342827.0,0.0,0.0,"int-only"
"a100-cuda-atomicperf-cuda-singlerangeatomiconglobalmem-256-1-1-6048-1-1-10","atomicPerf-cuda","atomicPerf","Data compression and reduction","cuda","A100","_Z28SingleRangeAtomicOnGlobalMemIdEvPT_ii","SingleRangeAtomicOnGlobalMem","void SingleRangeAtomicOnGlobalMem<double>(T1 *, int, int)","(256, 1, 1)","(6048, 1, 1)","10",0.0,0.0,6205010.0,0.0,6205010.0,2773.0,4429301.0,2237.652362,0.001401,"fp16"
"h100-cuda-atomicperf-cuda-singlerangeatomiconglobalmem-256-1-1-6048-1-1-10","atomicPerf-cuda","atomicPerf","Data compression and reduction","cuda","H100","_Z28SingleRangeAtomicOnGlobalMemIdEvPT_ii","SingleRangeAtomicOnGlobalMem","void SingleRangeAtomicOnGlobalMem<double>(T1 *, int, int)","(256, 1, 1)","(6048, 1, 1)","10",0.0,0.0,6182691.0,0.0,6182691.0,2987.0,2719232.0,2069.866421,0.002274,"fp16"
"3080-cuda-atomicperf-cuda-singlerangeatomiconglobalmem-256-1-1-6048-1-1-10","atomicPerf-cuda","atomicPerf","Data compression and reduction","cuda","3080","_Z28SingleRangeAtomicOnGlobalMemIiEvPT_ii","SingleRangeAtomicOnGlobalMem","void SingleRangeAtomicOnGlobalMem<int>(T1 *, int, int)","(256, 1, 1)","(6048, 1, 1)","10",0.0,0.0,0.0,0.0,0.0,2902.0,37973.0,0.0,0.0,"int-only"
"a10-cuda-atomicperf-cuda-singlerangeatomiconglobalmem-256-1-1-6048-1-1-10","atomicPerf-cuda","atomicPerf","Data compression and reduction","cuda","A10","_Z28SingleRangeAtomicOnGlobalMemIiEvPT_ii","SingleRangeAtomicOnGlobalMem","void SingleRangeAtomicOnGlobalMem<int>(T1 *, int, int)","(256, 1, 1)","(6048, 1, 1)","10",0.0,0.0,0.0,0.0,0.0,3370.0,73355.0,0.0,0.0,"int-only"
"a100-cuda-atomicperf-cuda-singlerangeatomiconglobalmem-256-1-1-6048-1-1-10","atomicPerf-cuda","atomicPerf","Data compression and reduction","cuda","A100","_Z28SingleRangeAtomicOnGlobalMemIiEvPT_ii","SingleRangeAtomicOnGlobalMem","void SingleRangeAtomicOnGlobalMem<int>(T1 *, int, int)","(256, 1, 1)","(6048, 1, 1)","10",0.0,0.0,6193113.0,0.0,6193113.0,2731.0,61067.0,2267.708898,0.101415,"fp16"
"h100-cuda-atomicperf-cuda-singlerangeatomiconglobalmem-256-1-1-6048-1-1-10","atomicPerf-cuda","atomicPerf","Data compression and reduction","cuda","H100","_Z28SingleRangeAtomicOnGlobalMemIiEvPT_ii","SingleRangeAtomicOnGlobalMem","void SingleRangeAtomicOnGlobalMem<int>(T1 *, int, int)","(256, 1, 1)","(6048, 1, 1)","10",0.0,0.0,0.0,0.0,0.0,3157.0,38133.0,0.0,0.0,"int-only"
"3080-cuda-atomicperf-cuda-singlerangeatomiconsharedmem-256-1-1-6048-1-1-10","atomicPerf-cuda","atomicPerf","Data compression and reduction","cuda","3080","_Z28SingleRangeAtomicOnSharedMemIdEvPT_ii","SingleRangeAtomicOnSharedMem","void SingleRangeAtomicOnSharedMem<double>(T1 *, int, int)","(256, 1, 1)","(6048, 1, 1)","10",0.0,76742760.0,0.0,0.0,76742760.0,8320.0,1034336.0,9223.889423,0.074195,"fp64"
"a10-cuda-atomicperf-cuda-singlerangeatomiconsharedmem-256-1-1-6048-1-1-10","atomicPerf-cuda","atomicPerf","Data compression and reduction","cuda","A10","_Z28SingleRangeAtomicOnSharedMemIdEvPT_ii","SingleRangeAtomicOnSharedMem","void SingleRangeAtomicOnSharedMem<double>(T1 *, int, int)","(256, 1, 1)","(6048, 1, 1)","10",0.0,77260772.0,0.0,0.0,77260772.0,3413.0,1596203.0,22637.202461,0.048403,"fp64"
"a100-cuda-atomicperf-cuda-singlerangeatomiconsharedmem-256-1-1-6048-1-1-10","atomicPerf-cuda","atomicPerf","Data compression and reduction","cuda","A100","_Z28SingleRangeAtomicOnSharedMemIdEvPT_ii","SingleRangeAtomicOnSharedMem","void SingleRangeAtomicOnSharedMem<double>(T1 *, int, int)","(256, 1, 1)","(6048, 1, 1)","10",0.0,73179428.0,0.0,0.0,73179428.0,5035.0,240448.0,14534.146574,0.304346,"fp64"
"h100-cuda-atomicperf-cuda-singlerangeatomiconsharedmem-256-1-1-6048-1-1-10","atomicPerf-cuda","atomicPerf","Data compression and reduction","cuda","H100","_Z28SingleRangeAtomicOnSharedMemIdEvPT_ii","SingleRangeAtomicOnSharedMem","void SingleRangeAtomicOnSharedMem<double>(T1 *, int, int)","(256, 1, 1)","(6048, 1, 1)","10",0.0,80051547.0,0.0,0.0,80051547.0,3243.0,140352.0,24684.411656,0.570363,"fp64"
"3080-omp-atomicperf-omp-i-l23-256-1-1-3200-1-1-10","atomicPerf-omp","atomicPerf","Data compression and reduction","omp","3080","_Z26WarpRangeAtomicOnGlobalMemIdEvPT_i_l23","i_l23","void WarpRangeAtomicOnGlobalMem<double>(T1 *, int):l23","(256, 1, 1)","(3200, 1, 1)","10",0.0,0.0,0.0,0.0,0.0,8832.0,1137237.0,0.0,0.0,"int-only"
"a10-omp-atomicperf-omp-i-l23-256-1-1-3200-1-1-10","atomicPerf-omp","atomicPerf","Data compression and reduction","omp","A10","_Z26WarpRangeAtomicOnGlobalMemIdEvPT_i_l23","i_l23","void WarpRangeAtomicOnGlobalMem<double>(T1 *, int):l23","(256, 1, 1)","(3200, 1, 1)","10",0.0,0.0,0.0,0.0,0.0,11690.0,1784309.0,0.0,0.0,"int-only"
"a100-omp-atomicperf-omp-i-l23-256-1-1-3200-1-1-10","atomicPerf-omp","atomicPerf","Data compression and reduction","omp","A100","_Z26WarpRangeAtomicOnGlobalMemIdEvPT_i_l23","i_l23","void WarpRangeAtomicOnGlobalMem<double>(T1 *, int):l23","(256, 1, 1)","(3200, 1, 1)","10",0.0,0.0,6191324.0,0.0,6191324.0,5291.0,741557.0,1170.161406,0.008349,"fp16"
"h100-omp-atomicperf-omp-i-l23-256-1-1-3200-1-1-10","atomicPerf-omp","atomicPerf","Data compression and reduction","omp","H100","_Z26WarpRangeAtomicOnGlobalMemIdEvPT_i_l23","i_l23","void WarpRangeAtomicOnGlobalMem<double>(T1 *, int):l23","(256, 1, 1)","(3200, 1, 1)","10",0.0,0.0,12396595.0,0.0,12396595.0,93866.0,455904.0,132.066936,0.027191,"fp16"
"3080-omp-atomicperf-omp-i-l23-256-1-1-3200-1-1-10","atomicPerf-omp","atomicPerf","Data compression and reduction","omp","3080","_Z26WarpRangeAtomicOnGlobalMemIiEvPT_i_l23","i_l23","void WarpRangeAtomicOnGlobalMem<int>(T1 *, int):l23","(256, 1, 1)","(3200, 1, 1)","10",0.0,0.0,0.0,0.0,0.0,5376.0,180288.0,0.0,0.0,"int-only"
"a10-omp-atomicperf-omp-i-l23-256-1-1-3200-1-1-10","atomicPerf-omp","atomicPerf","Data compression and reduction","omp","A10","_Z26WarpRangeAtomicOnGlobalMemIiEvPT_i_l23","i_l23","void WarpRangeAtomicOnGlobalMem<int>(T1 *, int):l23","(256, 1, 1)","(3200, 1, 1)","10",0.0,0.0,0.0,0.0,0.0,6784.0,282475.0,0.0,0.0,"int-only"
"a100-omp-atomicperf-omp-i-l23-256-1-1-3200-1-1-10","atomicPerf-omp","atomicPerf","Data compression and reduction","omp","A100","_Z26WarpRangeAtomicOnGlobalMemIiEvPT_i_l23","i_l23","void WarpRangeAtomicOnGlobalMem<int>(T1 *, int):l23","(256, 1, 1)","(3200, 1, 1)","10",0.0,0.0,6192911.0,0.0,6192911.0,5163.0,194517.0,1199.479179,0.031837,"fp16"
"h100-omp-atomicperf-omp-i-l23-256-1-1-3200-1-1-10","atomicPerf-omp","atomicPerf","Data compression and reduction","omp","H100","_Z26WarpRangeAtomicOnGlobalMemIiEvPT_i_l23","i_l23","void WarpRangeAtomicOnGlobalMem<int>(T1 *, int):l23","(256, 1, 1)","(3200, 1, 1)","10",0.0,0.0,12399501.0,0.0,12399501.0,6571.0,116960.0,1887.003652,0.106015,"fp16"
"3080-omp-atomicperf-omp-i-l66-256-1-1-6048-1-1-10","atomicPerf-omp","atomicPerf","Data compression and reduction","omp","3080","_Z26WarpRangeAtomicOnSharedMemIdEvPT_i_l66","i_l66","void WarpRangeAtomicOnSharedMem<double>(T1 *, int):l66","(256, 1, 1)","(6048, 1, 1)","10",0.0,4668382.0,0.0,0.0,4668382.0,184363.0,77131.0,25.321686,0.060525,"fp64"
"a10-omp-atomicperf-omp-i-l66-256-1-1-6048-1-1-10","atomicPerf-omp","atomicPerf","Data compression and reduction","omp","A10","_Z26WarpRangeAtomicOnSharedMemIdEvPT_i_l66","i_l66","void WarpRangeAtomicOnSharedMem<double>(T1 *, int):l66","(256, 1, 1)","(6048, 1, 1)","10",0.0,4670486.0,0.0,0.0,4670486.0,112384.0,118603.0,41.558282,0.039379,"fp64"
"a100-omp-atomicperf-omp-i-l66-256-1-1-6048-1-1-10","atomicPerf-omp","atomicPerf","Data compression and reduction","omp","A100","_Z26WarpRangeAtomicOnSharedMemIdEvPT_i_l66","i_l66","void WarpRangeAtomicOnSharedMem<double>(T1 *, int):l66","(256, 1, 1)","(6048, 1, 1)","10",0.0,3946461.0,0.0,0.0,3946461.0,8960.0,28544.0,440.453237,0.138259,"fp64"
"h100-omp-atomicperf-omp-i-l66-256-1-1-6048-1-1-10","atomicPerf-omp","atomicPerf","Data compression and reduction","omp","H100","_Z26WarpRangeAtomicOnSharedMemIdEvPT_i_l66","i_l66","void WarpRangeAtomicOnSharedMem<double>(T1 *, int):l66","(256, 1, 1)","(6048, 1, 1)","10",0.0,5310569.0,24190.0,0.0,5334759.0,10752.0,17451.0,496.164342,0.305699,"fp64"
"3080-omp-atomicperf-omp-i-l13-256-1-1-3200-1-1-10","atomicPerf-omp","atomicPerf","Data compression and reduction","omp","3080","_Z27BlockRangeAtomicOnGlobalMemIdEvPT_i_l13","i_l13","void BlockRangeAtomicOnGlobalMem<double>(T1 *, int):l13","(256, 1, 1)","(3200, 1, 1)","10",0.0,0.0,0.0,0.0,0.0,7296.0,286517.0,0.0,0.0,"int-only"
"a10-omp-atomicperf-omp-i-l13-256-1-1-3200-1-1-10","atomicPerf-omp","atomicPerf","Data compression and reduction","omp","A10","_Z27BlockRangeAtomicOnGlobalMemIdEvPT_i_l13","i_l13","void BlockRangeAtomicOnGlobalMem<double>(T1 *, int):l13","(256, 1, 1)","(3200, 1, 1)","10",0.0,0.0,0.0,0.0,0.0,8149.0,449579.0,0.0,0.0,"int-only"
"a100-omp-atomicperf-omp-i-l13-256-1-1-3200-1-1-10","atomicPerf-omp","atomicPerf","Data compression and reduction","omp","A100","_Z27BlockRangeAtomicOnGlobalMemIdEvPT_i_l13","i_l13","void BlockRangeAtomicOnGlobalMem<double>(T1 *, int):l13","(256, 1, 1)","(3200, 1, 1)","10",0.0,0.0,6193164.0,0.0,6193164.0,7083.0,188565.0,874.370182,0.032844,"fp16"
"h100-omp-atomicperf-omp-i-l13-256-1-1-3200-1-1-10","atomicPerf-omp","atomicPerf","Data compression and reduction","omp","H100","_Z27BlockRangeAtomicOnGlobalMemIdEvPT_i_l13","i_l13","void BlockRangeAtomicOnGlobalMem<double>(T1 *, int):l13","(256, 1, 1)","(3200, 1, 1)","10",0.0,0.0,12398844.0,0.0,12398844.0,8448.0,116512.0,1467.666193,0.106417,"fp16"
"3080-omp-atomicperf-omp-i-l13-256-1-1-3200-1-1-10","atomicPerf-omp","atomicPerf","Data compression and reduction","omp","3080","_Z27BlockRangeAtomicOnGlobalMemIiEvPT_i_l13","i_l13","void BlockRangeAtomicOnGlobalMem<int>(T1 *, int):l13","(256, 1, 1)","(3200, 1, 1)","10",0.0,0.0,0.0,0.0,0.0,6186.0,91648.0,0.0,0.0,"int-only"
"a10-omp-atomicperf-omp-i-l13-256-1-1-3200-1-1-10","atomicPerf-omp","atomicPerf","Data compression and reduction","omp","A10","_Z27BlockRangeAtomicOnGlobalMemIiEvPT_i_l13","i_l13","void BlockRangeAtomicOnGlobalMem<int>(T1 *, int):l13","(256, 1, 1)","(3200, 1, 1)","10",0.0,0.0,0.0,0.0,0.0,6998.0,143509.0,0.0,0.0,"int-only"
"a100-omp-atomicperf-omp-i-l13-256-1-1-3200-1-1-10","atomicPerf-omp","atomicPerf","Data compression and reduction","omp","A100","_Z27BlockRangeAtomicOnGlobalMemIiEvPT_i_l13","i_l13","void BlockRangeAtomicOnGlobalMem<int>(T1 *, int):l13","(256, 1, 1)","(3200, 1, 1)","10",0.0,0.0,6193281.0,0.0,6193281.0,6101.0,96640.0,1015.125553,0.064086,"fp16"
"h100-omp-atomicperf-omp-i-l13-256-1-1-3200-1-1-10","atomicPerf-omp","atomicPerf","Data compression and reduction","omp","H100","_Z27BlockRangeAtomicOnGlobalMemIiEvPT_i_l13","i_l13","void BlockRangeAtomicOnGlobalMem<int>(T1 *, int):l13","(256, 1, 1)","(3200, 1, 1)","10",0.0,0.0,12399236.0,0.0,12399236.0,7424.0,59989.0,1670.155711,0.206692,"fp16"
"3080-omp-atomicperf-omp-i-l43-256-1-1-6048-1-1-10","atomicPerf-omp","atomicPerf","Data compression and reduction","omp","3080","_Z27BlockRangeAtomicOnSharedMemIdEvPT_i_l43","i_l43","void BlockRangeAtomicOnSharedMem<double>(T1 *, int):l43","(256, 1, 1)","(6048, 1, 1)","10",0.0,1548379.0,0.0,0.0,1548379.0,191189.0,45909.0,8.098682,0.033727,"fp64"
"a10-omp-atomicperf-omp-i-l43-256-1-1-6048-1-1-10","atomicPerf-omp","atomicPerf","Data compression and reduction","omp","A10","_Z27BlockRangeAtomicOnSharedMemIdEvPT_i_l43","i_l43","void BlockRangeAtomicOnSharedMem<double>(T1 *, int):l43","(256, 1, 1)","(6048, 1, 1)","10",0.0,1548178.0,0.0,0.0,1548178.0,103936.0,70667.0,14.895493,0.021908,"fp64"
"a100-omp-atomicperf-omp-i-l43-256-1-1-6048-1-1-10","atomicPerf-omp","atomicPerf","Data compression and reduction","omp","A100","_Z27BlockRangeAtomicOnSharedMemIdEvPT_i_l43","i_l43","void BlockRangeAtomicOnSharedMem<double>(T1 *, int):l43","(256, 1, 1)","(6048, 1, 1)","10",0.0,1548254.0,0.0,0.0,1548254.0,8832.0,22485.0,175.300498,0.068857,"fp64"
"h100-omp-atomicperf-omp-i-l43-256-1-1-6048-1-1-10","atomicPerf-omp","atomicPerf","Data compression and reduction","omp","H100","_Z27BlockRangeAtomicOnSharedMemIdEvPT_i_l43","i_l43","void BlockRangeAtomicOnSharedMem<double>(T1 *, int):l43","(256, 1, 1)","(6048, 1, 1)","10",0.0,1548316.0,24187.0,0.0,1572503.0,10923.0,14240.0,143.962556,0.110429,"fp64"
"3080-omp-atomicperf-omp-ii-l33-256-1-1-3200-1-1-10","atomicPerf-omp","atomicPerf","Data compression and reduction","omp","3080","_Z28SingleRangeAtomicOnGlobalMemIdEvPT_ii_l33","ii_l33","void SingleRangeAtomicOnGlobalMem<double>(T1 *, int, int):l33","(256, 1, 1)","(3200, 1, 1)","10",0.0,0.0,0.0,0.0,0.0,11691.0,3405781.0,0.0,0.0,"int-only"
"a10-omp-atomicperf-omp-ii-l33-256-1-1-3200-1-1-10","atomicPerf-omp","atomicPerf","Data compression and reduction","omp","A10","_Z28SingleRangeAtomicOnGlobalMemIdEvPT_ii_l33","ii_l33","void SingleRangeAtomicOnGlobalMem<double>(T1 *, int, int):l33","(256, 1, 1)","(3200, 1, 1)","10",0.0,0.0,0.0,0.0,0.0,7595.0,5343563.0,0.0,0.0,"int-only"
"a100-omp-atomicperf-omp-ii-l33-256-1-1-3200-1-1-10","atomicPerf-omp","atomicPerf","Data compression and reduction","omp","A100","_Z28SingleRangeAtomicOnGlobalMemIdEvPT_ii_l33","ii_l33","void SingleRangeAtomicOnGlobalMem<double>(T1 *, int, int):l33","(256, 1, 1)","(3200, 1, 1)","10",0.0,0.0,6193822.0,0.0,6193822.0,27947.0,4429323.0,221.627438,0.001398,"fp16"
"h100-omp-atomicperf-omp-ii-l33-256-1-1-3200-1-1-10","atomicPerf-omp","atomicPerf","Data compression and reduction","omp","H100","_Z28SingleRangeAtomicOnGlobalMemIdEvPT_ii_l33","ii_l33","void SingleRangeAtomicOnGlobalMem<double>(T1 *, int, int):l33","(256, 1, 1)","(3200, 1, 1)","10",0.0,0.0,6227032.0,0.0,6227032.0,93610.0,2719584.0,66.521013,0.00229,"fp16"
"3080-omp-atomicperf-omp-ii-l33-256-1-1-3200-1-1-10","atomicPerf-omp","atomicPerf","Data compression and reduction","omp","3080","_Z28SingleRangeAtomicOnGlobalMemIiEvPT_ii_l33","ii_l33","void SingleRangeAtomicOnGlobalMem<int>(T1 *, int, int):l33","(256, 1, 1)","(3200, 1, 1)","10",0.0,0.0,0.0,0.0,0.0,5376.0,38517.0,0.0,0.0,"int-only"
"a10-omp-atomicperf-omp-ii-l33-256-1-1-3200-1-1-10","atomicPerf-omp","atomicPerf","Data compression and reduction","omp","A10","_Z28SingleRangeAtomicOnGlobalMemIiEvPT_ii_l33","ii_l33","void SingleRangeAtomicOnGlobalMem<int>(T1 *, int, int):l33","(256, 1, 1)","(3200, 1, 1)","10",0.0,0.0,0.0,0.0,0.0,6016.0,74133.0,0.0,0.0,"int-only"
"a100-omp-atomicperf-omp-ii-l33-256-1-1-3200-1-1-10","atomicPerf-omp","atomicPerf","Data compression and reduction","omp","A100","_Z28SingleRangeAtomicOnGlobalMemIiEvPT_ii_l33","ii_l33","void SingleRangeAtomicOnGlobalMem<int>(T1 *, int, int):l33","(256, 1, 1)","(3200, 1, 1)","10",0.0,0.0,0.0,0.0,0.0,5291.0,61547.0,0.0,0.0,"int-only"
"h100-omp-atomicperf-omp-ii-l33-256-1-1-3200-1-1-10","atomicPerf-omp","atomicPerf","Data compression and reduction","omp","H100","_Z28SingleRangeAtomicOnGlobalMemIiEvPT_ii_l33","ii_l33","void SingleRangeAtomicOnGlobalMem<int>(T1 *, int, int):l33","(256, 1, 1)","(3200, 1, 1)","10",0.0,0.0,12933.0,0.0,12933.0,6485.0,38539.0,1.994295,0.000336,"fp16"
"3080-omp-atomicperf-omp-ii-l89-256-1-1-6048-1-1-10","atomicPerf-omp","atomicPerf","Data compression and reduction","omp","3080","_Z28SingleRangeAtomicOnSharedMemIdEvPT_ii_l89","ii_l89","void SingleRangeAtomicOnSharedMem<double>(T1 *, int, int):l89","(256, 1, 1)","(6048, 1, 1)","10",0.0,93039364.0,0.0,0.0,93039364.0,193408.0,1397483.0,481.052304,0.066576,"fp64"
"a10-omp-atomicperf-omp-ii-l89-256-1-1-6048-1-1-10","atomicPerf-omp","atomicPerf","Data compression and reduction","omp","A10","_Z28SingleRangeAtomicOnSharedMemIdEvPT_ii_l89","ii_l89","void SingleRangeAtomicOnSharedMem<double>(T1 *, int, int):l89","(256, 1, 1)","(6048, 1, 1)","10",0.0,93096886.0,0.0,0.0,93096886.0,122710.0,2137579.0,758.673996,0.043552,"fp64"
"a100-omp-atomicperf-omp-ii-l89-256-1-1-6048-1-1-10","atomicPerf-omp","atomicPerf","Data compression and reduction","omp","A100","_Z28SingleRangeAtomicOnSharedMemIdEvPT_ii_l89","ii_l89","void SingleRangeAtomicOnSharedMem<double>(T1 *, int, int):l89","(256, 1, 1)","(6048, 1, 1)","10",0.0,80657727.0,0.0,0.0,80657727.0,8875.0,261344.0,9088.194592,0.308627,"fp64"
"h100-omp-atomicperf-omp-ii-l89-256-1-1-6048-1-1-10","atomicPerf-omp","atomicPerf","Data compression and reduction","omp","H100","_Z28SingleRangeAtomicOnSharedMemIdEvPT_ii_l89","ii_l89","void SingleRangeAtomicOnSharedMem<double>(T1 *, int, int):l89","(256, 1, 1)","(6048, 1, 1)","10",0.0,83152373.0,24568.0,0.0,83176941.0,11008.0,154656.0,7556.044786,0.537819,"fp64"
"3080-cuda-atomicreduction-cuda-atomic-reduction-256-1-1-2048-1-1-nan","atomicReduction-cuda","atomicReduction","algorithms","cuda","3080","_Z16atomic_reductionPiS_i","atomic_reduction","atomic_reduction(int *, int *, int)","(256, 1, 1)","(2048, 1, 1)",NaN,0.0,0.0,0.0,0.0,0.0,211521280.0,322389.0,0.0,0.0,"int-only"
"a10-cuda-atomicreduction-cuda-atomic-reduction-256-1-1-2048-1-1-nan","atomicReduction-cuda","atomicReduction","algorithms","cuda","A10","_Z16atomic_reductionPiS_i","atomic_reduction","atomic_reduction(int *, int *, int)","(256, 1, 1)","(2048, 1, 1)",NaN,0.0,0.0,0.0,0.0,0.0,242897707.0,432608.0,0.0,0.0,"int-only"
"a100-cuda-atomicreduction-cuda-atomic-reduction-256-1-1-2048-1-1-nan","atomicReduction-cuda","atomicReduction","algorithms","cuda","A100","_Z16atomic_reductionPiS_i","atomic_reduction","atomic_reduction(int *, int *, int)","(256, 1, 1)","(2048, 1, 1)",NaN,0.0,0.0,2096972.0,0.0,2096972.0,212086571.0,230976.0,0.009887,0.009079,"fp16"
"h100-cuda-atomicreduction-cuda-atomic-reduction-256-1-1-2048-1-1-nan","atomicReduction-cuda","atomicReduction","algorithms","cuda","H100","_Z16atomic_reductionPiS_i","atomic_reduction","atomic_reduction(int *, int *, int)","(256, 1, 1)","(2048, 1, 1)",NaN,0.0,0.0,2097628.0,0.0,2097628.0,212120235.0,103456.0,0.009889,0.020276,"fp16"
"3080-cuda-atomicreduction-cuda-atomic-reduction-v2-128-1-1-1024-1-1-nan","atomicReduction-cuda","atomicReduction","algorithms","cuda","3080","_Z19atomic_reduction_v2PiS_i","atomic_reduction_v2","atomic_reduction_v2(int *, int *, int)","(128, 1, 1)","(1024, 1, 1)",NaN,0.0,0.0,0.0,0.0,0.0,211515904.0,316651.0,0.0,0.0,"int-only"
"a10-cuda-atomicreduction-cuda-atomic-reduction-v2-128-1-1-1024-1-1-nan","atomicReduction-cuda","atomicReduction","algorithms","cuda","A10","_Z19atomic_reduction_v2PiS_i","atomic_reduction_v2","atomic_reduction_v2(int *, int *, int)","(128, 1, 1)","(1024, 1, 1)",NaN,0.0,0.0,0.0,0.0,0.0,234737238.0,456096.0,0.0,0.0,"int-only"
"a100-cuda-atomicreduction-cuda-atomic-reduction-v2-128-1-1-1024-1-1-nan","atomicReduction-cuda","atomicReduction","algorithms","cuda","A100","_Z19atomic_reduction_v2PiS_i","atomic_reduction_v2","atomic_reduction_v2(int *, int *, int)","(128, 1, 1)","(1024, 1, 1)",NaN,0.0,0.0,523830.0,0.0,523830.0,212095574.0,179595.0,0.00247,0.002917,"fp16"
"h100-cuda-atomicreduction-cuda-atomic-reduction-v2-128-1-1-1024-1-1-nan","atomicReduction-cuda","atomicReduction","algorithms","cuda","H100","_Z19atomic_reduction_v2PiS_i","atomic_reduction_v2","atomic_reduction_v2(int *, int *, int)","(128, 1, 1)","(1024, 1, 1)",NaN,0.0,0.0,524101.0,0.0,524101.0,212148907.0,100779.0,0.00247,0.0052,"fp16"
"3080-cuda-atomicreduction-cuda-atomic-reduction-v4-128-1-1-512-1-1-nan","atomicReduction-cuda","atomicReduction","algorithms","cuda","3080","_Z19atomic_reduction_v4PiS_i","atomic_reduction_v4","atomic_reduction_v4(int *, int *, int)","(128, 1, 1)","(512, 1, 1)",NaN,0.0,0.0,0.0,0.0,0.0,211500331.0,297579.0,0.0,0.0,"int-only"
"a10-cuda-atomicreduction-cuda-atomic-reduction-v4-128-1-1-512-1-1-nan","atomicReduction-cuda","atomicReduction","algorithms","cuda","A10","_Z19atomic_reduction_v4PiS_i","atomic_reduction_v4","atomic_reduction_v4(int *, int *, int)","(128, 1, 1)","(512, 1, 1)",NaN,0.0,0.0,0.0,0.0,0.0,232647210.0,410080.0,0.0,0.0,"int-only"
"a100-cuda-atomicreduction-cuda-atomic-reduction-v4-128-1-1-512-1-1-nan","atomicReduction-cuda","atomicReduction","algorithms","cuda","A100","_Z19atomic_reduction_v4PiS_i","atomic_reduction_v4","atomic_reduction_v4(int *, int *, int)","(128, 1, 1)","(512, 1, 1)",NaN,0.0,0.0,261799.0,0.0,261799.0,212094336.0,179797.0,0.001234,0.001456,"fp16"
"h100-cuda-atomicreduction-cuda-atomic-reduction-v4-128-1-1-512-1-1-nan","atomicReduction-cuda","atomicReduction","algorithms","cuda","H100","_Z19atomic_reduction_v4PiS_i","atomic_reduction_v4","atomic_reduction_v4(int *, int *, int)","(128, 1, 1)","(512, 1, 1)",NaN,0.0,0.0,261996.0,0.0,261996.0,212206507.0,108619.0,0.001235,0.002412,"fp16"
"3080-cuda-atomicreduction-cuda-atomic-reduction-v8-128-1-1-256-1-1-nan","atomicReduction-cuda","atomicReduction","algorithms","cuda","3080","_Z19atomic_reduction_v8PiS_i","atomic_reduction_v8","atomic_reduction_v8(int *, int *, int)","(128, 1, 1)","(256, 1, 1)",NaN,0.0,0.0,0.0,0.0,0.0,211499477.0,297920.0,0.0,0.0,"int-only"
"a10-cuda-atomicreduction-cuda-atomic-reduction-v8-128-1-1-256-1-1-nan","atomicReduction-cuda","atomicReduction","algorithms","cuda","A10","_Z19atomic_reduction_v8PiS_i","atomic_reduction_v8","atomic_reduction_v8(int *, int *, int)","(128, 1, 1)","(256, 1, 1)",NaN,0.0,0.0,0.0,0.0,0.0,232833664.0,410816.0,0.0,0.0,"int-only"
"a100-cuda-atomicreduction-cuda-atomic-reduction-v8-128-1-1-256-1-1-nan","atomicReduction-cuda","atomicReduction","algorithms","cuda","A100","_Z19atomic_reduction_v8PiS_i","atomic_reduction_v8","atomic_reduction_v8(int *, int *, int)","(128, 1, 1)","(256, 1, 1)",NaN,0.0,0.0,130815.0,0.0,130815.0,212076586.0,191701.0,0.000617,0.000682,"fp16"
"h100-cuda-atomicreduction-cuda-atomic-reduction-v8-128-1-1-256-1-1-nan","atomicReduction-cuda","atomicReduction","algorithms","cuda","H100","_Z19atomic_reduction_v8PiS_i","atomic_reduction_v8","atomic_reduction_v8(int *, int *, int)","(128, 1, 1)","(256, 1, 1)",NaN,0.0,0.0,130815.0,0.0,130815.0,212130048.0,117216.0,0.000617,0.001116,"fp16"
"3080-cuda-atomicreduction-cuda-atomic-reduction-v16-128-1-1-128-1-1-nan","atomicReduction-cuda","atomicReduction","algorithms","cuda","3080","_Z20atomic_reduction_v16PiS_i","atomic_reduction_v16","atomic_reduction_v16(int *, int *, int)","(128, 1, 1)","(128, 1, 1)",NaN,0.0,0.0,0.0,0.0,0.0,211486336.0,300821.0,0.0,0.0,"int-only"
"a10-cuda-atomicreduction-cuda-atomic-reduction-v16-128-1-1-128-1-1-nan","atomicReduction-cuda","atomicReduction","algorithms","cuda","A10","_Z20atomic_reduction_v16PiS_i","atomic_reduction_v16","atomic_reduction_v16(int *, int *, int)","(128, 1, 1)","(128, 1, 1)",NaN,0.0,0.0,0.0,0.0,0.0,237171670.0,469845.0,0.0,0.0,"int-only"
"a100-cuda-atomicreduction-cuda-atomic-reduction-v16-128-1-1-128-1-1-nan","atomicReduction-cuda","atomicReduction","algorithms","cuda","A100","_Z20atomic_reduction_v16PiS_i","atomic_reduction_v16","atomic_reduction_v16(int *, int *, int)","(128, 1, 1)","(128, 1, 1)",NaN,0.0,0.0,65868.0,0.0,65868.0,212102101.0,400981.0,0.000311,0.000164,"fp16"
"h100-cuda-atomicreduction-cuda-atomic-reduction-v16-128-1-1-128-1-1-nan","atomicReduction-cuda","atomicReduction","algorithms","cuda","H100","_Z20atomic_reduction_v16PiS_i","atomic_reduction_v16","atomic_reduction_v16(int *, int *, int)","(128, 1, 1)","(128, 1, 1)",NaN,0.0,0.0,65204.0,0.0,65204.0,212114432.0,164053.0,0.000307,0.000397,"fp16"
"3080-omp-atomicreduction-omp-main-l101-128-1-1-1024-1-1-nan","atomicReduction-omp","atomicReduction","algorithms","omp","3080","main_l101","main_l101","main:l101","(128, 1, 1)","(1024, 1, 1)",NaN,0.0,0.0,0.0,0.0,0.0,211529002.0,549899.0,0.0,0.0,"int-only"
"a10-omp-atomicreduction-omp-main-l101-128-1-1-1024-1-1-nan","atomicReduction-omp","atomicReduction","algorithms","omp","A10","main_l101","main_l101","main:l101","(128, 1, 1)","(1024, 1, 1)",NaN,0.0,0.0,0.0,0.0,0.0,236596779.0,852693.0,0.0,0.0,"int-only"
"a100-omp-atomicreduction-omp-main-l101-128-1-1-1024-1-1-nan","atomicReduction-omp","atomicReduction","algorithms","omp","A100","main_l101","main_l101","main:l101","(128, 1, 1)","(1024, 1, 1)",NaN,0.0,0.0,521943.0,0.0,521943.0,212075050.0,652939.0,0.002461,0.000799,"fp16"
"h100-omp-atomicreduction-omp-main-l101-128-1-1-1024-1-1-nan","atomicReduction-omp","atomicReduction","algorithms","omp","H100","main_l101","main_l101","main:l101","(128, 1, 1)","(1024, 1, 1)",NaN,0.0,0.0,1641406.0,0.0,1641406.0,212160170.0,283488.0,0.007737,0.00579,"fp16"
"3080-omp-atomicreduction-omp-main-l122-128-1-1-512-1-1-nan","atomicReduction-omp","atomicReduction","algorithms","omp","3080","main_l122","main_l122","main:l122","(128, 1, 1)","(512, 1, 1)",NaN,0.0,0.0,0.0,0.0,0.0,211513643.0,326613.0,0.0,0.0,"int-only"
"a10-omp-atomicreduction-omp-main-l122-128-1-1-512-1-1-nan","atomicReduction-omp","atomicReduction","algorithms","omp","A10","main_l122","main_l122","main:l122","(128, 1, 1)","(512, 1, 1)",NaN,0.0,0.0,0.0,0.0,0.0,235462912.0,504779.0,0.0,0.0,"int-only"
"a100-omp-atomicreduction-omp-main-l122-128-1-1-512-1-1-nan","atomicReduction-omp","atomicReduction","algorithms","omp","A100","main_l122","main_l122","main:l122","(128, 1, 1)","(512, 1, 1)",NaN,0.0,0.0,262774.0,0.0,262774.0,212097493.0,358144.0,0.001239,0.000734,"fp16"
"h100-omp-atomicreduction-omp-main-l122-128-1-1-512-1-1-nan","atomicReduction-omp","atomicReduction","algorithms","omp","H100","main_l122","main_l122","main:l122","(128, 1, 1)","(512, 1, 1)",NaN,0.0,0.0,823103.0,0.0,823103.0,212129024.0,264725.0,0.00388,0.003109,"fp16"
"3080-omp-atomicreduction-omp-main-l143-128-1-1-256-1-1-nan","atomicReduction-omp","atomicReduction","algorithms","omp","3080","main_l143","main_l143","main:l143","(128, 1, 1)","(256, 1, 1)",NaN,0.0,0.0,0.0,0.0,0.0,211522602.0,312363.0,0.0,0.0,"int-only"
"a10-omp-atomicreduction-omp-main-l143-128-1-1-256-1-1-nan","atomicReduction-omp","atomicReduction","algorithms","omp","A10","main_l143","main_l143","main:l143","(128, 1, 1)","(256, 1, 1)",NaN,0.0,0.0,0.0,0.0,0.0,235040640.0,466837.0,0.0,0.0,"int-only"
"a100-omp-atomicreduction-omp-main-l143-128-1-1-256-1-1-nan","atomicReduction-omp","atomicReduction","algorithms","omp","A100","main_l143","main_l143","main:l143","(128, 1, 1)","(256, 1, 1)",NaN,0.0,0.0,131979.0,0.0,131979.0,212106283.0,376949.0,0.000622,0.00035,"fp16"
"h100-omp-atomicreduction-omp-main-l143-128-1-1-256-1-1-nan","atomicReduction-omp","atomicReduction","algorithms","omp","H100","main_l143","main_l143","main:l143","(128, 1, 1)","(256, 1, 1)",NaN,0.0,0.0,410071.0,0.0,410071.0,212194304.0,278560.0,0.001933,0.001472,"fp16"
"3080-omp-atomicreduction-omp-main-l165-128-1-1-128-1-1-nan","atomicReduction-omp","atomicReduction","algorithms","omp","3080","main_l165","main_l165","main:l165","(128, 1, 1)","(128, 1, 1)",NaN,0.0,0.0,0.0,0.0,0.0,211516501.0,382539.0,0.0,0.0,"int-only"
"a10-omp-atomicreduction-omp-main-l165-128-1-1-128-1-1-nan","atomicReduction-omp","atomicReduction","algorithms","omp","A10","main_l165","main_l165","main:l165","(128, 1, 1)","(128, 1, 1)",NaN,0.0,0.0,0.0,0.0,0.0,257281834.0,614112.0,0.0,0.0,"int-only"
"a100-omp-atomicreduction-omp-main-l165-128-1-1-128-1-1-nan","atomicReduction-omp","atomicReduction","algorithms","omp","A100","main_l165","main_l165","main:l165","(128, 1, 1)","(128, 1, 1)",NaN,0.0,0.0,67902.0,0.0,67902.0,212085802.0,620384.0,0.00032,0.000109,"fp16"
"h100-omp-atomicreduction-omp-main-l165-128-1-1-128-1-1-nan","atomicReduction-omp","atomicReduction","algorithms","omp","H100","main_l165","main_l165","main:l165","(128, 1, 1)","(128, 1, 1)",NaN,0.0,0.0,202847.0,0.0,202847.0,212132437.0,365109.0,0.000956,0.000556,"fp16"
"3080-omp-atomicreduction-omp-main-l62-256-1-1-2048-1-1-nan","atomicReduction-omp","atomicReduction","algorithms","omp","3080","main_l62","main_l62","main:l62","(256, 1, 1)","(2048, 1, 1)",NaN,0.0,0.0,0.0,0.0,0.0,211520683.0,1075019.0,0.0,0.0,"int-only"
"a10-omp-atomicreduction-omp-main-l62-256-1-1-2048-1-1-nan","atomicReduction-omp","atomicReduction","algorithms","omp","A10","main_l62","main_l62","main:l62","(256, 1, 1)","(2048, 1, 1)",NaN,0.0,0.0,0.0,0.0,0.0,238528981.0,1656747.0,0.0,0.0,"int-only"
"a100-omp-atomicreduction-omp-main-l62-256-1-1-2048-1-1-nan","atomicReduction-omp","atomicReduction","algorithms","omp","A100","main_l62","main_l62","main:l62","(256, 1, 1)","(2048, 1, 1)",NaN,0.0,0.0,209715086.0,0.0,209715086.0,212103254.0,921867.0,0.988741,0.22749,"fp16"
"h100-omp-atomicreduction-omp-main-l62-256-1-1-2048-1-1-nan","atomicReduction-omp","atomicReduction","algorithms","omp","H100","main_l62","main_l62","main:l62","(256, 1, 1)","(2048, 1, 1)",NaN,0.0,0.0,1646387.0,0.0,1646387.0,212191488.0,534805.0,0.007759,0.003078,"fp16"
"3080-omp-atomicreduction-omp-main-l78-128-1-1-2048-1-1-nan","atomicReduction-omp","atomicReduction","algorithms","omp","3080","main_l78","main_l78","main:l78","(128, 1, 1)","(2048, 1, 1)",NaN,0.0,0.0,0.0,0.0,0.0,211541717.0,964320.0,0.0,0.0,"int-only"
"a10-omp-atomicreduction-omp-main-l78-128-1-1-2048-1-1-nan","atomicReduction-omp","atomicReduction","algorithms","omp","A10","main_l78","main_l78","main:l78","(128, 1, 1)","(2048, 1, 1)",NaN,0.0,0.0,0.0,0.0,0.0,251227264.0,1510251.0,0.0,0.0,"int-only"
"a100-omp-atomicreduction-omp-main-l78-128-1-1-2048-1-1-nan","atomicReduction-omp","atomicReduction","algorithms","omp","A100","main_l78","main_l78","main:l78","(128, 1, 1)","(2048, 1, 1)",NaN,0.0,0.0,1048920.0,0.0,1048920.0,212105984.0,952341.0,0.004945,0.001101,"fp16"
"h100-omp-atomicreduction-omp-main-l78-128-1-1-2048-1-1-nan","atomicReduction-omp","atomicReduction","algorithms","omp","H100","main_l78","main_l78","main:l78","(128, 1, 1)","(2048, 1, 1)",NaN,0.0,0.0,3285327.0,0.0,3285327.0,212124075.0,444811.0,0.015488,0.007386,"fp16"
"3080-cuda-atomicsystemwide-cuda-atomickernel-256-1-1-64-1-1-1000","atomicSystemWide-cuda","atomicSystemWide","Data compression and reduction","cuda","3080","_Z12atomicKernelPii","atomicKernel","atomicKernel(int *, int)","(256, 1, 1)","(64, 1, 1)","1000",0.0,0.0,0.0,0.0,0.0,97963.0,27838848.0,0.0,0.0,"int-only"
"a10-cuda-atomicsystemwide-cuda-atomickernel-256-1-1-64-1-1-1000","atomicSystemWide-cuda","atomicSystemWide","Data compression and reduction","cuda","A10","_Z12atomicKernelPii","atomicKernel","atomicKernel(int *, int)","(256, 1, 1)","(64, 1, 1)","1000",0.0,0.0,0.0,0.0,0.0,53163.0,50190421.0,0.0,0.0,"int-only"
"a100-cuda-atomicsystemwide-cuda-atomickernel-256-1-1-64-1-1-1000","atomicSystemWide-cuda","atomicSystemWide","Data compression and reduction","cuda","A100","_Z12atomicKernelPii","atomicKernel","atomicKernel(int *, int)","(256, 1, 1)","(64, 1, 1)","1000",0.0,0.0,0.0,0.0,0.0,5760.0,44818891.0,0.0,0.0,"int-only"
"h100-cuda-atomicsystemwide-cuda-atomickernel-256-1-1-64-1-1-1000","atomicSystemWide-cuda","atomicSystemWide","Data compression and reduction","cuda","H100","_Z12atomicKernelPii","atomicKernel","atomicKernel(int *, int)","(256, 1, 1)","(64, 1, 1)","1000",0.0,0.0,0.0,0.0,0.0,596309.0,26691115.0,0.0,0.0,"int-only"
"3080-cuda-attention-cuda-attention-kernel1-256-1-1-32-1-1-8192-8192-0-5","attention-cuda","attention","Machine learning","cuda","3080","_Z17attention_kernel1PKfS0_PfS1_ii","attention_kernel1","attention_kernel1(const float *, const float *, float *, float *, int, int)","(256, 1, 1)","(32, 1, 1)","8192 8192 0 5",134220673.0,0.0,0.0,0.0,134220673.0,270267606.0,1523797.0,0.496621,0.088083,"fp32"
"a10-cuda-attention-cuda-attention-kernel1-256-1-1-32-1-1-8192-8192-0-5","attention-cuda","attention","Machine learning","cuda","A10","_Z17attention_kernel1PKfS0_PfS1_ii","attention_kernel1","attention_kernel1(const float *, const float *, float *, float *, int, int)","(256, 1, 1)","(32, 1, 1)","8192 8192 0 5",134217843.0,0.0,0.0,0.0,134217843.0,512405504.0,2477291.0,0.261937,0.054179,"fp32"
"a100-cuda-attention-cuda-attention-kernel1-256-1-1-32-1-1-8192-8192-0-5","attention-cuda","attention","Machine learning","cuda","A100","_Z17attention_kernel1PKfS0_PfS1_ii","attention_kernel1","attention_kernel1(const float *, const float *, float *, float *, int, int)","(256, 1, 1)","(32, 1, 1)","8192 8192 0 5",134217962.0,0.0,66708.0,0.0,134284670.0,270829483.0,2031456.0,0.495827,0.066103,"fp32"
"h100-cuda-attention-cuda-attention-kernel1-256-1-1-32-1-1-8192-8192-0-5","attention-cuda","attention","Machine learning","cuda","H100","_Z17attention_kernel1PKfS0_PfS1_ii","attention_kernel1","attention_kernel1(const float *, const float *, float *, float *, int, int)","(256, 1, 1)","(32, 1, 1)","8192 8192 0 5",134218694.0,0.0,67631.0,0.0,134286325.0,270946816.0,1418635.0,0.495619,0.094659,"fp32"
"3080-cuda-attention-cuda-attention-kernel2-256-1-1-32-1-1-8192-8192-0-5","attention-cuda","attention","Machine learning","cuda","3080","_Z17attention_kernel2PKfS0_Pfi","attention_kernel2","attention_kernel2(const float *, const float *, float *, int)","(256, 1, 1)","(32, 1, 1)","8192 8192 0 5",90108.0,0.0,0.0,0.0,90108.0,35883.0,2656.0,2.511161,0.033926,"fp32"
"a10-cuda-attention-cuda-attention-kernel2-256-1-1-32-1-1-8192-8192-0-5","attention-cuda","attention","Machine learning","cuda","A10","_Z17attention_kernel2PKfS0_Pfi","attention_kernel2","attention_kernel2(const float *, const float *, float *, int)","(256, 1, 1)","(32, 1, 1)","8192 8192 0 5",90108.0,0.0,0.0,0.0,90108.0,38742.0,4171.0,2.325848,0.021603,"fp32"
"a100-cuda-attention-cuda-attention-kernel2-256-1-1-32-1-1-8192-8192-0-5","attention-cuda","attention","Machine learning","cuda","A100","_Z17attention_kernel2PKfS0_Pfi","attention_kernel2","attention_kernel2(const float *, const float *, float *, int)","(256, 1, 1)","(32, 1, 1)","8192 8192 0 5",90111.0,0.0,65549.0,0.0,155660.0,35797.0,3723.0,4.348409,0.04181,"fp32"
"h100-cuda-attention-cuda-attention-kernel2-256-1-1-32-1-1-8192-8192-0-5","attention-cuda","attention","Machine learning","cuda","H100","_Z17attention_kernel2PKfS0_Pfi","attention_kernel2","attention_kernel2(const float *, const float *, float *, int)","(256, 1, 1)","(32, 1, 1)","8192 8192 0 5",90124.0,0.0,0.0,0.0,90124.0,36011.0,2976.0,2.50268,0.030284,"fp32"
"3080-cuda-attention-cuda-attention-kernel3-256-1-1-32-1-1-8192-8192-0-5","attention-cuda","attention","Machine learning","cuda","3080","_Z17attention_kernel3PKfS0_Pfii","attention_kernel3","attention_kernel3(const float *, const float *, float *, int, int)","(256, 1, 1)","(32, 1, 1)","8192 8192 0 5",134218499.0,0.0,0.0,0.0,134218499.0,270259584.0,497152.0,0.496628,0.269975,"fp32"
"a10-cuda-attention-cuda-attention-kernel3-256-1-1-32-1-1-8192-8192-0-5","attention-cuda","attention","Machine learning","cuda","A10","_Z17attention_kernel3PKfS0_Pfii","attention_kernel3","attention_kernel3(const float *, const float *, float *, int, int)","(256, 1, 1)","(32, 1, 1)","8192 8192 0 5",134220142.0,0.0,0.0,0.0,134220142.0,331651029.0,728832.0,0.404703,0.184158,"fp32"
"a100-cuda-attention-cuda-attention-kernel3-256-1-1-32-1-1-8192-8192-0-5","attention-cuda","attention","Machine learning","cuda","A100","_Z17attention_kernel3PKfS0_Pfii","attention_kernel3","attention_kernel3(const float *, const float *, float *, int, int)","(256, 1, 1)","(32, 1, 1)","8192 8192 0 5",134218451.0,0.0,66144.0,0.0,134284595.0,270843862.0,754069.0,0.495801,0.17808,"fp32"
"h100-cuda-attention-cuda-attention-kernel3-256-1-1-32-1-1-8192-8192-0-5","attention-cuda","attention","Machine learning","cuda","H100","_Z17attention_kernel3PKfS0_Pfii","attention_kernel3","attention_kernel3(const float *, const float *, float *, int, int)","(256, 1, 1)","(32, 1, 1)","8192 8192 0 5",134220178.0,0.0,33167.0,0.0,134253345.0,270991786.0,522539.0,0.495415,0.256925,"fp32"
"3080-cuda-attentionmultihead-cuda-mha-256-1-1-64-1-1-100000","attentionMultiHead-cuda","attentionMultiHead","Machine learning","cuda","3080","_Z3mhaPKfS0_S0_iiiiifiPf","mha","mha(const float *, const float *, const float *, int, int, int, int, int, float, int, float *)","(256, 1, 1)","(64, 1, 1)","100000",842811.0,0.0,0.0,0.0,842811.0,1272832.0,14027.0,0.662154,0.060085,"fp32"
"a10-cuda-attentionmultihead-cuda-mha-256-1-1-64-1-1-100000","attentionMultiHead-cuda","attentionMultiHead","Machine learning","cuda","A10","_Z3mhaPKfS0_S0_iiiiifiPf","mha","mha(const float *, const float *, const float *, int, int, int, int, int, float, int, float *)","(256, 1, 1)","(64, 1, 1)","100000",842830.0,0.0,0.0,0.0,842830.0,1880234.0,21312.0,0.448258,0.039547,"fp32"
"a100-cuda-attentionmultihead-cuda-mha-256-1-1-64-1-1-100000","attentionMultiHead-cuda","attentionMultiHead","Machine learning","cuda","A100","_Z3mhaPKfS0_S0_iiiiifiPf","mha","mha(const float *, const float *, const float *, int, int, int, int, int, float, int, float *)","(256, 1, 1)","(64, 1, 1)","100000",842894.0,0.0,198853.0,0.0,1041747.0,1256277.0,20384.0,0.829234,0.051106,"fp32"
"h100-cuda-attentionmultihead-cuda-mha-256-1-1-64-1-1-100000","attentionMultiHead-cuda","attentionMultiHead","Machine learning","cuda","H100","_Z3mhaPKfS0_S0_iiiiifiPf","mha","mha(const float *, const float *, const float *, int, int, int, int, int, float, int, float *)","(256, 1, 1)","(64, 1, 1)","100000",842826.0,0.0,198885.0,0.0,1041711.0,1257984.0,20085.0,0.82808,0.051865,"fp32"
"3080-cuda-axhelm-cuda-axhelm-n3-8-8-1-8000-1-1-3-8000-100","axhelm-cuda","axhelm","Simulation","cuda","3080","_Z9axhelm_n3iiPKfS0_S0_S0_Pf","axhelm_n3","axhelm_n3(int, int, const float *, const float *, const float *, const float *, float *)","(8, 8, 1)","(8000, 1, 1)","3 8000 100",1441793573.0,0.0,0.0,0.0,1441793573.0,245140010.0,462261.0,5.881511,3.119003,"fp32"
"a10-cuda-axhelm-cuda-axhelm-n3-8-8-1-8000-1-1-3-8000-100","axhelm-cuda","axhelm","Simulation","cuda","A10","_Z9axhelm_n3iiPKfS0_S0_S0_Pf","axhelm_n3","axhelm_n3(int, int, const float *, const float *, const float *, const float *, float *)","(8, 8, 1)","(8000, 1, 1)","3 8000 100",1441786331.0,0.0,0.0,0.0,1441786331.0,299077376.0,712128.0,4.82078,2.024617,"fp32"
"a100-cuda-axhelm-cuda-axhelm-n3-8-8-1-8000-1-1-3-8000-100","axhelm-cuda","axhelm","Simulation","cuda","A100","_Z9axhelm_n3iiPKfS0_S0_S0_Pf","axhelm_n3","axhelm_n3(int, int, const float *, const float *, const float *, const float *, float *)","(8, 8, 1)","(8000, 1, 1)","3 8000 100",1441792326.0,0.0,2048139.0,0.0,1443840465.0,238656939.0,287509.0,6.049857,5.021897,"fp32"
"h100-cuda-axhelm-cuda-axhelm-n3-8-8-1-8000-1-1-3-8000-100","axhelm-cuda","axhelm","Simulation","cuda","H100","_Z9axhelm_n3iiPKfS0_S0_S0_Pf","axhelm_n3","axhelm_n3(int, int, const float *, const float *, const float *, const float *, float *)","(8, 8, 1)","(8000, 1, 1)","3 8000 100",1441791542.0,0.0,0.0,0.0,1441791542.0,237641984.0,139531.0,6.067074,10.333127,"fp32"
"3080-omp-axhelm-omp-main-l92-64-1-1-8000-1-1-3-8000-100","axhelm-omp","axhelm","Simulation","omp","3080","main_l92","main_l92","main:l92","(64, 1, 1)","(8000, 1, 1)","3 8000 100",1441791020.0,0.0,0.0,0.0,1441791020.0,245773312.0,364267.0,5.866345,3.958061,"fp32"
"a10-omp-axhelm-omp-main-l92-64-1-1-8000-1-1-3-8000-100","axhelm-omp","axhelm","Simulation","omp","A10","main_l92","main_l92","main:l92","(64, 1, 1)","(8000, 1, 1)","3 8000 100",1441791492.0,0.0,0.0,0.0,1441791492.0,282922453.0,533504.0,5.096066,2.702494,"fp32"
"a100-omp-axhelm-omp-main-l92-64-1-1-8000-1-1-3-8000-100","axhelm-omp","axhelm","Simulation","omp","A100","main_l92","main_l92","main:l92","(64, 1, 1)","(8000, 1, 1)","3 8000 100",1441792303.0,0.0,4096711.0,0.0,1445889014.0,241616896.0,238176.0,5.984221,6.070675,"fp32"
"h100-omp-axhelm-omp-main-l92-64-1-1-8000-1-1-3-8000-100","axhelm-omp","axhelm","Simulation","omp","H100","main_l92","main_l92","main:l92","(64, 1, 1)","(8000, 1, 1)","3 8000 100",1441790824.0,0.0,32278.0,0.0,1441823102.0,239240704.0,139019.0,6.026663,10.37141,"fp32"
"3080-cuda-babelstream-cuda-add-kernel-256-1-1-131072-1-1-nan","babelstream-cuda","babelstream","Bandwidth","cuda","3080","_Z10add_kernelIfEvPKT_S2_PS0_","add_kernel","void add_kernel<float>(const T1 *, const T1 *, T1 *)","(256, 1, 1)","(131072, 1, 1)",NaN,33557327.0,0.0,0.0,0.0,33557327.0,401997440.0,581600.0,0.083476,0.057698,"fp32"
"a10-cuda-babelstream-cuda-add-kernel-256-1-1-131072-1-1-nan","babelstream-cuda","babelstream","Bandwidth","cuda","A10","_Z10add_kernelIfEvPKT_S2_PS0_","add_kernel","void add_kernel<float>(const T1 *, const T1 *, T1 *)","(256, 1, 1)","(131072, 1, 1)",NaN,33554704.0,0.0,0.0,0.0,33554704.0,444461354.0,807733.0,0.075495,0.041542,"fp32"
"a100-cuda-babelstream-cuda-add-kernel-256-1-1-131072-1-1-nan","babelstream-cuda","babelstream","Bandwidth","cuda","A100","_Z10add_kernelIfEvPKT_S2_PS0_","add_kernel","void add_kernel<float>(const T1 *, const T1 *, T1 *)","(256, 1, 1)","(131072, 1, 1)",NaN,33554191.0,0.0,134217817.0,0.0,167772008.0,395121792.0,287115.0,0.424608,0.584337,"fp16"
"h100-cuda-babelstream-cuda-add-kernel-256-1-1-131072-1-1-nan","babelstream-cuda","babelstream","Bandwidth","cuda","H100","_Z10add_kernelIfEvPKT_S2_PS0_","add_kernel","void add_kernel<float>(const T1 *, const T1 *, T1 *)","(256, 1, 1)","(131072, 1, 1)",NaN,33554331.0,0.0,0.0,0.0,33554331.0,392735232.0,143339.0,0.085438,0.234091,"fp32"
"3080-cuda-babelstream-cuda-dot-kernel-256-1-1-256-1-1-nan","babelstream-cuda","babelstream","Bandwidth","cuda","3080","_Z10dot_kernelIfEvPKT_S2_PS0_i","dot_kernel","void dot_kernel<float>(const T1 *, const T1 *, T1 *, int)","(256, 1, 1)","(256, 1, 1)",NaN,67174887.0,0.0,0.0,0.0,67174887.0,270230486.0,385173.0,0.248584,0.174402,"fp32"
"a10-cuda-babelstream-cuda-dot-kernel-256-1-1-256-1-1-nan","babelstream-cuda","babelstream","Bandwidth","cuda","A10","_Z10dot_kernelIfEvPKT_S2_PS0_i","dot_kernel","void dot_kernel<float>(const T1 *, const T1 *, T1 *, int)","(256, 1, 1)","(256, 1, 1)",NaN,67171817.0,0.0,0.0,0.0,67171817.0,316157142.0,563595.0,0.212463,0.119185,"fp32"
"a100-cuda-babelstream-cuda-dot-kernel-256-1-1-256-1-1-nan","babelstream-cuda","babelstream","Bandwidth","cuda","A100","_Z10dot_kernelIfEvPKT_S2_PS0_i","dot_kernel","void dot_kernel<float>(const T1 *, const T1 *, T1 *, int)","(256, 1, 1)","(256, 1, 1)",NaN,67173927.0,0.0,264464.0,0.0,67438391.0,270801280.0,364672.0,0.249033,0.184929,"fp32"
"h100-cuda-babelstream-cuda-dot-kernel-256-1-1-256-1-1-nan","babelstream-cuda","babelstream","Bandwidth","cuda","H100","_Z10dot_kernelIfEvPKT_S2_PS0_i","dot_kernel","void dot_kernel<float>(const T1 *, const T1 *, T1 *, int)","(256, 1, 1)","(256, 1, 1)",NaN,67176005.0,0.0,261267.0,0.0,67437272.0,270887424.0,233024.0,0.248949,0.289401,"fp32"
"3080-cuda-babelstream-cuda-mul-kernel-256-1-1-131072-1-1-nan","babelstream-cuda","babelstream","Bandwidth","cuda","3080","_Z10mul_kernelIfEvPT_PKS0_","mul_kernel","void mul_kernel<float>(T1 *, const T1 *)","(256, 1, 1)","(131072, 1, 1)",NaN,33556221.0,0.0,0.0,0.0,33556221.0,267605888.0,390027.0,0.125394,0.086036,"fp32"
"a10-cuda-babelstream-cuda-mul-kernel-256-1-1-131072-1-1-nan","babelstream-cuda","babelstream","Bandwidth","cuda","A10","_Z10mul_kernelIfEvPT_PKS0_","mul_kernel","void mul_kernel<float>(T1 *, const T1 *)","(256, 1, 1)","(131072, 1, 1)",NaN,33553256.0,0.0,0.0,0.0,33553256.0,295027584.0,538325.0,0.113729,0.062329,"fp32"
"a100-cuda-babelstream-cuda-mul-kernel-256-1-1-131072-1-1-nan","babelstream-cuda","babelstream","Bandwidth","cuda","A100","_Z10mul_kernelIfEvPT_PKS0_","mul_kernel","void mul_kernel<float>(T1 *, const T1 *)","(256, 1, 1)","(131072, 1, 1)",NaN,33553896.0,0.0,134218478.0,0.0,167772374.0,255729280.0,197579.0,0.656055,0.849141,"fp16"
"h100-cuda-babelstream-cuda-mul-kernel-256-1-1-131072-1-1-nan","babelstream-cuda","babelstream","Bandwidth","cuda","H100","_Z10mul_kernelIfEvPT_PKS0_","mul_kernel","void mul_kernel<float>(T1 *, const T1 *)","(256, 1, 1)","(131072, 1, 1)",NaN,33554301.0,0.0,0.0,0.0,33554301.0,252536490.0,112896.0,0.132869,0.297214,"fp32"
"3080-cuda-babelstream-cuda-copy-kernel-256-1-1-131072-1-1-nan","babelstream-cuda","babelstream","Bandwidth","cuda","3080","_Z11copy_kernelIdEvPKT_PS0_","copy_kernel","void copy_kernel<double>(const T1 *, T1 *)","(256, 1, 1)","(131072, 1, 1)",NaN,0.0,0.0,0.0,0.0,0.0,536071168.0,782325.0,0.0,0.0,"int-only"
"a10-cuda-babelstream-cuda-copy-kernel-256-1-1-131072-1-1-nan","babelstream-cuda","babelstream","Bandwidth","cuda","A10","_Z11copy_kernelIdEvPKT_PS0_","copy_kernel","void copy_kernel<double>(const T1 *, T1 *)","(256, 1, 1)","(131072, 1, 1)",NaN,0.0,0.0,0.0,0.0,0.0,598413269.0,1093323.0,0.0,0.0,"int-only"
"a100-cuda-babelstream-cuda-copy-kernel-256-1-1-131072-1-1-nan","babelstream-cuda","babelstream","Bandwidth","cuda","A100","_Z11copy_kernelIdEvPKT_PS0_","copy_kernel","void copy_kernel<double>(const T1 *, T1 *)","(256, 1, 1)","(131072, 1, 1)",NaN,0.0,0.0,134217724.0,0.0,134217724.0,522939562.0,378219.0,0.25666,0.354868,"fp16"
"h100-cuda-babelstream-cuda-copy-kernel-256-1-1-131072-1-1-nan","babelstream-cuda","babelstream","Bandwidth","cuda","H100","_Z11copy_kernelIdEvPKT_PS0_","copy_kernel","void copy_kernel<double>(const T1 *, T1 *)","(256, 1, 1)","(131072, 1, 1)",NaN,0.0,0.0,0.0,0.0,0.0,518340949.0,181301.0,0.0,0.0,"int-only"
"3080-cuda-babelstream-cuda-copy-kernel-256-1-1-131072-1-1-nan","babelstream-cuda","babelstream","Bandwidth","cuda","3080","_Z11copy_kernelIfEvPKT_PS0_","copy_kernel","void copy_kernel<float>(const T1 *, T1 *)","(256, 1, 1)","(131072, 1, 1)",NaN,0.0,0.0,0.0,0.0,0.0,267651029.0,389429.0,0.0,0.0,"int-only"
"a10-cuda-babelstream-cuda-copy-kernel-256-1-1-131072-1-1-nan","babelstream-cuda","babelstream","Bandwidth","cuda","A10","_Z11copy_kernelIfEvPKT_PS0_","copy_kernel","void copy_kernel<float>(const T1 *, T1 *)","(256, 1, 1)","(131072, 1, 1)",NaN,0.0,0.0,0.0,0.0,0.0,295246251.0,539723.0,0.0,0.0,"int-only"
"a100-cuda-babelstream-cuda-copy-kernel-256-1-1-131072-1-1-nan","babelstream-cuda","babelstream","Bandwidth","cuda","A100","_Z11copy_kernelIfEvPKT_PS0_","copy_kernel","void copy_kernel<float>(const T1 *, T1 *)","(256, 1, 1)","(131072, 1, 1)",NaN,0.0,0.0,134217378.0,0.0,134217378.0,255578368.0,197408.0,0.525152,0.679898,"fp16"
"h100-cuda-babelstream-cuda-copy-kernel-256-1-1-131072-1-1-nan","babelstream-cuda","babelstream","Bandwidth","cuda","H100","_Z11copy_kernelIfEvPKT_PS0_","copy_kernel","void copy_kernel<float>(const T1 *, T1 *)","(256, 1, 1)","(131072, 1, 1)",NaN,0.0,0.0,0.0,0.0,0.0,252504918.0,112501.0,0.0,0.0,"int-only"
"3080-cuda-babelstream-cuda-init-kernel-256-1-1-131072-1-1-nan","babelstream-cuda","babelstream","Bandwidth","cuda","3080","_Z11init_kernelIdEvPT_S1_S1_S0_S0_S0_","init_kernel","void init_kernel<double>(T1 *, T1 *, T1 *, T1, T1, T1)","(256, 1, 1)","(131072, 1, 1)",NaN,0.0,0.0,0.0,0.0,0.0,804490325.0,1113323.0,0.0,0.0,"int-only"
"a10-cuda-babelstream-cuda-init-kernel-256-1-1-131072-1-1-nan","babelstream-cuda","babelstream","Bandwidth","cuda","A10","_Z11init_kernelIdEvPT_S1_S1_S0_S0_S0_","init_kernel","void init_kernel<double>(T1 *, T1 *, T1 *, T1, T1, T1)","(256, 1, 1)","(131072, 1, 1)",NaN,0.0,0.0,0.0,0.0,0.0,937337643.0,1629045.0,0.0,0.0,"int-only"
"a100-cuda-babelstream-cuda-init-kernel-256-1-1-131072-1-1-nan","babelstream-cuda","babelstream","Bandwidth","cuda","A100","_Z11init_kernelIdEvPT_S1_S1_S0_S0_S0_","init_kernel","void init_kernel<double>(T1 *, T1 *, T1 *, T1, T1, T1)","(256, 1, 1)","(131072, 1, 1)",NaN,0.0,0.0,134217556.0,0.0,134217556.0,787564245.0,518368.0,0.170421,0.258923,"fp16"
"h100-cuda-babelstream-cuda-init-kernel-256-1-1-131072-1-1-nan","babelstream-cuda","babelstream","Bandwidth","cuda","H100","_Z11init_kernelIdEvPT_S1_S1_S0_S0_S0_","init_kernel","void init_kernel<double>(T1 *, T1 *, T1 *, T1, T1, T1)","(256, 1, 1)","(131072, 1, 1)",NaN,0.0,0.0,0.0,0.0,0.0,782756010.0,245600.0,0.0,0.0,"int-only"
"3080-cuda-babelstream-cuda-init-kernel-256-1-1-131072-1-1-nan","babelstream-cuda","babelstream","Bandwidth","cuda","3080","_Z11init_kernelIfEvPT_S1_S1_S0_S0_S0_","init_kernel","void init_kernel<float>(T1 *, T1 *, T1 *, T1, T1, T1)","(256, 1, 1)","(131072, 1, 1)",NaN,0.0,0.0,0.0,0.0,0.0,401792768.0,557483.0,0.0,0.0,"int-only"
"a10-cuda-babelstream-cuda-init-kernel-256-1-1-131072-1-1-nan","babelstream-cuda","babelstream","Bandwidth","cuda","A10","_Z11init_kernelIfEvPT_S1_S1_S0_S0_S0_","init_kernel","void init_kernel<float>(T1 *, T1 *, T1 *, T1, T1, T1)","(256, 1, 1)","(131072, 1, 1)",NaN,0.0,0.0,0.0,0.0,0.0,473246891.0,820075.0,0.0,0.0,"int-only"
"a100-cuda-babelstream-cuda-init-kernel-256-1-1-131072-1-1-nan","babelstream-cuda","babelstream","Bandwidth","cuda","A100","_Z11init_kernelIfEvPT_S1_S1_S0_S0_S0_","init_kernel","void init_kernel<float>(T1 *, T1 *, T1 *, T1, T1, T1)","(256, 1, 1)","(131072, 1, 1)",NaN,0.0,0.0,134216486.0,0.0,134216486.0,384922624.0,259211.0,0.348684,0.517789,"fp16"
"h100-cuda-babelstream-cuda-init-kernel-256-1-1-131072-1-1-nan","babelstream-cuda","babelstream","Bandwidth","cuda","H100","_Z11init_kernelIfEvPT_S1_S1_S0_S0_S0_","init_kernel","void init_kernel<float>(T1 *, T1 *, T1 *, T1, T1, T1)","(256, 1, 1)","(131072, 1, 1)",NaN,0.0,0.0,0.0,0.0,0.0,380120235.0,123275.0,0.0,0.0,"int-only"
"3080-cuda-babelstream-cuda-triad-kernel-256-1-1-131072-1-1-nan","babelstream-cuda","babelstream","Bandwidth","cuda","3080","_Z12triad_kernelIfEvPT_PKS0_S3_","triad_kernel","void triad_kernel<float>(T1 *, const T1 *, const T1 *)","(256, 1, 1)","(131072, 1, 1)",NaN,67112661.0,0.0,0.0,0.0,67112661.0,402070400.0,580619.0,0.166918,0.115588,"fp32"
"a10-cuda-babelstream-cuda-triad-kernel-256-1-1-131072-1-1-nan","babelstream-cuda","babelstream","Bandwidth","cuda","A10","_Z12triad_kernelIfEvPT_PKS0_S3_","triad_kernel","void triad_kernel<float>(T1 *, const T1 *, const T1 *)","(256, 1, 1)","(131072, 1, 1)",NaN,67109590.0,0.0,0.0,0.0,67109590.0,443958570.0,808043.0,0.151162,0.083052,"fp32"
"a100-cuda-babelstream-cuda-triad-kernel-256-1-1-131072-1-1-nan","babelstream-cuda","babelstream","Bandwidth","cuda","A100","_Z12triad_kernelIfEvPT_PKS0_S3_","triad_kernel","void triad_kernel<float>(T1 *, const T1 *, const T1 *)","(256, 1, 1)","(131072, 1, 1)",NaN,67109801.0,0.0,134217494.0,0.0,201327295.0,394973568.0,287701.0,0.509723,0.69978,"fp16"
"h100-cuda-babelstream-cuda-triad-kernel-256-1-1-131072-1-1-nan","babelstream-cuda","babelstream","Bandwidth","cuda","H100","_Z12triad_kernelIfEvPT_PKS0_S3_","triad_kernel","void triad_kernel<float>(T1 *, const T1 *, const T1 *)","(256, 1, 1)","(131072, 1, 1)",NaN,67108827.0,0.0,0.0,0.0,67108827.0,392729942.0,144427.0,0.170878,0.464656,"fp32"
"3080-cuda-babelstream-cuda-nstream-kernel-256-1-1-131072-1-1-nan","babelstream-cuda","babelstream","Bandwidth","cuda","3080","_Z14nstream_kernelIfEvPT_PKS0_S3_","nstream_kernel","void nstream_kernel<float>(T1 *, const T1 *, const T1 *)","(256, 1, 1)","(131072, 1, 1)",NaN,100664167.0,0.0,0.0,0.0,100664167.0,536242389.0,761045.0,0.187721,0.132271,"fp32"
"a10-cuda-babelstream-cuda-nstream-kernel-256-1-1-131072-1-1-nan","babelstream-cuda","babelstream","Bandwidth","cuda","A10","_Z14nstream_kernelIfEvPT_PKS0_S3_","nstream_kernel","void nstream_kernel<float>(T1 *, const T1 *, const T1 *)","(256, 1, 1)","(131072, 1, 1)",NaN,100664613.0,0.0,0.0,0.0,100664613.0,590708608.0,1055563.0,0.170413,0.095366,"fp32"
"a100-cuda-babelstream-cuda-nstream-kernel-256-1-1-131072-1-1-nan","babelstream-cuda","babelstream","Bandwidth","cuda","A100","_Z14nstream_kernelIfEvPT_PKS0_S3_","nstream_kernel","void nstream_kernel<float>(T1 *, const T1 *, const T1 *)","(256, 1, 1)","(131072, 1, 1)",NaN,100664236.0,0.0,134217593.0,0.0,234881829.0,529535872.0,378901.0,0.443562,0.619903,"fp16"
"h100-cuda-babelstream-cuda-nstream-kernel-256-1-1-131072-1-1-nan","babelstream-cuda","babelstream","Bandwidth","cuda","H100","_Z14nstream_kernelIfEvPT_PKS0_S3_","nstream_kernel","void nstream_kernel<float>(T1 *, const T1 *, const T1 *)","(256, 1, 1)","(131072, 1, 1)",NaN,100663067.0,0.0,0.0,0.0,100663067.0,526957653.0,175733.0,0.191027,0.572818,"fp32"
"3080-omp-babelstream-omp-z11init-arraysifevpt-s1-s1-s0-s0-s0-l71-256-1-1-3200-1-1-nan","babelstream-omp","babelstream","Bandwidth","omp","3080","_Z11init_arraysIfEvPT_S1_S1_S0_S0_S0__l71","_Z11init_arraysIfEvPT_S1_S1_S0_S0_S0__l71","void init_arrays<float>(T1 *, T1 *, T1 *, T1, T1, T1):l71","(256, 1, 1)","(3200, 1, 1)",NaN,0.0,0.0,0.0,0.0,0.0,401658837.0,573323.0,0.0,0.0,"int-only"
"a10-omp-babelstream-omp-z11init-arraysifevpt-s1-s1-s0-s0-s0-l71-256-1-1-3200-1-1-nan","babelstream-omp","babelstream","Bandwidth","omp","A10","_Z11init_arraysIfEvPT_S1_S1_S0_S0_S0__l71","_Z11init_arraysIfEvPT_S1_S1_S0_S0_S0__l71","void init_arrays<float>(T1 *, T1 *, T1 *, T1, T1, T1):l71","(256, 1, 1)","(3200, 1, 1)",NaN,0.0,0.0,0.0,0.0,0.0,475739136.0,832021.0,0.0,0.0,"int-only"
"a100-omp-babelstream-omp-z11init-arraysifevpt-s1-s1-s0-s0-s0-l71-256-1-1-3200-1-1-nan","babelstream-omp","babelstream","Bandwidth","omp","A100","_Z11init_arraysIfEvPT_S1_S1_S0_S0_S0__l71","_Z11init_arraysIfEvPT_S1_S1_S0_S0_S0__l71","void init_arrays<float>(T1 *, T1 *, T1 *, T1, T1, T1):l71","(256, 1, 1)","(3200, 1, 1)",NaN,0.0,0.0,137494288.0,0.0,137494288.0,384881536.0,278304.0,0.357238,0.494044,"fp16"
"h100-omp-babelstream-omp-z11init-arraysifevpt-s1-s1-s0-s0-s0-l71-256-1-1-3200-1-1-nan","babelstream-omp","babelstream","Bandwidth","omp","H100","_Z11init_arraysIfEvPT_S1_S1_S0_S0_S0__l71","_Z11init_arraysIfEvPT_S1_S1_S0_S0_S0__l71","void init_arrays<float>(T1 *, T1 *, T1 *, T1, T1, T1):l71","(256, 1, 1)","(3200, 1, 1)",NaN,0.0,0.0,0.0,0.0,0.0,380038144.0,132416.0,0.0,0.0,"int-only"
"3080-omp-babelstream-omp-z3addifevpkt-s2-ps0-l104-256-1-1-3200-1-1-nan","babelstream-omp","babelstream","Bandwidth","omp","3080","_Z3addIfEvPKT_S2_PS0__l104","_Z3addIfEvPKT_S2_PS0__l104","void add<float>(const T1 *, const T1 *, T1 *):l104","(256, 1, 1)","(3200, 1, 1)",NaN,33551993.0,0.0,0.0,0.0,33551993.0,402517590.0,596821.0,0.083355,0.056218,"fp32"
"a10-omp-babelstream-omp-z3addifevpkt-s2-ps0-l104-256-1-1-3200-1-1-nan","babelstream-omp","babelstream","Bandwidth","omp","A10","_Z3addIfEvPKT_S2_PS0__l104","_Z3addIfEvPKT_S2_PS0__l104","void add<float>(const T1 *, const T1 *, T1 *):l104","(256, 1, 1)","(3200, 1, 1)",NaN,33552255.0,0.0,0.0,0.0,33552255.0,449936726.0,827339.0,0.074571,0.040554,"fp32"
"a100-omp-babelstream-omp-z3addifevpkt-s2-ps0-l104-256-1-1-3200-1-1-nan","babelstream-omp","babelstream","Bandwidth","omp","A100","_Z3addIfEvPKT_S2_PS0__l104","_Z3addIfEvPKT_S2_PS0__l104","void add<float>(const T1 *, const T1 *, T1 *):l104","(256, 1, 1)","(3200, 1, 1)",NaN,33553936.0,0.0,137494157.0,0.0,171048093.0,395101696.0,310539.0,0.432922,0.55081,"fp16"
"h100-omp-babelstream-omp-z3addifevpkt-s2-ps0-l104-256-1-1-3200-1-1-nan","babelstream-omp","babelstream","Bandwidth","omp","H100","_Z3addIfEvPKT_S2_PS0__l104","_Z3addIfEvPKT_S2_PS0__l104","void add<float>(const T1 *, const T1 *, T1 *):l104","(256, 1, 1)","(3200, 1, 1)",NaN,33553746.0,0.0,0.0,0.0,33553746.0,393014016.0,178315.0,0.085375,0.188171,"fp32"
"3080-omp-babelstream-omp-z3dotifet-pks0-s2-l139-256-1-1-3200-1-1-nan","babelstream-omp","babelstream","Bandwidth","omp","3080","_Z3dotIfET_PKS0_S2__l139","_Z3dotIfET_PKS0_S2__l139","T1 dot<float>(const T1 *, const T1 *):l139","(256, 1, 1)","(3200, 1, 1)",NaN,269352848.0,0.0,0.0,0.0,269352848.0,270334677.0,825173.0,0.996368,0.32642,"fp32"
"a10-omp-babelstream-omp-z3dotifet-pks0-s2-l139-256-1-1-3200-1-1-nan","babelstream-omp","babelstream","Bandwidth","omp","A10","_Z3dotIfET_PKS0_S2__l139","_Z3dotIfET_PKS0_S2__l139","T1 dot<float>(const T1 *, const T1 *):l139","(256, 1, 1)","(3200, 1, 1)",NaN,269351542.0,0.0,0.0,0.0,269351542.0,302612096.0,1243072.0,0.890088,0.216682,"fp32"
"a100-omp-babelstream-omp-z3dotifet-pks0-s2-l139-256-1-1-3200-1-1-nan","babelstream-omp","babelstream","Bandwidth","omp","A100","_Z3dotIfET_PKS0_S2__l139","_Z3dotIfET_PKS0_S2__l139","T1 dot<float>(const T1 *, const T1 *):l139","(256, 1, 1)","(3200, 1, 1)",NaN,269356026.0,0.0,134230598.0,0.0,403586624.0,270829184.0,766155.0,1.490189,0.526769,"fp32"
"h100-omp-babelstream-omp-z3dotifet-pks0-s2-l139-256-1-1-3200-1-1-nan","babelstream-omp","babelstream","Bandwidth","omp","H100","_Z3dotIfET_PKS0_S2__l139","_Z3dotIfET_PKS0_S2__l139","T1 dot<float>(const T1 *, const T1 *):l139","(256, 1, 1)","(3200, 1, 1)",NaN,269356738.0,0.0,137507409.0,0.0,406864147.0,270939648.0,289568.0,1.501678,1.405073,"fp32"
"3080-omp-babelstream-omp-z3mulidevpt-pks0-l93-256-1-1-3200-1-1-nan","babelstream-omp","babelstream","Bandwidth","omp","3080","_Z3mulIdEvPT_PKS0__l93","_Z3mulIdEvPT_PKS0__l93","void mul<double>(T1 *, const T1 *):l93","(256, 1, 1)","(3200, 1, 1)",NaN,0.0,33554138.0,0.0,0.0,33554138.0,536277674.0,799093.0,0.062569,0.04199,"fp64"
"a10-omp-babelstream-omp-z3mulidevpt-pks0-l93-256-1-1-3200-1-1-nan","babelstream-omp","babelstream","Bandwidth","omp","A10","_Z3mulIdEvPT_PKS0__l93","_Z3mulIdEvPT_PKS0__l93","void mul<double>(T1 *, const T1 *):l93","(256, 1, 1)","(3200, 1, 1)",NaN,0.0,33553478.0,0.0,0.0,33553478.0,601562454.0,1122805.0,0.055777,0.029884,"fp64"
"a100-omp-babelstream-omp-z3mulidevpt-pks0-l93-256-1-1-3200-1-1-nan","babelstream-omp","babelstream","Bandwidth","omp","A100","_Z3mulIdEvPT_PKS0__l93","_Z3mulIdEvPT_PKS0__l93","void mul<double>(T1 *, const T1 *):l93","(256, 1, 1)","(3200, 1, 1)",NaN,0.0,33554752.0,134217553.0,0.0,167772305.0,523789867.0,399328.0,0.320305,0.420137,"fp16"
"h100-omp-babelstream-omp-z3mulidevpt-pks0-l93-256-1-1-3200-1-1-nan","babelstream-omp","babelstream","Bandwidth","omp","H100","_Z3mulIdEvPT_PKS0__l93","_Z3mulIdEvPT_PKS0__l93","void mul<double>(T1 *, const T1 *):l93","(256, 1, 1)","(3200, 1, 1)",NaN,0.0,33555165.0,0.0,0.0,33555165.0,520601088.0,217632.0,0.064455,0.154183,"fp64"
"3080-omp-babelstream-omp-z3mulifevpt-pks0-l93-256-1-1-3200-1-1-nan","babelstream-omp","babelstream","Bandwidth","omp","3080","_Z3mulIfEvPT_PKS0__l93","_Z3mulIfEvPT_PKS0__l93","void mul<float>(T1 *, const T1 *):l93","(256, 1, 1)","(3200, 1, 1)",NaN,33553101.0,0.0,0.0,0.0,33553101.0,267797547.0,399040.0,0.125293,0.084085,"fp32"
"a10-omp-babelstream-omp-z3mulifevpt-pks0-l93-256-1-1-3200-1-1-nan","babelstream-omp","babelstream","Bandwidth","omp","A10","_Z3mulIfEvPT_PKS0__l93","_Z3mulIfEvPT_PKS0__l93","void mul<float>(T1 *, const T1 *):l93","(256, 1, 1)","(3200, 1, 1)",NaN,33555679.0,0.0,0.0,0.0,33555679.0,298409941.0,548864.0,0.112448,0.061137,"fp32"
"a100-omp-babelstream-omp-z3mulifevpt-pks0-l93-256-1-1-3200-1-1-nan","babelstream-omp","babelstream","Bandwidth","omp","A100","_Z3mulIfEvPT_PKS0__l93","_Z3mulIfEvPT_PKS0__l93","void mul<float>(T1 *, const T1 *):l93","(256, 1, 1)","(3200, 1, 1)",NaN,33554018.0,0.0,134217845.0,0.0,167771863.0,256183766.0,241760.0,0.654889,0.69396,"fp16"
"h100-omp-babelstream-omp-z3mulifevpt-pks0-l93-256-1-1-3200-1-1-nan","babelstream-omp","babelstream","Bandwidth","omp","H100","_Z3mulIfEvPT_PKS0__l93","_Z3mulIfEvPT_PKS0__l93","void mul<float>(T1 *, const T1 *):l93","(256, 1, 1)","(3200, 1, 1)",NaN,33554760.0,0.0,0.0,0.0,33554760.0,252544256.0,149173.0,0.132867,0.224939,"fp32"
"3080-omp-babelstream-omp-z4copyidevpkt-ps0-l84-256-1-1-3200-1-1-nan","babelstream-omp","babelstream","Bandwidth","omp","3080","_Z4copyIdEvPKT_PS0__l84","_Z4copyIdEvPKT_PS0__l84","void copy<double>(const T1 *, T1 *):l84","(256, 1, 1)","(3200, 1, 1)",NaN,0.0,0.0,0.0,0.0,0.0,536290411.0,798389.0,0.0,0.0,"int-only"
"a10-omp-babelstream-omp-z4copyidevpkt-ps0-l84-256-1-1-3200-1-1-nan","babelstream-omp","babelstream","Bandwidth","omp","A10","_Z4copyIdEvPKT_PS0__l84","_Z4copyIdEvPKT_PS0__l84","void copy<double>(const T1 *, T1 *):l84","(256, 1, 1)","(3200, 1, 1)",NaN,0.0,0.0,0.0,0.0,0.0,601763242.0,1108203.0,0.0,0.0,"int-only"
"a100-omp-babelstream-omp-z4copyidevpkt-ps0-l84-256-1-1-3200-1-1-nan","babelstream-omp","babelstream","Bandwidth","omp","A100","_Z4copyIdEvPKT_PS0__l84","_Z4copyIdEvPKT_PS0__l84","void copy<double>(const T1 *, T1 *):l84","(256, 1, 1)","(3200, 1, 1)",NaN,0.0,0.0,134218424.0,0.0,134218424.0,524185131.0,399509.0,0.256052,0.335958,"fp16"
"h100-omp-babelstream-omp-z4copyidevpkt-ps0-l84-256-1-1-3200-1-1-nan","babelstream-omp","babelstream","Bandwidth","omp","H100","_Z4copyIdEvPKT_PS0__l84","_Z4copyIdEvPKT_PS0__l84","void copy<double>(const T1 *, T1 *):l84","(256, 1, 1)","(3200, 1, 1)",NaN,0.0,0.0,0.0,0.0,0.0,520802005.0,218395.0,0.0,0.0,"int-only"
"3080-omp-babelstream-omp-z4copyifevpkt-ps0-l84-256-1-1-3200-1-1-nan","babelstream-omp","babelstream","Bandwidth","omp","3080","_Z4copyIfEvPKT_PS0__l84","_Z4copyIfEvPKT_PS0__l84","void copy<float>(const T1 *, T1 *):l84","(256, 1, 1)","(3200, 1, 1)",NaN,0.0,0.0,0.0,0.0,0.0,267772203.0,398037.0,0.0,0.0,"int-only"
"a10-omp-babelstream-omp-z4copyifevpkt-ps0-l84-256-1-1-3200-1-1-nan","babelstream-omp","babelstream","Bandwidth","omp","A10","_Z4copyIfEvPKT_PS0__l84","_Z4copyIfEvPKT_PS0__l84","void copy<float>(const T1 *, T1 *):l84","(256, 1, 1)","(3200, 1, 1)",NaN,0.0,0.0,0.0,0.0,0.0,298249088.0,549547.0,0.0,0.0,"int-only"
"a100-omp-babelstream-omp-z4copyifevpkt-ps0-l84-256-1-1-3200-1-1-nan","babelstream-omp","babelstream","Bandwidth","omp","A100","_Z4copyIfEvPKT_PS0__l84","_Z4copyIfEvPKT_PS0__l84","void copy<float>(const T1 *, T1 *):l84","(256, 1, 1)","(3200, 1, 1)",NaN,0.0,0.0,134217931.0,0.0,134217931.0,256343638.0,242827.0,0.523586,0.552731,"fp16"
"h100-omp-babelstream-omp-z4copyifevpkt-ps0-l84-256-1-1-3200-1-1-nan","babelstream-omp","babelstream","Bandwidth","omp","H100","_Z4copyIfEvPKT_PS0__l84","_Z4copyIfEvPKT_PS0__l84","void copy<float>(const T1 *, T1 *):l84","(256, 1, 1)","(3200, 1, 1)",NaN,0.0,0.0,0.0,0.0,0.0,252447574.0,149269.0,0.0,0.0,"int-only"
"3080-omp-babelstream-omp-z5triadifevpt-pks0-s3-l115-256-1-1-3200-1-1-nan","babelstream-omp","babelstream","Bandwidth","omp","3080","_Z5triadIfEvPT_PKS0_S3__l115","_Z5triadIfEvPT_PKS0_S3__l115","void triad<float>(T1 *, const T1 *, const T1 *):l115","(256, 1, 1)","(3200, 1, 1)",NaN,67109213.0,0.0,0.0,0.0,67109213.0,402524416.0,595520.0,0.166721,0.11269,"fp32"
"a10-omp-babelstream-omp-z5triadifevpt-pks0-s3-l115-256-1-1-3200-1-1-nan","babelstream-omp","babelstream","Bandwidth","omp","A10","_Z5triadIfEvPT_PKS0_S3__l115","_Z5triadIfEvPT_PKS0_S3__l115","void triad<float>(T1 *, const T1 *, const T1 *):l115","(256, 1, 1)","(3200, 1, 1)",NaN,67110141.0,0.0,0.0,0.0,67110141.0,450002816.0,830891.0,0.149133,0.080769,"fp32"
"a100-omp-babelstream-omp-z5triadifevpt-pks0-s3-l115-256-1-1-3200-1-1-nan","babelstream-omp","babelstream","Bandwidth","omp","A100","_Z5triadIfEvPT_PKS0_S3__l115","_Z5triadIfEvPT_PKS0_S3__l115","void triad<float>(T1 *, const T1 *, const T1 *):l115","(256, 1, 1)","(3200, 1, 1)",NaN,67108941.0,0.0,137495151.0,0.0,204604092.0,395087104.0,312864.0,0.517871,0.653971,"fp16"
"h100-omp-babelstream-omp-z5triadifevpt-pks0-s3-l115-256-1-1-3200-1-1-nan","babelstream-omp","babelstream","Bandwidth","omp","H100","_Z5triadIfEvPT_PKS0_S3__l115","_Z5triadIfEvPT_PKS0_S3__l115","void triad<float>(T1 *, const T1 *, const T1 *):l115","(256, 1, 1)","(3200, 1, 1)",NaN,67108846.0,0.0,0.0,0.0,67108846.0,392117163.0,178507.0,0.171145,0.375945,"fp32"
"3080-omp-babelstream-omp-z7nstreamifevpt-pks0-s3-l127-256-1-1-3200-1-1-nan","babelstream-omp","babelstream","Bandwidth","omp","3080","_Z7nstreamIfEvPT_PKS0_S3__l127","_Z7nstreamIfEvPT_PKS0_S3__l127","void nstream<float>(T1 *, const T1 *, const T1 *):l127","(256, 1, 1)","(3200, 1, 1)",NaN,100660725.0,0.0,0.0,0.0,100660725.0,536725035.0,767659.0,0.187546,0.131127,"fp32"
"a10-omp-babelstream-omp-z7nstreamifevpt-pks0-s3-l127-256-1-1-3200-1-1-nan","babelstream-omp","babelstream","Bandwidth","omp","A10","_Z7nstreamIfEvPT_PKS0_S3__l127","_Z7nstreamIfEvPT_PKS0_S3__l127","void nstream<float>(T1 *, const T1 *, const T1 *):l127","(256, 1, 1)","(3200, 1, 1)",NaN,100659734.0,0.0,0.0,0.0,100659734.0,599349462.0,1065632.0,0.167948,0.09446,"fp32"
"a100-omp-babelstream-omp-z7nstreamifevpt-pks0-s3-l127-256-1-1-3200-1-1-nan","babelstream-omp","babelstream","Bandwidth","omp","A100","_Z7nstreamIfEvPT_PKS0_S3__l127","_Z7nstreamIfEvPT_PKS0_S3__l127","void nstream<float>(T1 *, const T1 *, const T1 *):l127","(256, 1, 1)","(3200, 1, 1)",NaN,100661954.0,0.0,137494418.0,0.0,238156372.0,529573034.0,396373.0,0.449714,0.600839,"fp16"
"h100-omp-babelstream-omp-z7nstreamifevpt-pks0-s3-l127-256-1-1-3200-1-1-nan","babelstream-omp","babelstream","Bandwidth","omp","H100","_Z7nstreamIfEvPT_PKS0_S3__l127","_Z7nstreamIfEvPT_PKS0_S3__l127","void nstream<float>(T1 *, const T1 *, const T1 *):l127","(256, 1, 1)","(3200, 1, 1)",NaN,100662595.0,0.0,0.0,0.0,100662595.0,526343083.0,208640.0,0.191249,0.48247,"fp32"
"3080-cuda-background-subtract-cuda-merge-256-1-1-32768-1-1-4096-2048-1-102","background-subtract-cuda","background-subtract","Computer vision and image processing","cuda","3080","_Z5mergemPKhS0_S0_PhS1_","merge","merge(unsigned long, const unsigned char *, const unsigned char *, const unsigned char *, unsigned char *, unsigned char *)","(256, 1, 1)","(32768, 1, 1)","4096 2048 1 102",0.0,29501057.0,0.0,0.0,29501057.0,58367147.0,483499.0,0.505439,0.061016,"fp64"
"a10-cuda-background-subtract-cuda-merge-256-1-1-32768-1-1-4096-2048-1-102","background-subtract-cuda","background-subtract","Computer vision and image processing","cuda","A10","_Z5mergemPKhS0_S0_PhS1_","merge","merge(unsigned long, const unsigned char *, const unsigned char *, const unsigned char *, unsigned char *, unsigned char *)","(256, 1, 1)","(32768, 1, 1)","4096 2048 1 102",0.0,29501436.0,0.0,0.0,29501436.0,68203904.0,739424.0,0.432548,0.039898,"fp64"
"a100-cuda-background-subtract-cuda-merge-256-1-1-32768-1-1-4096-2048-1-102","background-subtract-cuda","background-subtract","Computer vision and image processing","cuda","A100","_Z5mergemPKhS0_S0_PhS1_","merge","merge(unsigned long, const unsigned char *, const unsigned char *, const unsigned char *, unsigned char *, unsigned char *)","(256, 1, 1)","(32768, 1, 1)","4096 2048 1 102",0.0,29500168.0,0.0,0.0,29500168.0,49939968.0,101835.0,0.590713,0.289686,"fp64"
"h100-cuda-background-subtract-cuda-merge-256-1-1-32768-1-1-4096-2048-1-102","background-subtract-cuda","background-subtract","Computer vision and image processing","cuda","H100","_Z5mergemPKhS0_S0_PhS1_","merge","merge(unsigned long, const unsigned char *, const unsigned char *, const unsigned char *, unsigned char *, unsigned char *)","(256, 1, 1)","(32768, 1, 1)","4096 2048 1 102",0.0,29500608.0,0.0,0.0,29500608.0,46945195.0,57771.0,0.628405,0.510647,"fp64"
"3080-omp-background-subtract-omp-z5mergempkhs0-s0-phs1-l69-256-1-1-3200-1-1-4096-2048-1-102","background-subtract-omp","background-subtract","Computer vision and image processing","omp","3080","_Z5mergemPKhS0_S0_PhS1__l69","_Z5mergemPKhS0_S0_PhS1__l69","merge(unsigned long, const unsigned char *, const unsigned char *, const unsigned char *, unsigned char *, unsigned char *):l69","(256, 1, 1)","(3200, 1, 1)","4096 2048 1 102",0.0,29499175.0,0.0,0.0,29499175.0,58540885.0,524619.0,0.503907,0.05623,"fp64"
"a10-omp-background-subtract-omp-z5mergempkhs0-s0-phs1-l69-256-1-1-3200-1-1-4096-2048-1-102","background-subtract-omp","background-subtract","Computer vision and image processing","omp","A10","_Z5mergemPKhS0_S0_PhS1__l69","_Z5mergemPKhS0_S0_PhS1__l69","merge(unsigned long, const unsigned char *, const unsigned char *, const unsigned char *, unsigned char *, unsigned char *):l69","(256, 1, 1)","(3200, 1, 1)","4096 2048 1 102",0.0,29501677.0,0.0,0.0,29501677.0,76619136.0,801440.0,0.385043,0.036811,"fp64"
"a100-omp-background-subtract-omp-z5mergempkhs0-s0-phs1-l69-256-1-1-3200-1-1-4096-2048-1-102","background-subtract-omp","background-subtract","Computer vision and image processing","omp","A100","_Z5mergemPKhS0_S0_PhS1__l69","_Z5mergemPKhS0_S0_PhS1__l69","merge(unsigned long, const unsigned char *, const unsigned char *, const unsigned char *, unsigned char *, unsigned char *):l69","(256, 1, 1)","(3200, 1, 1)","4096 2048 1 102",0.0,29500809.0,0.0,0.0,29500809.0,50080299.0,174219.0,0.58907,0.169332,"fp64"
"h100-omp-background-subtract-omp-z5mergempkhs0-s0-phs1-l69-256-1-1-3200-1-1-4096-2048-1-102","background-subtract-omp","background-subtract","Computer vision and image processing","omp","H100","_Z5mergemPKhS0_S0_PhS1__l69","_Z5mergemPKhS0_S0_PhS1__l69","merge(unsigned long, const unsigned char *, const unsigned char *, const unsigned char *, unsigned char *, unsigned char *):l69","(256, 1, 1)","(3200, 1, 1)","4096 2048 1 102",0.0,29500808.0,0.0,0.0,29500808.0,47651584.0,103200.0,0.619094,0.285861,"fp64"
"3080-cuda-backprop-cuda-kernel-layerforward-16-16-1-1-4096-1-65536","backprop-cuda","backprop","Machine learning","cuda","3080","_Z19kernel_layerforwardPKfPfS1_i","kernel_layerforward","kernel_layerforward(const float *, float *, float *, int)","(16, 16, 1)","(1, 4096, 1)","65536",3080032.0,0.0,0.0,0.0,3080032.0,8708096.0,24309.0,0.353698,0.126703,"fp32"
"a10-cuda-backprop-cuda-kernel-layerforward-16-16-1-1-4096-1-65536","backprop-cuda","backprop","Machine learning","cuda","A10","_Z19kernel_layerforwardPKfPfS1_i","kernel_layerforward","kernel_layerforward(const float *, float *, float *, int)","(16, 16, 1)","(1, 4096, 1)","65536",3080281.0,0.0,0.0,0.0,3080281.0,9633792.0,36320.0,0.319737,0.084809,"fp32"
"a100-cuda-backprop-cuda-kernel-layerforward-16-16-1-1-4096-1-65536","backprop-cuda","backprop","Machine learning","cuda","A100","_Z19kernel_layerforwardPKfPfS1_i","kernel_layerforward","kernel_layerforward(const float *, float *, float *, int)","(16, 16, 1)","(1, 4096, 1)","65536",3080204.0,0.0,4194266.0,0.0,7274470.0,4722219.0,16384.0,1.540477,0.443998,"fp16"
"h100-cuda-backprop-cuda-kernel-layerforward-16-16-1-1-4096-1-65536","backprop-cuda","backprop","Machine learning","cuda","H100","_Z19kernel_layerforwardPKfPfS1_i","kernel_layerforward","kernel_layerforward(const float *, float *, float *, int)","(16, 16, 1)","(1, 4096, 1)","65536",3080180.0,0.0,0.0,0.0,3080180.0,4722517.0,9920.0,0.652233,0.310502,"fp32"
"3080-cuda-backprop-cuda-kernel-adjust-weights-16-16-1-1-4096-1-65536","backprop-cuda","backprop","Machine learning","cuda","3080","_Z21kernel_adjust_weightsPKfPfS0_S1_i","kernel_adjust_weights","kernel_adjust_weights(const float *, float *, const float *, float *, int)","(16, 16, 1)","(1, 4096, 1)","65536",5242857.0,0.0,0.0,0.0,5242857.0,17406379.0,28363.0,0.301203,0.184848,"fp32"
"a10-cuda-backprop-cuda-kernel-adjust-weights-16-16-1-1-4096-1-65536","backprop-cuda","backprop","Machine learning","cuda","A10","_Z21kernel_adjust_weightsPKfPfS0_S1_i","kernel_adjust_weights","kernel_adjust_weights(const float *, float *, const float *, float *, int)","(16, 16, 1)","(1, 4096, 1)","65536",5242939.0,0.0,0.0,0.0,5242939.0,19376597.0,38795.0,0.270581,0.135145,"fp32"
"a100-cuda-backprop-cuda-kernel-adjust-weights-16-16-1-1-4096-1-65536","backprop-cuda","backprop","Machine learning","cuda","A100","_Z21kernel_adjust_weightsPKfPfS0_S1_i","kernel_adjust_weights","kernel_adjust_weights(const float *, float *, const float *, float *, int)","(16, 16, 1)","(1, 4096, 1)","65536",5242915.0,0.0,4194313.0,0.0,9437228.0,9179179.0,13344.0,1.028112,0.707226,"fp32"
"h100-cuda-backprop-cuda-kernel-adjust-weights-16-16-1-1-4096-1-65536","backprop-cuda","backprop","Machine learning","cuda","H100","_Z21kernel_adjust_weightsPKfPfS0_S1_i","kernel_adjust_weights","kernel_adjust_weights(const float *, float *, const float *, float *, int)","(16, 16, 1)","(1, 4096, 1)","65536",5242942.0,0.0,0.0,0.0,5242942.0,9178880.0,7680.0,0.571196,0.682675,"fp32"
"3080-omp-backprop-omp-z17bpnn-train-kernelp4bpnnpfs1-l78-256-1-1-4096-1-1-65536","backprop-omp","backprop","Machine learning","omp","3080","_Z17bpnn_train_kernelP4BPNNPfS1__l78","_Z17bpnn_train_kernelP4BPNNPfS1__l78","bpnn_train_kernel(BPNN *, float *, float *):l78","(256, 1, 1)","(4096, 1, 1)","65536",3080194.0,0.0,0.0,0.0,3080194.0,8774613.0,60117.0,0.351035,0.051237,"fp32"
"a10-omp-backprop-omp-z17bpnn-train-kernelp4bpnnpfs1-l78-256-1-1-4096-1-1-65536","backprop-omp","backprop","Machine learning","omp","A10","_Z17bpnn_train_kernelP4BPNNPfS1__l78","_Z17bpnn_train_kernelP4BPNNPfS1__l78","bpnn_train_kernel(BPNN *, float *, float *):l78","(256, 1, 1)","(4096, 1, 1)","65536",3079789.0,0.0,0.0,0.0,3079789.0,9760683.0,90677.0,0.31553,0.033964,"fp32"
"a100-omp-backprop-omp-z17bpnn-train-kernelp4bpnnpfs1-l78-256-1-1-4096-1-1-65536","backprop-omp","backprop","Machine learning","omp","A100","_Z17bpnn_train_kernelP4BPNNPfS1__l78","_Z17bpnn_train_kernelP4BPNNPfS1__l78","bpnn_train_kernel(BPNN *, float *, float *):l78","(256, 1, 1)","(4096, 1, 1)","65536",3080215.0,0.0,4194219.0,0.0,7274434.0,4733483.0,28064.0,1.536804,0.259209,"fp16"
"h100-omp-backprop-omp-z17bpnn-train-kernelp4bpnnpfs1-l78-256-1-1-4096-1-1-65536","backprop-omp","backprop","Machine learning","omp","H100","_Z17bpnn_train_kernelP4BPNNPfS1__l78","_Z17bpnn_train_kernelP4BPNNPfS1__l78","bpnn_train_kernel(BPNN *, float *, float *):l78","(256, 1, 1)","(4096, 1, 1)","65536",3080215.0,0.0,16343.0,0.0,3096558.0,4734891.0,16608.0,0.653987,0.18645,"fp32"
"3080-cuda-bfs-cuda-kernel-256-1-1-3907-1-1-data-bfs-graph1mw-6-txt","bfs-cuda","bfs","Search","cuda","3080","_Z6KernelPK4NodePKiPcS4_PKcPii","Kernel","Kernel(const Node *, const int *, char *, char *, const char *, int *, int)","(256, 1, 1)","(3907, 1, 1)","../data/bfs/graph1MW_6.txt",0.0,0.0,0.0,0.0,0.0,1008128.0,7947.0,0.0,0.0,"int-only"
"a10-cuda-bfs-cuda-kernel-256-1-1-3907-1-1-data-bfs-graph1mw-6-txt","bfs-cuda","bfs","Search","cuda","A10","_Z6KernelPK4NodePKiPcS4_PKcPii","Kernel","Kernel(const Node *, const int *, char *, char *, const char *, int *, int)","(256, 1, 1)","(3907, 1, 1)","../data/bfs/graph1MW_6.txt",0.0,0.0,0.0,0.0,0.0,1124693.0,12203.0,0.0,0.0,"int-only"
"a100-cuda-bfs-cuda-kernel-256-1-1-3907-1-1-data-bfs-graph1mw-6-txt","bfs-cuda","bfs","Search","cuda","A100","_Z6KernelPK4NodePKiPcS4_PKcPii","Kernel","Kernel(const Node *, const int *, char *, char *, const char *, int *, int)","(256, 1, 1)","(3907, 1, 1)","../data/bfs/graph1MW_6.txt",0.0,0.0,0.0,0.0,0.0,1004885.0,7968.0,0.0,0.0,"int-only"
"h100-cuda-bfs-cuda-kernel-256-1-1-3907-1-1-data-bfs-graph1mw-6-txt","bfs-cuda","bfs","Search","cuda","H100","_Z6KernelPK4NodePKiPcS4_PKcPii","Kernel","Kernel(const Node *, const int *, char *, char *, const char *, int *, int)","(256, 1, 1)","(3907, 1, 1)","../data/bfs/graph1MW_6.txt",0.0,0.0,0.0,0.0,0.0,1005397.0,5323.0,0.0,0.0,"int-only"
"3080-cuda-bfs-cuda-kernel2-256-1-1-3907-1-1-data-bfs-graph1mw-6-txt","bfs-cuda","bfs","Search","cuda","3080","_Z7Kernel2PcS_S_S_i","Kernel2","Kernel2(char *, char *, char *, char *, int)","(256, 1, 1)","(3907, 1, 1)","../data/bfs/graph1MW_6.txt",0.0,0.0,0.0,0.0,0.0,1007573.0,8011.0,0.0,0.0,"int-only"
"a10-cuda-bfs-cuda-kernel2-256-1-1-3907-1-1-data-bfs-graph1mw-6-txt","bfs-cuda","bfs","Search","cuda","A10","_Z7Kernel2PcS_S_S_i","Kernel2","Kernel2(char *, char *, char *, char *, int)","(256, 1, 1)","(3907, 1, 1)","../data/bfs/graph1MW_6.txt",0.0,0.0,0.0,0.0,0.0,1122262.0,12171.0,0.0,0.0,"int-only"
"a100-cuda-bfs-cuda-kernel2-256-1-1-3907-1-1-data-bfs-graph1mw-6-txt","bfs-cuda","bfs","Search","cuda","A100","_Z7Kernel2PcS_S_S_i","Kernel2","Kernel2(char *, char *, char *, char *, int)","(256, 1, 1)","(3907, 1, 1)","../data/bfs/graph1MW_6.txt",0.0,0.0,0.0,0.0,0.0,1002923.0,7808.0,0.0,0.0,"int-only"
"h100-cuda-bfs-cuda-kernel2-256-1-1-3907-1-1-data-bfs-graph1mw-6-txt","bfs-cuda","bfs","Search","cuda","H100","_Z7Kernel2PcS_S_S_i","Kernel2","Kernel2(char *, char *, char *, char *, int)","(256, 1, 1)","(3907, 1, 1)","../data/bfs/graph1MW_6.txt",0.0,0.0,0.0,0.0,0.0,1003008.0,5173.0,0.0,0.0,"int-only"
"3080-omp-bfs-omp-z11run-bfs-gpuip4nodeipipcs2-s2-s1-l83-256-1-1-3200-1-1-data-bfs-graph1mw-6-txt","bfs-omp","bfs","Search","omp","3080","_Z11run_bfs_gpuiP4NodeiPiPcS2_S2_S1__l83","_Z11run_bfs_gpuiP4NodeiPiPcS2_S2_S1__l83","run_bfs_gpu(int, Node *, int, int *, char *, char *, char *, int *):l83","(256, 1, 1)","(3200, 1, 1)","../data/bfs/graph1MW_6.txt",0.0,0.0,0.0,0.0,0.0,1010560.0,11387.0,0.0,0.0,"int-only"
"a10-omp-bfs-omp-z11run-bfs-gpuip4nodeipipcs2-s2-s1-l83-256-1-1-3200-1-1-data-bfs-graph1mw-6-txt","bfs-omp","bfs","Search","omp","A10","_Z11run_bfs_gpuiP4NodeiPiPcS2_S2_S1__l83","_Z11run_bfs_gpuiP4NodeiPiPcS2_S2_S1__l83","run_bfs_gpu(int, Node *, int, int *, char *, char *, char *, int *):l83","(256, 1, 1)","(3200, 1, 1)","../data/bfs/graph1MW_6.txt",0.0,0.0,0.0,0.0,0.0,1150336.0,17499.0,0.0,0.0,"int-only"
"a100-omp-bfs-omp-z11run-bfs-gpuip4nodeipipcs2-s2-s1-l83-256-1-1-3200-1-1-data-bfs-graph1mw-6-txt","bfs-omp","bfs","Search","omp","A100","_Z11run_bfs_gpuiP4NodeiPiPcS2_S2_S1__l83","_Z11run_bfs_gpuiP4NodeiPiPcS2_S2_S1__l83","run_bfs_gpu(int, Node *, int, int *, char *, char *, char *, int *):l83","(256, 1, 1)","(3200, 1, 1)","../data/bfs/graph1MW_6.txt",0.0,0.0,3999979.0,0.0,3999979.0,1005141.0,11669.0,3.97952,0.342787,"fp16"
"h100-omp-bfs-omp-z11run-bfs-gpuip4nodeipipcs2-s2-s1-l83-256-1-1-3200-1-1-data-bfs-graph1mw-6-txt","bfs-omp","bfs","Search","omp","H100","_Z11run_bfs_gpuiP4NodeiPiPcS2_S2_S1__l83","_Z11run_bfs_gpuiP4NodeiPiPcS2_S2_S1__l83","run_bfs_gpu(int, Node *, int, int *, char *, char *, char *, int *):l83","(256, 1, 1)","(3200, 1, 1)","../data/bfs/graph1MW_6.txt",0.0,0.0,0.0,0.0,0.0,1005568.0,8091.0,0.0,0.0,"int-only"
"3080-cuda-bh-cuda-sortkernel-256-1-1-24-1-1-300-30","bh-cuda","bh","Simulation","cuda","3080","_Z10SortKerneliiPiPKiPViS_S_","SortKernel","SortKernel(int, int, int *, const int *, volatile int *, int *, int *)","(256, 1, 1)","(24, 1, 1)","300 30",0.0,0.0,0.0,0.0,0.0,17322.0,19157.0,0.0,0.0,"int-only"
"a10-cuda-bh-cuda-sortkernel-256-1-1-24-1-1-300-30","bh-cuda","bh","Simulation","cuda","A10","_Z10SortKerneliiPiPKiPViS_S_","SortKernel","SortKernel(int, int, int *, const int *, volatile int *, int *, int *)","(256, 1, 1)","(24, 1, 1)","300 30",0.0,0.0,0.0,0.0,0.0,15659.0,30880.0,0.0,0.0,"int-only"
"a100-cuda-bh-cuda-sortkernel-256-1-1-24-1-1-300-30","bh-cuda","bh","Simulation","cuda","A100","_Z10SortKerneliiPiPKiPViS_S_","SortKernel","SortKernel(int, int, int *, const int *, volatile int *, int *, int *)","(256, 1, 1)","(24, 1, 1)","300 30",0.0,0.0,3972.0,0.0,3972.0,13312.0,25888.0,0.298377,0.000153,"fp16"
"h100-cuda-bh-cuda-sortkernel-256-1-1-24-1-1-300-30","bh-cuda","bh","Simulation","cuda","H100","_Z10SortKerneliiPiPKiPViS_S_","SortKernel","SortKernel(int, int, int *, const int *, volatile int *, int *, int *)","(256, 1, 1)","(24, 1, 1)","300 30",0.0,0.0,746.0,0.0,746.0,12288.0,19819.0,0.06071,3.8e-05,"fp16"
"3080-cuda-bh-cuda-clearkernel1-256-1-1-24-1-1-300-30","bh-cuda","bh","Simulation","cuda","3080","_Z12ClearKernel1iiPi","ClearKernel1","ClearKernel1(int, int, int *)","(256, 1, 1)","(24, 1, 1)","300 30",0.0,0.0,0.0,0.0,0.0,155264.0,3029.0,0.0,0.0,"int-only"
"a10-cuda-bh-cuda-clearkernel1-256-1-1-24-1-1-300-30","bh-cuda","bh","Simulation","cuda","A10","_Z12ClearKernel1iiPi","ClearKernel1","ClearKernel1(int, int, int *)","(256, 1, 1)","(24, 1, 1)","300 30",0.0,0.0,0.0,0.0,0.0,76757.0,4757.0,0.0,0.0,"int-only"
"a100-cuda-bh-cuda-clearkernel1-256-1-1-24-1-1-300-30","bh-cuda","bh","Simulation","cuda","A100","_Z12ClearKernel1iiPi","ClearKernel1","ClearKernel1(int, int, int *)","(256, 1, 1)","(24, 1, 1)","300 30",0.0,0.0,34203.0,0.0,34203.0,3541.0,3989.0,9.659136,0.008574,"fp16"
"h100-cuda-bh-cuda-clearkernel1-256-1-1-24-1-1-300-30","bh-cuda","bh","Simulation","cuda","H100","_Z12ClearKernel1iiPi","ClearKernel1","ClearKernel1(int, int, int *)","(256, 1, 1)","(24, 1, 1)","300 30",0.0,0.0,24564.0,0.0,24564.0,3499.0,3189.0,7.020292,0.007703,"fp16"
"3080-cuda-bh-cuda-clearkernel2-256-1-1-24-1-1-300-30","bh-cuda","bh","Simulation","cuda","3080","_Z12ClearKernel2iPiP6float4S_","ClearKernel2","ClearKernel2(int, int *, float4 *, int *)","(256, 1, 1)","(24, 1, 1)","300 30",0.0,0.0,0.0,0.0,0.0,4437.0,2613.0,0.0,0.0,"int-only"
"a10-cuda-bh-cuda-clearkernel2-256-1-1-24-1-1-300-30","bh-cuda","bh","Simulation","cuda","A10","_Z12ClearKernel2iPiP6float4S_","ClearKernel2","ClearKernel2(int, int *, float4 *, int *)","(256, 1, 1)","(24, 1, 1)","300 30",0.0,0.0,0.0,0.0,0.0,4224.0,4021.0,0.0,0.0,"int-only"
"a100-cuda-bh-cuda-clearkernel2-256-1-1-24-1-1-300-30","bh-cuda","bh","Simulation","cuda","A100","_Z12ClearKernel2iPiP6float4S_","ClearKernel2","ClearKernel2(int, int *, float4 *, int *)","(256, 1, 1)","(24, 1, 1)","300 30",0.0,0.0,1338.0,0.0,1338.0,3755.0,3435.0,0.356325,0.00039,"fp16"
"h100-cuda-bh-cuda-clearkernel2-256-1-1-24-1-1-300-30","bh-cuda","bh","Simulation","cuda","H100","_Z12ClearKernel2iPiP6float4S_","ClearKernel2","ClearKernel2(int, int *, float4 *, int *)","(256, 1, 1)","(24, 1, 1)","300 30",0.0,0.0,673.0,0.0,673.0,4181.0,2784.0,0.160966,0.000242,"fp16"
"3080-cuda-bh-cuda-boundingboxkernel-256-1-1-48-1-1-300-30","bh-cuda","bh","Simulation","cuda","3080","_Z17BoundingBoxKerneliiPiS_P6float4P6float3S3_PfS_S_Pj","BoundingBoxKernel","BoundingBoxKernel(int, int, int *, int *, float4 *, float3 *, float3 *, float *, int *, int *, unsigned int *)","(256, 1, 1)","(48, 1, 1)","300 30",0.0,0.0,0.0,0.0,0.0,14890.0,7669.0,0.0,0.0,"int-only"
"a10-cuda-bh-cuda-boundingboxkernel-256-1-1-48-1-1-300-30","bh-cuda","bh","Simulation","cuda","A10","_Z17BoundingBoxKerneliiPiS_P6float4P6float3S3_PfS_S_Pj","BoundingBoxKernel","BoundingBoxKernel(int, int, int *, int *, float4 *, float3 *, float3 *, float *, int *, int *, unsigned int *)","(256, 1, 1)","(48, 1, 1)","300 30",0.0,0.0,0.0,0.0,0.0,16469.0,12576.0,0.0,0.0,"int-only"
"a100-cuda-bh-cuda-boundingboxkernel-256-1-1-48-1-1-300-30","bh-cuda","bh","Simulation","cuda","A100","_Z17BoundingBoxKerneliiPiS_P6float4P6float3S3_PfS_S_Pj","BoundingBoxKernel","BoundingBoxKernel(int, int, int *, int *, float4 *, float3 *, float3 *, float *, int *, int *, unsigned int *)","(256, 1, 1)","(48, 1, 1)","300 30",0.0,0.0,1383.0,0.0,1383.0,14464.0,11179.0,0.095617,0.000124,"fp16"
"h100-cuda-bh-cuda-boundingboxkernel-256-1-1-48-1-1-300-30","bh-cuda","bh","Simulation","cuda","H100","_Z17BoundingBoxKerneliiPiS_P6float4P6float3S3_PfS_S_Pj","BoundingBoxKernel","BoundingBoxKernel(int, int, int *, int *, float4 *, float3 *, float3 *, float *, int *, int *, unsigned int *)","(256, 1, 1)","(48, 1, 1)","300 30",0.0,0.0,0.0,0.0,0.0,15104.0,9963.0,0.0,0.0,"int-only"
"3080-cuda-bh-cuda-integrationkernel-256-1-1-48-1-1-300-30","bh-cuda","bh","Simulation","cuda","3080","_Z17IntegrationKerneliffP6float4P6float2S0_","IntegrationKernel","IntegrationKernel(int, float, float, float4 *, float2 *, float4 *)","(256, 1, 1)","(48, 1, 1)","300 30",5390.0,0.0,0.0,0.0,5390.0,16896.0,2965.0,0.31901,0.001818,"fp32"
"a10-cuda-bh-cuda-integrationkernel-256-1-1-48-1-1-300-30","bh-cuda","bh","Simulation","cuda","A10","_Z17IntegrationKerneliffP6float4P6float2S0_","IntegrationKernel","IntegrationKernel(int, float, float, float4 *, float2 *, float4 *)","(256, 1, 1)","(48, 1, 1)","300 30",5403.0,0.0,0.0,0.0,5403.0,19072.0,4608.0,0.283295,0.001173,"fp32"
"a100-cuda-bh-cuda-integrationkernel-256-1-1-48-1-1-300-30","bh-cuda","bh","Simulation","cuda","A100","_Z17IntegrationKerneliffP6float4P6float2S0_","IntegrationKernel","IntegrationKernel(int, float, float, float4 *, float2 *, float4 *)","(256, 1, 1)","(48, 1, 1)","300 30",5397.0,0.0,1196.0,0.0,6593.0,16854.0,3755.0,0.391183,0.001756,"fp32"
"h100-cuda-bh-cuda-integrationkernel-256-1-1-48-1-1-300-30","bh-cuda","bh","Simulation","cuda","H100","_Z17IntegrationKerneliffP6float4P6float2S0_","IntegrationKernel","IntegrationKernel(int, float, float, float4 *, float2 *, float4 *)","(256, 1, 1)","(48, 1, 1)","300 30",5399.0,0.0,0.0,0.0,5399.0,17067.0,3168.0,0.316341,0.001704,"fp32"
"3080-cuda-bh-cuda-treebuildingkernel-256-1-1-48-1-1-300-30","bh-cuda","bh","Simulation","cuda","3080","_Z18TreeBuildingKerneliiPViPK6float4PKfPi","TreeBuildingKernel","TreeBuildingKernel(int, int, volatile int *, const float4 *, const float *, int *)","(256, 1, 1)","(48, 1, 1)","300 30",7476.0,0.0,0.0,0.0,7476.0,19883.0,28331.0,0.376,0.000264,"fp32"
"a10-cuda-bh-cuda-treebuildingkernel-256-1-1-48-1-1-300-30","bh-cuda","bh","Simulation","cuda","A10","_Z18TreeBuildingKerneliiPViPK6float4PKfPi","TreeBuildingKernel","TreeBuildingKernel(int, int, volatile int *, const float4 *, const float *, int *)","(256, 1, 1)","(48, 1, 1)","300 30",7694.0,0.0,0.0,0.0,7694.0,19157.0,45557.0,0.401629,0.000169,"fp32"
"a100-cuda-bh-cuda-treebuildingkernel-256-1-1-48-1-1-300-30","bh-cuda","bh","Simulation","cuda","A100","_Z18TreeBuildingKerneliiPViPK6float4PKfPi","TreeBuildingKernel","TreeBuildingKernel(int, int, volatile int *, const float4 *, const float *, int *)","(256, 1, 1)","(48, 1, 1)","300 30",7613.0,0.0,2855.0,0.0,10468.0,15445.0,43360.0,0.67776,0.000241,"fp32"
"h100-cuda-bh-cuda-treebuildingkernel-256-1-1-48-1-1-300-30","bh-cuda","bh","Simulation","cuda","H100","_Z18TreeBuildingKerneliiPViPK6float4PKfPi","TreeBuildingKernel","TreeBuildingKernel(int, int, volatile int *, const float4 *, const float *, int *)","(256, 1, 1)","(48, 1, 1)","300 30",7565.0,0.0,1680.0,0.0,9245.0,15360.0,27381.0,0.601888,0.000338,"fp32"
"3080-cuda-bh-cuda-summarizationkernel-256-1-1-24-1-1-300-30","bh-cuda","bh","Simulation","cuda","3080","_Z19SummarizationKerneliiPViPKiPV6float4Pi","SummarizationKernel","SummarizationKernel(int, int, volatile int *, const int *, volatile float4 *, int *)","(256, 1, 1)","(24, 1, 1)","300 30",4594.0,0.0,0.0,0.0,4594.0,31403.0,35467.0,0.146292,0.00013,"fp32"
"a10-cuda-bh-cuda-summarizationkernel-256-1-1-24-1-1-300-30","bh-cuda","bh","Simulation","cuda","A10","_Z19SummarizationKerneliiPViPKiPV6float4Pi","SummarizationKernel","SummarizationKernel(int, int, volatile int *, const int *, volatile float4 *, int *)","(256, 1, 1)","(24, 1, 1)","300 30",4728.0,0.0,0.0,0.0,4728.0,35883.0,59467.0,0.131762,8e-05,"fp32"
"a100-cuda-bh-cuda-summarizationkernel-256-1-1-24-1-1-300-30","bh-cuda","bh","Simulation","cuda","A100","_Z19SummarizationKerneliiPViPKiPV6float4Pi","SummarizationKernel","SummarizationKernel(int, int, volatile int *, const int *, volatile float4 *, int *)","(256, 1, 1)","(24, 1, 1)","300 30",4441.0,0.0,3613.0,0.0,8054.0,28075.0,44992.0,0.286874,0.000179,"fp32"
"h100-cuda-bh-cuda-summarizationkernel-256-1-1-24-1-1-300-30","bh-cuda","bh","Simulation","cuda","H100","_Z19SummarizationKerneliiPViPKiPV6float4Pi","SummarizationKernel","SummarizationKernel(int, int, volatile int *, const int *, volatile float4 *, int *)","(256, 1, 1)","(24, 1, 1)","300 30",4513.0,0.0,1494.0,0.0,6007.0,28416.0,34155.0,0.211395,0.000176,"fp32"
"3080-cuda-bh-cuda-initializationkernel-1-1-1-1-1-1-300-30","bh-cuda","bh","Simulation","cuda","3080","_Z20InitializationKernelPiPj","InitializationKernel","InitializationKernel(int *, unsigned int *)","(1, 1, 1)","(1, 1, 1)","300 30",0.0,0.0,0.0,0.0,0.0,2731.0,2112.0,0.0,0.0,"int-only"
"a10-cuda-bh-cuda-initializationkernel-1-1-1-1-1-1-300-30","bh-cuda","bh","Simulation","cuda","A10","_Z20InitializationKernelPiPj","InitializationKernel","InitializationKernel(int *, unsigned int *)","(1, 1, 1)","(1, 1, 1)","300 30",0.0,0.0,0.0,0.0,0.0,3114.0,3339.0,0.0,0.0,"int-only"
"a100-cuda-bh-cuda-initializationkernel-1-1-1-1-1-1-300-30","bh-cuda","bh","Simulation","cuda","A100","_Z20InitializationKernelPiPj","InitializationKernel","InitializationKernel(int *, unsigned int *)","(1, 1, 1)","(1, 1, 1)","300 30",0.0,0.0,0.0,0.0,0.0,2773.0,3211.0,0.0,0.0,"int-only"
"h100-cuda-bh-cuda-initializationkernel-1-1-1-1-1-1-300-30","bh-cuda","bh","Simulation","cuda","H100","_Z20InitializationKernelPiPj","InitializationKernel","InitializationKernel(int *, unsigned int *)","(1, 1, 1)","(1, 1, 1)","300 30",0.0,0.0,0.0,0.0,0.0,2816.0,2368.0,0.0,0.0,"int-only"
"3080-cuda-bh-cuda-forcecalculationkernel-256-1-1-48-1-1-300-30","bh-cuda","bh","Simulation","cuda","3080","_Z22ForceCalculationKerneliifffPKiS0_PK6float4P6float2PS1_PKfS0_","ForceCalculationKernel","ForceCalculationKernel(int, int, float, float, float, const int *, const int *, const float4 *, float2 *, float4 *, const float *, const int *)","(256, 1, 1)","(48, 1, 1)","300 30",1978569.0,0.0,0.0,0.0,1978569.0,22571.0,144747.0,87.659785,0.013669,"fp32"
"a10-cuda-bh-cuda-forcecalculationkernel-256-1-1-48-1-1-300-30","bh-cuda","bh","Simulation","cuda","A10","_Z22ForceCalculationKerneliifffPKiS0_PK6float4P6float2PS1_PKfS0_","ForceCalculationKernel","ForceCalculationKernel(int, int, float, float, float, const int *, const int *, const float4 *, float2 *, float4 *, const float *, const int *)","(256, 1, 1)","(48, 1, 1)","300 30",1979040.0,0.0,0.0,0.0,1979040.0,32896.0,233749.0,60.160506,0.008467,"fp32"
"a100-cuda-bh-cuda-forcecalculationkernel-256-1-1-48-1-1-300-30","bh-cuda","bh","Simulation","cuda","A100","_Z22ForceCalculationKerneliifffPKiS0_PK6float4P6float2PS1_PKfS0_","ForceCalculationKernel","ForceCalculationKernel(int, int, float, float, float, const int *, const int *, const float4 *, float2 *, float4 *, const float *, const int *)","(256, 1, 1)","(48, 1, 1)","300 30",1978364.0,0.0,716877.0,0.0,2695241.0,21888.0,185312.0,123.137838,0.014544,"fp32"
"h100-cuda-bh-cuda-forcecalculationkernel-256-1-1-48-1-1-300-30","bh-cuda","bh","Simulation","cuda","H100","_Z22ForceCalculationKerneliifffPKiS0_PK6float4P6float2PS1_PKfS0_","ForceCalculationKernel","ForceCalculationKernel(int, int, float, float, float, const int *, const int *, const float4 *, float2 *, float4 *, const float *, const int *)","(256, 1, 1)","(48, 1, 1)","300 30",1977849.0,0.0,716207.0,0.0,2694056.0,22869.0,134464.0,117.803839,0.020036,"fp32"
"3080-cuda-bilateral-cuda-bilateralfilter-16-16-1-185-90-1-2960-1440-0-5-0-5-1000","bilateral-cuda","bilateral","Computer vision and image processing","cuda","3080","_Z15bilateralFilterILi3EEvPKfPfiifff","bilateralFilter","void bilateralFilter<(int)3>(const float *, float *, int, int, float, float, float)","(16, 16, 1)","(185, 90, 1)","2960 1440 0.5 0.5 1000",7778898608.0,0.0,0.0,0.0,7778898608.0,33606528.0,1014912.0,231.469868,7.664604,"fp32"
"a10-cuda-bilateral-cuda-bilateralfilter-16-16-1-185-90-1-2960-1440-0-5-0-5-1000","bilateral-cuda","bilateral","Computer vision and image processing","cuda","A10","_Z15bilateralFilterILi3EEvPKfPfiifff","bilateralFilter","void bilateralFilter<(int)3>(const float *, float *, int, int, float, float, float)","(16, 16, 1)","(185, 90, 1)","2960 1440 0.5 0.5 1000",7778899166.0,0.0,0.0,0.0,7778899166.0,44617814.0,1561376.0,174.345143,4.982079,"fp32"
"a100-cuda-bilateral-cuda-bilateralfilter-16-16-1-185-90-1-2960-1440-0-5-0-5-1000","bilateral-cuda","bilateral","Computer vision and image processing","cuda","A100","_Z15bilateralFilterILi3EEvPKfPfiifff","bilateralFilter","void bilateralFilter<(int)3>(const float *, float *, int, int, float, float, float)","(16, 16, 1)","(185, 90, 1)","2960 1440 0.5 0.5 1000",7778900504.0,0.0,1670863977.0,0.0,9449764481.0,24601216.0,964160.0,384.11778,9.801034,"fp32"
"h100-cuda-bilateral-cuda-bilateralfilter-16-16-1-185-90-1-2960-1440-0-5-0-5-1000","bilateral-cuda","bilateral","Computer vision and image processing","cuda","H100","_Z15bilateralFilterILi3EEvPKfPfiifff","bilateralFilter","void bilateralFilter<(int)3>(const float *, float *, int, int, float, float, float)","(16, 16, 1)","(185, 90, 1)","2960 1440 0.5 0.5 1000",7778900699.0,0.0,835432576.0,0.0,8614333275.0,21763413.0,483019.0,395.817204,17.834357,"fp32"
"3080-cuda-bilateral-cuda-bilateralfilter-16-16-1-185-90-1-2960-1440-0-5-0-5-1000","bilateral-cuda","bilateral","Computer vision and image processing","cuda","3080","_Z15bilateralFilterILi6EEvPKfPfiifff","bilateralFilter","void bilateralFilter<(int)6>(const float *, float *, int, int, float, float, float)","(16, 16, 1)","(185, 90, 1)","2960 1440 0.5 0.5 1000",26703950009.0,0.0,0.0,0.0,26703950009.0,33737813.0,3773024.0,791.513961,7.077599,"fp32"
"a10-cuda-bilateral-cuda-bilateralfilter-16-16-1-185-90-1-2960-1440-0-5-0-5-1000","bilateral-cuda","bilateral","Computer vision and image processing","cuda","A10","_Z15bilateralFilterILi6EEvPKfPfiifff","bilateralFilter","void bilateralFilter<(int)6>(const float *, float *, int, int, float, float, float)","(16, 16, 1)","(185, 90, 1)","2960 1440 0.5 0.5 1000",26703929778.0,0.0,0.0,0.0,26703929778.0,45810133.0,5810965.0,582.926266,4.595438,"fp32"
"a100-cuda-bilateral-cuda-bilateralfilter-16-16-1-185-90-1-2960-1440-0-5-0-5-1000","bilateral-cuda","bilateral","Computer vision and image processing","cuda","A100","_Z15bilateralFilterILi6EEvPKfPfiifff","bilateralFilter","void bilateralFilter<(int)6>(const float *, float *, int, int, float, float, float)","(16, 16, 1)","(185, 90, 1)","2960 1440 0.5 0.5 1000",26703932209.0,0.0,5114882090.0,0.0,31818814299.0,24972416.0,3500480.0,1274.158427,9.089843,"fp32"
"h100-cuda-bilateral-cuda-bilateralfilter-16-16-1-185-90-1-2960-1440-0-5-0-5-1000","bilateral-cuda","bilateral","Computer vision and image processing","cuda","H100","_Z15bilateralFilterILi6EEvPKfPfiifff","bilateralFilter","void bilateralFilter<(int)6>(const float *, float *, int, int, float, float, float)","(16, 16, 1)","(185, 90, 1)","2960 1440 0.5 0.5 1000",26703940529.0,0.0,2898434895.0,0.0,29602375424.0,22252885.0,1798688.0,1330.271352,16.45776,"fp32"
"3080-omp-bilateral-omp-z15bilateralfilterili3eevpkfpfiifff-l18-256-1-1-3200-1-1-2960-1440-0-5-0-5-1000","bilateral-omp","bilateral","Computer vision and image processing","omp","3080","_Z15bilateralFilterILi3EEvPKfPfiifff_l18","Z15bilateralFilterILi3EEvPKfPfiifff_l18","void bilateralFilter<(int)3>(const float *, float *, int, int, float, float, float):l18","(256, 1, 1)","(3200, 1, 1)","2960 1440 0.5 0.5 1000",7772005220.0,0.0,0.0,0.0,7772005220.0,34003584.0,1198165.0,228.564295,6.48659,"fp32"
"a10-omp-bilateral-omp-z15bilateralfilterili3eevpkfpfiifff-l18-256-1-1-3200-1-1-2960-1440-0-5-0-5-1000","bilateral-omp","bilateral","Computer vision and image processing","omp","A10","_Z15bilateralFilterILi3EEvPKfPfiifff_l18","Z15bilateralFilterILi3EEvPKfPfiifff_l18","void bilateralFilter<(int)3>(const float *, float *, int, int, float, float, float):l18","(256, 1, 1)","(3200, 1, 1)","2960 1440 0.5 0.5 1000",7772010629.0,0.0,0.0,0.0,7772010629.0,43254869.0,1838976.0,179.67944,4.226271,"fp32"
"a100-omp-bilateral-omp-z15bilateralfilterili3eevpkfpfiifff-l18-256-1-1-3200-1-1-2960-1440-0-5-0-5-1000","bilateral-omp","bilateral","Computer vision and image processing","omp","A100","_Z15bilateralFilterILi3EEvPKfPfiifff_l18","Z15bilateralFilterILi3EEvPKfPfiifff_l18","void bilateralFilter<(int)3>(const float *, float *, int, int, float, float, float):l18","(256, 1, 1)","(3200, 1, 1)","2960 1440 0.5 0.5 1000",7772015937.0,0.0,1687909541.0,0.0,9459925478.0,25524267.0,1123552.0,370.624766,8.41966,"fp32"
"h100-omp-bilateral-omp-z15bilateralfilterili3eevpkfpfiifff-l18-256-1-1-3200-1-1-2960-1440-0-5-0-5-1000","bilateral-omp","bilateral","Computer vision and image processing","omp","H100","_Z15bilateralFilterILi3EEvPKfPfiifff_l18","Z15bilateralFilterILi3EEvPKfPfiifff_l18","void bilateralFilter<(int)3>(const float *, float *, int, int, float, float, float):l18","(256, 1, 1)","(3200, 1, 1)","2960 1440 0.5 0.5 1000",7772014017.0,0.0,852481447.0,0.0,8624495464.0,22726912.0,587115.0,379.483824,14.689619,"fp32"
"3080-omp-bilateral-omp-z15bilateralfilterili6eevpkfpfiifff-l18-256-1-1-3200-1-1-2960-1440-0-5-0-5-1000","bilateral-omp","bilateral","Computer vision and image processing","omp","3080","_Z15bilateralFilterILi6EEvPKfPfiifff_l18","Z15bilateralFilterILi6EEvPKfPfiifff_l18","void bilateralFilter<(int)6>(const float *, float *, int, int, float, float, float):l18","(256, 1, 1)","(3200, 1, 1)","2960 1440 0.5 0.5 1000",26697056222.0,0.0,0.0,0.0,26697056222.0,34654934.0,4249984.0,770.368116,6.281684,"fp32"
"a10-omp-bilateral-omp-z15bilateralfilterili6eevpkfpfiifff-l18-256-1-1-3200-1-1-2960-1440-0-5-0-5-1000","bilateral-omp","bilateral","Computer vision and image processing","omp","A10","_Z15bilateralFilterILi6EEvPKfPfiifff_l18","Z15bilateralFilterILi6EEvPKfPfiifff_l18","void bilateralFilter<(int)6>(const float *, float *, int, int, float, float, float):l18","(256, 1, 1)","(3200, 1, 1)","2960 1440 0.5 0.5 1000",26697047054.0,0.0,0.0,0.0,26697047054.0,44113578.0,6519829.0,605.188884,4.094747,"fp32"
"a100-omp-bilateral-omp-z15bilateralfilterili6eevpkfpfiifff-l18-256-1-1-3200-1-1-2960-1440-0-5-0-5-1000","bilateral-omp","bilateral","Computer vision and image processing","omp","A100","_Z15bilateralFilterILi6EEvPKfPfiifff_l18","Z15bilateralFilterILi6EEvPKfPfiifff_l18","void bilateralFilter<(int)6>(const float *, float *, int, int, float, float, float):l18","(256, 1, 1)","(3200, 1, 1)","2960 1440 0.5 0.5 1000",26697067720.0,0.0,8661196628.0,0.0,35358264348.0,26058283.0,3829675.0,1356.891563,9.232706,"fp32"
"h100-omp-bilateral-omp-z15bilateralfilterili6eevpkfpfiifff-l18-256-1-1-3200-1-1-2960-1440-0-5-0-5-1000","bilateral-omp","bilateral","Computer vision and image processing","omp","H100","_Z15bilateralFilterILi6EEvPKfPfiifff_l18","Z15bilateralFilterILi6EEvPKfPfiifff_l18","void bilateralFilter<(int)6>(const float *, float *, int, int, float, float, float):l18","(256, 1, 1)","(3200, 1, 1)","2960 1440 0.5 0.5 1000",26697051938.0,0.0,2898432593.0,0.0,29595484531.0,23185835.0,2005077.0,1276.446784,14.760273,"fp32"
"3080-omp-bilateral-omp-z15bilateralfilterili9eevpkfpfiifff-l18-256-1-1-3200-1-1-2960-1440-0-5-0-5-1000","bilateral-omp","bilateral","Computer vision and image processing","omp","3080","_Z15bilateralFilterILi9EEvPKfPfiifff_l18","Z15bilateralFilterILi9EEvPKfPfiifff_l18","void bilateralFilter<(int)9>(const float *, float *, int, int, float, float, float):l18","(256, 1, 1)","(3200, 1, 1)","2960 1440 0.5 0.5 1000",56977130755.0,0.0,0.0,0.0,56977130755.0,35306666.0,9079115.0,1613.778281,6.275626,"fp32"
"a10-omp-bilateral-omp-z15bilateralfilterili9eevpkfpfiifff-l18-256-1-1-3200-1-1-2960-1440-0-5-0-5-1000","bilateral-omp","bilateral","Computer vision and image processing","omp","A10","_Z15bilateralFilterILi9EEvPKfPfiifff_l18","Z15bilateralFilterILi9EEvPKfPfiifff_l18","void bilateralFilter<(int)9>(const float *, float *, int, int, float, float, float):l18","(256, 1, 1)","(3200, 1, 1)","2960 1440 0.5 0.5 1000",56977198525.0,0.0,0.0,0.0,56977198525.0,44905344.0,13927061.0,1268.828907,4.091114,"fp32"
"a100-omp-bilateral-omp-z15bilateralfilterili9eevpkfpfiifff-l18-256-1-1-3200-1-1-2960-1440-0-5-0-5-1000","bilateral-omp","bilateral","Computer vision and image processing","omp","A100","_Z15bilateralFilterILi9EEvPKfPfiifff_l18","Z15bilateralFilterILi9EEvPKfPfiifff_l18","void bilateralFilter<(int)9>(const float *, float *, int, int, float, float, float):l18","(256, 1, 1)","(3200, 1, 1)","2960 1440 0.5 0.5 1000",56977144328.0,0.0,18481753626.0,0.0,75458897954.0,26735104.0,8098176.0,2822.465099,9.318012,"fp32"
"h100-omp-bilateral-omp-z15bilateralfilterili9eevpkfpfiifff-l18-256-1-1-3200-1-1-2960-1440-0-5-0-5-1000","bilateral-omp","bilateral","Computer vision and image processing","omp","H100","_Z15bilateralFilterILi9EEvPKfPfiifff_l18","Z15bilateralFilterILi9EEvPKfPfiifff_l18","void bilateralFilter<(int)9>(const float *, float *, int, int, float, float, float):l18","(256, 1, 1)","(3200, 1, 1)","2960 1440 0.5 0.5 1000",56977116948.0,0.0,6171947280.0,0.0,63149064228.0,23942485.0,4236747.0,2637.531744,14.905083,"fp32"
"3080-cuda-bincount-cuda-int-256-1-1-39063-1-1-10000000-100","bincount-cuda","bincount","Machine learning","cuda","3080","_Z8bincountIifiL16DeviceMemoryType0EEvPT_PKT0_T1_S3_S3_S6_S6_","int,","void bincount<int, float, int, (DeviceMemoryType)0>(T1 *, const T2 *, T3, T2, T2, T3, T3)","(256, 1, 1)","(39063, 1, 1)","10000000 100",130002959.0,0.0,0.0,0.0,130002959.0,41773867.0,584992.0,3.112064,0.22223,"fp32"
"a10-cuda-bincount-cuda-int-256-1-1-39063-1-1-10000000-100","bincount-cuda","bincount","Machine learning","cuda","A10","_Z8bincountIifiL16DeviceMemoryType0EEvPT_PKT0_T1_S3_S3_S6_S6_","int,","void bincount<int, float, int, (DeviceMemoryType)0>(T1 *, const T2 *, T3, T2, T2, T3, T3)","(256, 1, 1)","(39063, 1, 1)","10000000 100",130001596.0,0.0,0.0,0.0,130001596.0,49034965.0,918027.0,2.651202,0.14161,"fp32"
"a100-cuda-bincount-cuda-int-256-1-1-39063-1-1-10000000-100","bincount-cuda","bincount","Machine learning","cuda","A100","_Z8bincountIifiL16DeviceMemoryType0EEvPT_PKT0_T1_S3_S3_S6_S6_","int,","void bincount<int, float, int, (DeviceMemoryType)0>(T1 *, const T2 *, T3, T2, T2, T3, T3)","(256, 1, 1)","(39063, 1, 1)","10000000 100",130001734.0,0.0,40001067.0,0.0,170002801.0,42366251.0,633547.0,4.012694,0.268335,"fp32"
"h100-cuda-bincount-cuda-int-256-1-1-39063-1-1-10000000-100","bincount-cuda","bincount","Machine learning","cuda","H100","_Z8bincountIifiL16DeviceMemoryType0EEvPT_PKT0_T1_S3_S3_S6_S6_","int,","void bincount<int, float, int, (DeviceMemoryType)0>(T1 *, const T2 *, T3, T2, T2, T3, T3)","(256, 1, 1)","(39063, 1, 1)","10000000 100",129999725.0,0.0,0.0,0.0,129999725.0,42295808.0,387723.0,3.073584,0.33529,"fp32"
"3080-cuda-bincount-cuda-int-256-1-1-39063-1-1-10000000-100","bincount-cuda","bincount","Machine learning","cuda","3080","_Z8bincountIifiL16DeviceMemoryType1EEvPT_PKT0_T1_S3_S3_S6_S6_","int,","void bincount<int, float, int, (DeviceMemoryType)1>(T1 *, const T2 *, T3, T2, T2, T3, T3)","(256, 1, 1)","(39063, 1, 1)","10000000 100",129991027.0,0.0,0.0,0.0,129991027.0,41760085.0,3387211.0,3.112806,0.038377,"fp32"
"a10-cuda-bincount-cuda-int-256-1-1-39063-1-1-10000000-100","bincount-cuda","bincount","Machine learning","cuda","A10","_Z8bincountIifiL16DeviceMemoryType1EEvPT_PKT0_T1_S3_S3_S6_S6_","int,","void bincount<int, float, int, (DeviceMemoryType)1>(T1 *, const T2 *, T3, T2, T2, T3, T3)","(256, 1, 1)","(39063, 1, 1)","10000000 100",130006449.0,0.0,0.0,0.0,130006449.0,50546176.0,5313525.0,2.572033,0.024467,"fp32"
"a100-cuda-bincount-cuda-int-256-1-1-39063-1-1-10000000-100","bincount-cuda","bincount","Machine learning","cuda","A100","_Z8bincountIifiL16DeviceMemoryType1EEvPT_PKT0_T1_S3_S3_S6_S6_","int,","void bincount<int, float, int, (DeviceMemoryType)1>(T1 *, const T2 *, T3, T2, T2, T3, T3)","(256, 1, 1)","(39063, 1, 1)","10000000 100",130017800.0,0.0,0.0,0.0,130017800.0,42382336.0,3928000.0,3.067736,0.0331,"fp32"
"h100-cuda-bincount-cuda-int-256-1-1-39063-1-1-10000000-100","bincount-cuda","bincount","Machine learning","cuda","H100","_Z8bincountIifiL16DeviceMemoryType1EEvPT_PKT0_T1_S3_S3_S6_S6_","int,","void bincount<int, float, int, (DeviceMemoryType)1>(T1 *, const T2 *, T3, T2, T2, T3, T3)","(256, 1, 1)","(39063, 1, 1)","10000000 100",130028415.0,0.0,39998912.0,0.0,170027327.0,42377813.0,2411520.0,4.012178,0.070506,"fp32"
"3080-cuda-binomial-cuda-binomialoptionskernel-128-1-1-1024-1-1-nan","binomial-cuda","binomial","Finance","cuda","3080","_Z21binomialOptionsKernelPK13__TOptionDataPf","binomialOptionsKernel","binomialOptionsKernel(const __TOptionData *, float *)","(128, 1, 1)","(1024, 1, 1)",NaN,6511613137.0,0.0,0.0,0.0,6511613137.0,37803.0,1034571.0,172251.227072,6.294022,"fp32"
"a10-cuda-binomial-cuda-binomialoptionskernel-128-1-1-1024-1-1-nan","binomial-cuda","binomial","Finance","cuda","A10","_Z21binomialOptionsKernelPK13__TOptionDataPf","binomialOptionsKernel","binomialOptionsKernel(const __TOptionData *, float *)","(128, 1, 1)","(1024, 1, 1)",NaN,6511607627.0,0.0,0.0,0.0,6511607627.0,47062.0,1589963.0,138362.322617,4.095446,"fp32"
"a100-cuda-binomial-cuda-binomialoptionskernel-128-1-1-1024-1-1-nan","binomial-cuda","binomial","Finance","cuda","A100","_Z21binomialOptionsKernelPK13__TOptionDataPf","binomialOptionsKernel","binomialOptionsKernel(const __TOptionData *, float *)","(128, 1, 1)","(1024, 1, 1)",NaN,6511614509.0,0.0,1571024.0,0.0,6513185533.0,37333.0,1130752.0,174461.884472,5.760048,"fp32"
"h100-cuda-binomial-cuda-binomialoptionskernel-128-1-1-1024-1-1-nan","binomial-cuda","binomial","Finance","cuda","H100","_Z21binomialOptionsKernelPK13__TOptionDataPf","binomialOptionsKernel","binomialOptionsKernel(const __TOptionData *, float *)","(128, 1, 1)","(1024, 1, 1)",NaN,6511609387.0,0.0,1049362.0,0.0,6512658749.0,124501.0,533131.0,52310.091879,12.21587,"fp32"
"3080-omp-binomial-omp-binomialoptionsgpu-l100-128-1-1-1024-1-1-nan","binomial-omp","binomial","Finance","omp","3080","binomialOptionsGPU_l100","binomialOptionsGPU_l100","binomialOptionsGPU:l100","(128, 1, 1)","(1024, 1, 1)",NaN,6530490517.0,0.0,0.0,0.0,6530490517.0,49280.0,868512.0,132518.070556,7.519171,"fp32"
"a10-omp-binomial-omp-binomialoptionsgpu-l100-128-1-1-1024-1-1-nan","binomial-omp","binomial","Finance","omp","A10","binomialOptionsGPU_l100","binomialOptionsGPU_l100","binomialOptionsGPU:l100","(128, 1, 1)","(1024, 1, 1)",NaN,6530491625.0,0.0,0.0,0.0,6530491625.0,52395.0,1345739.0,124639.595858,4.852718,"fp32"
"a100-omp-binomial-omp-binomialoptionsgpu-l100-128-1-1-1024-1-1-nan","binomial-omp","binomial","Finance","omp","A100","binomialOptionsGPU_l100","binomialOptionsGPU_l100","binomialOptionsGPU:l100","(128, 1, 1)","(1024, 1, 1)",NaN,6530499106.0,0.0,1567883.0,0.0,6532066989.0,39083.0,1128523.0,167133.203413,5.788156,"fp32"
"h100-omp-binomial-omp-binomialoptionsgpu-l100-128-1-1-1024-1-1-nan","binomial-omp","binomial","Finance","omp","H100","binomialOptionsGPU_l100","binomialOptionsGPU_l100","binomialOptionsGPU:l100","(128, 1, 1)","(1024, 1, 1)",NaN,6530496247.0,0.0,1052811.0,0.0,6531549058.0,39851.0,385931.0,163899.251161,16.924137,"fp32"
"3080-cuda-bitonic-sort-cuda-bitonic-sort-256-1-1-131072-1-1-25-2","bitonic-sort-cuda","bitonic-sort","Sorting","cuda","3080","_Z12bitonic_sortiiPi","bitonic_sort","bitonic_sort(int, int, int *)","(256, 1, 1)","(131072, 1, 1)","25 2",0.0,0.0,0.0,0.0,0.0,259375445.0,387819.0,0.0,0.0,"int-only"
"a10-cuda-bitonic-sort-cuda-bitonic-sort-256-1-1-131072-1-1-25-2","bitonic-sort-cuda","bitonic-sort","Sorting","cuda","A10","_Z12bitonic_sortiiPi","bitonic_sort","bitonic_sort(int, int, int *)","(256, 1, 1)","(131072, 1, 1)","25 2",0.0,0.0,0.0,0.0,0.0,288898859.0,534955.0,0.0,0.0,"int-only"
"a100-cuda-bitonic-sort-cuda-bitonic-sort-256-1-1-131072-1-1-25-2","bitonic-sort-cuda","bitonic-sort","Sorting","cuda","A100","_Z12bitonic_sortiiPi","bitonic_sort","bitonic_sort(int, int, int *)","(256, 1, 1)","(131072, 1, 1)","25 2",0.0,0.0,0.0,0.0,0.0,244075819.0,241376.0,0.0,0.0,"int-only"
"h100-cuda-bitonic-sort-cuda-bitonic-sort-256-1-1-131072-1-1-25-2","bitonic-sort-cuda","bitonic-sort","Sorting","cuda","H100","_Z12bitonic_sortiiPi","bitonic_sort","bitonic_sort(int, int, int *)","(256, 1, 1)","(131072, 1, 1)","25 2",0.0,0.0,67108527.0,0.0,67108527.0,239500886.0,144747.0,0.280202,0.463626,"fp16"
"3080-omp-bitonic-sort-omp-z19parallelbitonicsortpii-l66-256-1-1-3200-1-1-25-2","bitonic-sort-omp","bitonic-sort","Sorting","omp","3080","_Z19ParallelBitonicSortPii_l66","Z19ParallelBitonicSortPii_l66","ParallelBitonicSort(int *, int):l66","(256, 1, 1)","(3200, 1, 1)","25 2",0.0,0.0,0.0,0.0,0.0,259370197.0,427104.0,0.0,0.0,"int-only"
"a10-omp-bitonic-sort-omp-z19parallelbitonicsortpii-l66-256-1-1-3200-1-1-25-2","bitonic-sort-omp","bitonic-sort","Sorting","omp","A10","_Z19ParallelBitonicSortPii_l66","Z19ParallelBitonicSortPii_l66","ParallelBitonicSort(int *, int):l66","(256, 1, 1)","(3200, 1, 1)","25 2",0.0,0.0,0.0,0.0,0.0,296002048.0,614923.0,0.0,0.0,"int-only"
"a100-omp-bitonic-sort-omp-z19parallelbitonicsortpii-l66-256-1-1-3200-1-1-25-2","bitonic-sort-omp","bitonic-sort","Sorting","omp","A100","_Z19ParallelBitonicSortPii_l66","Z19ParallelBitonicSortPii_l66","ParallelBitonicSort(int *, int):l66","(256, 1, 1)","(3200, 1, 1)","25 2",0.0,0.0,0.0,0.0,0.0,244061184.0,323808.0,0.0,0.0,"int-only"
"h100-omp-bitonic-sort-omp-z19parallelbitonicsortpii-l66-256-1-1-3200-1-1-25-2","bitonic-sort-omp","bitonic-sort","Sorting","omp","H100","_Z19ParallelBitonicSortPii_l66","Z19ParallelBitonicSortPii_l66","ParallelBitonicSort(int *, int):l66","(256, 1, 1)","(3200, 1, 1)","25 2",0.0,0.0,0.0,0.0,0.0,239627861.0,206773.0,0.0,0.0,"int-only"
"3080-cuda-bitpacking-cuda-int-256-1-1-1-1-1-nan","bitpacking-cuda","bitpacking","Data compression and reduction","cuda","3080","_Z13bitPackKernelIijEvPKhPKT_PT0_S4_PKm","int>","void bitPackKernel<int, unsigned int>(const unsigned char *, const T1 *, T2 *, const T1 *, const unsigned long *)","(256, 1, 1)","(1, 1, 1)",NaN,0.0,0.0,0.0,0.0,0.0,11093.0,3957.0,0.0,0.0,"int-only"
"a10-cuda-bitpacking-cuda-int-256-1-1-1-1-1-nan","bitpacking-cuda","bitpacking","Data compression and reduction","cuda","A10","_Z13bitPackKernelIijEvPKhPKT_PT0_S4_PKm","int>","void bitPackKernel<int, unsigned int>(const unsigned char *, const T1 *, T2 *, const T1 *, const unsigned long *)","(256, 1, 1)","(1, 1, 1)",NaN,0.0,0.0,0.0,0.0,0.0,12373.0,6389.0,0.0,0.0,"int-only"
"a100-cuda-bitpacking-cuda-int-256-1-1-1-1-1-nan","bitpacking-cuda","bitpacking","Data compression and reduction","cuda","A100","_Z13bitPackKernelIijEvPKhPKT_PT0_S4_PKm","int>","void bitPackKernel<int, unsigned int>(const unsigned char *, const T1 *, T2 *, const T1 *, const unsigned long *)","(256, 1, 1)","(1, 1, 1)",NaN,0.0,0.0,4073.0,0.0,4073.0,11179.0,5547.0,0.364344,0.000734,"fp16"
"h100-cuda-bitpacking-cuda-int-256-1-1-1-1-1-nan","bitpacking-cuda","bitpacking","Data compression and reduction","cuda","H100","_Z13bitPackKernelIijEvPKhPKT_PT0_S4_PKm","int>","void bitPackKernel<int, unsigned int>(const unsigned char *, const T1 *, T2 *, const T1 *, const unsigned long *)","(256, 1, 1)","(1, 1, 1)",NaN,0.0,0.0,3069.0,0.0,3069.0,11179.0,4341.0,0.274533,0.000707,"fp16"
"3080-cuda-bitpacking-cuda-int-256-1-1-1-1-1-nan","bitpacking-cuda","bitpacking","Data compression and reduction","cuda","3080","_Z23bitPackConfigScanKernelIiiEvPT_S1_PKT0_PKm","int>","void bitPackConfigScanKernel<int, int>(T1 *, T1 *, const T2 *, const unsigned long *)","(256, 1, 1)","(1, 1, 1)",NaN,0.0,0.0,0.0,0.0,0.0,6187.0,3477.0,0.0,0.0,"int-only"
"a10-cuda-bitpacking-cuda-int-256-1-1-1-1-1-nan","bitpacking-cuda","bitpacking","Data compression and reduction","cuda","A10","_Z23bitPackConfigScanKernelIiiEvPT_S1_PKT0_PKm","int>","void bitPackConfigScanKernel<int, int>(T1 *, T1 *, const T2 *, const unsigned long *)","(256, 1, 1)","(1, 1, 1)",NaN,0.0,0.0,0.0,0.0,0.0,7083.0,5739.0,0.0,0.0,"int-only"
"a100-cuda-bitpacking-cuda-int-256-1-1-1-1-1-nan","bitpacking-cuda","bitpacking","Data compression and reduction","cuda","A100","_Z23bitPackConfigScanKernelIiiEvPT_S1_PKT0_PKm","int>","void bitPackConfigScanKernel<int, int>(T1 *, T1 *, const T2 *, const unsigned long *)","(256, 1, 1)","(1, 1, 1)",NaN,0.0,0.0,2032.0,0.0,2032.0,6144.0,4864.0,0.330729,0.000418,"fp16"
"h100-cuda-bitpacking-cuda-int-256-1-1-1-1-1-nan","bitpacking-cuda","bitpacking","Data compression and reduction","cuda","H100","_Z23bitPackConfigScanKernelIiiEvPT_S1_PKT0_PKm","int>","void bitPackConfigScanKernel<int, int>(T1 *, T1 *, const T2 *, const unsigned long *)","(256, 1, 1)","(1, 1, 1)",NaN,0.0,0.0,2048.0,0.0,2048.0,6229.0,3776.0,0.328785,0.000542,"fp16"
"3080-cuda-bitpacking-cuda-int-256-1-1-1-1-1-nan","bitpacking-cuda","bitpacking","Data compression and reduction","cuda","3080","_Z27bitPackConfigFinalizeKernelIiiEvPKT_S2_PhPT0_PKm","int>","void bitPackConfigFinalizeKernel<int, int>(const T1 *, const T1 *, unsigned char *, T2 *, const unsigned long *)","(256, 1, 1)","(1, 1, 1)",NaN,0.0,0.0,0.0,0.0,0.0,6784.0,3509.0,0.0,0.0,"int-only"
"a10-cuda-bitpacking-cuda-int-256-1-1-1-1-1-nan","bitpacking-cuda","bitpacking","Data compression and reduction","cuda","A10","_Z27bitPackConfigFinalizeKernelIiiEvPKT_S2_PhPT0_PKm","int>","void bitPackConfigFinalizeKernel<int, int>(const T1 *, const T1 *, unsigned char *, T2 *, const unsigned long *)","(256, 1, 1)","(1, 1, 1)",NaN,0.0,0.0,0.0,0.0,0.0,7595.0,5760.0,0.0,0.0,"int-only"
"a100-cuda-bitpacking-cuda-int-256-1-1-1-1-1-nan","bitpacking-cuda","bitpacking","Data compression and reduction","cuda","A100","_Z27bitPackConfigFinalizeKernelIiiEvPKT_S2_PhPT0_PKm","int>","void bitPackConfigFinalizeKernel<int, int>(const T1 *, const T1 *, unsigned char *, T2 *, const unsigned long *)","(256, 1, 1)","(1, 1, 1)",NaN,0.0,0.0,0.0,0.0,0.0,6571.0,4757.0,0.0,0.0,"int-only"
"h100-cuda-bitpacking-cuda-int-256-1-1-1-1-1-nan","bitpacking-cuda","bitpacking","Data compression and reduction","cuda","H100","_Z27bitPackConfigFinalizeKernelIiiEvPKT_S2_PhPT0_PKm","int>","void bitPackConfigFinalizeKernel<int, int>(const T1 *, const T1 *, unsigned char *, T2 *, const unsigned long *)","(256, 1, 1)","(1, 1, 1)",NaN,0.0,0.0,0.0,0.0,0.0,6997.0,3755.0,0.0,0.0,"int-only"
"3080-cuda-bitpermute-cuda-bit-rev-permutation-1024-1-1-1-1-1-100","bitpermute-cuda","bitpermute","Cryptography","cuda","3080","_Z19bit_rev_permutationPlPKlj","bit_rev_permutation","bit_rev_permutation(long *, const long *, unsigned int)","(1024, 1, 1)","(1, 1, 1)","100",0.0,0.0,0.0,0.0,0.0,11478.0,3915.0,0.0,0.0,"int-only"
"a10-cuda-bitpermute-cuda-bit-rev-permutation-1024-1-1-1-1-1-100","bitpermute-cuda","bitpermute","Cryptography","cuda","A10","_Z19bit_rev_permutationPlPKlj","bit_rev_permutation","bit_rev_permutation(long *, const long *, unsigned int)","(1024, 1, 1)","(1, 1, 1)","100",0.0,0.0,0.0,0.0,0.0,12928.0,6251.0,0.0,0.0,"int-only"
"a100-cuda-bitpermute-cuda-bit-rev-permutation-1024-1-1-1-1-1-100","bitpermute-cuda","bitpermute","Cryptography","cuda","A100","_Z19bit_rev_permutationPlPKlj","bit_rev_permutation","bit_rev_permutation(long *, const long *, unsigned int)","(1024, 1, 1)","(1, 1, 1)","100",0.0,0.0,0.0,0.0,0.0,11392.0,5131.0,0.0,0.0,"int-only"
"h100-cuda-bitpermute-cuda-bit-rev-permutation-1024-1-1-1-1-1-100","bitpermute-cuda","bitpermute","Cryptography","cuda","H100","_Z19bit_rev_permutationPlPKlj","bit_rev_permutation","bit_rev_permutation(long *, const long *, unsigned int)","(1024, 1, 1)","(1, 1, 1)","100",0.0,0.0,0.0,0.0,0.0,11520.0,3989.0,0.0,0.0,"int-only"
"3080-cuda-bitpermute-cuda-bit-rev-permutation-z-32-1-1-2-1-1-100","bitpermute-cuda","bitpermute","Cryptography","cuda","3080","_Z21bit_rev_permutation_zPlPKlj","bit_rev_permutation_z","bit_rev_permutation_z(long *, const long *, unsigned int)","(32, 1, 1)","(2, 1, 1)","100",0.0,0.0,0.0,0.0,0.0,29782.0,4576.0,0.0,0.0,"int-only"
"a10-cuda-bitpermute-cuda-bit-rev-permutation-z-32-1-1-2-1-1-100","bitpermute-cuda","bitpermute","Cryptography","cuda","A10","_Z21bit_rev_permutation_zPlPKlj","bit_rev_permutation_z","bit_rev_permutation_z(long *, const long *, unsigned int)","(32, 1, 1)","(2, 1, 1)","100",0.0,0.0,0.0,0.0,0.0,33365.0,7413.0,0.0,0.0,"int-only"
"a100-cuda-bitpermute-cuda-bit-rev-permutation-z-32-1-1-2-1-1-100","bitpermute-cuda","bitpermute","Cryptography","cuda","A100","_Z21bit_rev_permutation_zPlPKlj","bit_rev_permutation_z","bit_rev_permutation_z(long *, const long *, unsigned int)","(32, 1, 1)","(2, 1, 1)","100",0.0,0.0,278.0,0.0,278.0,29824.0,6389.0,0.009321,4.4e-05,"fp16"
"h100-cuda-bitpermute-cuda-bit-rev-permutation-z-32-1-1-2-1-1-100","bitpermute-cuda","bitpermute","Cryptography","cuda","H100","_Z21bit_rev_permutation_zPlPKlj","bit_rev_permutation_z","bit_rev_permutation_z(long *, const long *, unsigned int)","(32, 1, 1)","(2, 1, 1)","100",0.0,0.0,0.0,0.0,0.0,29611.0,4704.0,0.0,0.0,"int-only"
"3080-cuda-black-scholes-cuda-getoutvaloption-256-1-1-195313-1-1-100","black-scholes-cuda","black-scholes","Finance","cuda","3080","_Z15getOutValOptionPK17optionInputStructPfi","getOutValOption","getOutValOption(const optionInputStruct *, float *, int)","(256, 1, 1)","(195313, 1, 1)","100",9025675533.0,0.0,0.0,0.0,9025675533.0,2007363840.0,2898219.0,4.496283,3.114214,"fp32"
"a10-cuda-black-scholes-cuda-getoutvaloption-256-1-1-195313-1-1-100","black-scholes-cuda","black-scholes","Finance","cuda","A10","_Z15getOutValOptionPK17optionInputStructPfi","getOutValOption","getOutValOption(const optionInputStruct *, float *, int)","(256, 1, 1)","(195313, 1, 1)","100",9025692222.0,0.0,0.0,0.0,9025692222.0,2232507563.0,4370560.0,4.04285,2.065111,"fp32"
"a100-cuda-black-scholes-cuda-getoutvaloption-256-1-1-195313-1-1-100","black-scholes-cuda","black-scholes","Finance","cuda","A100","_Z15getOutValOptionPK17optionInputStructPfi","getOutValOption","getOutValOption(const optionInputStruct *, float *, int)","(256, 1, 1)","(195313, 1, 1)","100",9025675498.0,0.0,1329726678.0,0.0,10355402176.0,1999095936.0,1993707.0,5.180043,5.194044,"fp32"
"h100-cuda-black-scholes-cuda-getoutvaloption-256-1-1-195313-1-1-100","black-scholes-cuda","black-scholes","Finance","cuda","H100","_Z15getOutValOptionPK17optionInputStructPfi","getOutValOption","getOutValOption(const optionInputStruct *, float *, int)","(256, 1, 1)","(195313, 1, 1)","100",9025676278.0,0.0,1129724767.0,0.0,10155401045.0,1998468437.0,966709.0,5.081592,10.505127,"fp32"
"3080-omp-black-scholes-omp-z29runblackscholesanalyticenginei-l237-256-1-1-3200-1-1-100","black-scholes-omp","black-scholes","Finance","omp","3080","_Z29runBlackScholesAnalyticEnginei_l237","Z29runBlackScholesAnalyticEnginei_l237","runBlackScholesAnalyticEngine(int):l237","(256, 1, 1)","(3200, 1, 1)","100",8636473547.0,99989022.0,0.0,0.0,8736462569.0,2014917205.0,3054240.0,4.335892,2.860437,"fp32"
"a10-omp-black-scholes-omp-z29runblackscholesanalyticenginei-l237-256-1-1-3200-1-1-100","black-scholes-omp","black-scholes","Finance","omp","A10","_Z29runBlackScholesAnalyticEnginei_l237","Z29runBlackScholesAnalyticEnginei_l237","runBlackScholesAnalyticEngine(int):l237","(256, 1, 1)","(3200, 1, 1)","100",8636477247.0,100009855.0,0.0,0.0,8736487102.0,2247169109.0,4157024.0,3.887775,2.101621,"fp32"
"a100-omp-black-scholes-omp-z29runblackscholesanalyticenginei-l237-256-1-1-3200-1-1-100","black-scholes-omp","black-scholes","Finance","omp","A100","_Z29runBlackScholesAnalyticEnginei_l237","Z29runBlackScholesAnalyticEnginei_l237","runBlackScholesAnalyticEngine(int):l237","(256, 1, 1)","(3200, 1, 1)","100",8636472625.0,99997686.0,1021619311.0,0.0,9758089622.0,1999935744.0,2199520.0,4.879202,4.436463,"fp32"
"h100-omp-black-scholes-omp-z29runblackscholesanalyticenginei-l237-256-1-1-3200-1-1-100","black-scholes-omp","black-scholes","Finance","omp","H100","_Z29runBlackScholesAnalyticEnginei_l237","Z29runBlackScholesAnalyticEnginei_l237","runBlackScholesAnalyticEngine(int):l237","(256, 1, 1)","(3200, 1, 1)","100",8636490184.0,100000712.0,1021624666.0,0.0,9758115562.0,1998783914.0,1193867.0,4.882026,8.173537,"fp32"
"3080-cuda-blockaccess-cuda-kernel-256-1-1-1088-1-1-8192-8192-100","blockAccess-cuda","blockAccess","Language and kernel features","cuda","3080","_Z6kernelILi256ELi1024EEvPKfPhj","kernel","void kernel<(int)256, (int)1024>(const float *, unsigned char *, unsigned int)","(256, 1, 1)","(1088, 1, 1)","8192 8192 100",0.0,0.0,0.0,0.0,0.0,335848192.0,478240.0,0.0,0.0,"int-only"
"a10-cuda-blockaccess-cuda-kernel-256-1-1-1088-1-1-8192-8192-100","blockAccess-cuda","blockAccess","Language and kernel features","cuda","A10","_Z6kernelILi256ELi1024EEvPKfPhj","kernel","void kernel<(int)256, (int)1024>(const float *, unsigned char *, unsigned int)","(256, 1, 1)","(1088, 1, 1)","8192 8192 100",0.0,0.0,0.0,0.0,0.0,380954454.0,670816.0,0.0,0.0,"int-only"
"a100-cuda-blockaccess-cuda-kernel-256-1-1-1088-1-1-8192-8192-100","blockAccess-cuda","blockAccess","Language and kernel features","cuda","A100","_Z6kernelILi256ELi1024EEvPKfPhj","kernel","void kernel<(int)256, (int)1024>(const float *, unsigned char *, unsigned int)","(256, 1, 1)","(1088, 1, 1)","8192 8192 100",0.0,0.0,0.0,0.0,0.0,331446229.0,241920.0,0.0,0.0,"int-only"
"h100-cuda-blockaccess-cuda-kernel-256-1-1-1088-1-1-8192-8192-100","blockAccess-cuda","blockAccess","Language and kernel features","cuda","H100","_Z6kernelILi256ELi1024EEvPKfPhj","kernel","void kernel<(int)256, (int)1024>(const float *, unsigned char *, unsigned int)","(256, 1, 1)","(1088, 1, 1)","8192 8192 100",0.0,0.0,0.0,0.0,0.0,329590357.0,111115.0,0.0,0.0,"int-only"
"3080-cuda-blockaccess-cuda-reference-256-1-1-1088-1-1-8192-8192-100","blockAccess-cuda","blockAccess","Language and kernel features","cuda","3080","_Z9referencePKfPhj","reference","reference(const float *, unsigned char *, unsigned int)","(256, 1, 1)","(1088, 1, 1)","8192 8192 100",0.0,0.0,0.0,0.0,0.0,335827968.0,477717.0,0.0,0.0,"int-only"
"a10-cuda-blockaccess-cuda-reference-256-1-1-1088-1-1-8192-8192-100","blockAccess-cuda","blockAccess","Language and kernel features","cuda","A10","_Z9referencePKfPhj","reference","reference(const float *, unsigned char *, unsigned int)","(256, 1, 1)","(1088, 1, 1)","8192 8192 100",0.0,0.0,0.0,0.0,0.0,381535019.0,671712.0,0.0,0.0,"int-only"
"a100-cuda-blockaccess-cuda-reference-256-1-1-1088-1-1-8192-8192-100","blockAccess-cuda","blockAccess","Language and kernel features","cuda","A100","_Z9referencePKfPhj","reference","reference(const float *, unsigned char *, unsigned int)","(256, 1, 1)","(1088, 1, 1)","8192 8192 100",0.0,0.0,67109338.0,0.0,67109338.0,331508736.0,240896.0,0.202436,0.278582,"fp16"
"h100-cuda-blockaccess-cuda-reference-256-1-1-1088-1-1-8192-8192-100","blockAccess-cuda","blockAccess","Language and kernel features","cuda","H100","_Z9referencePKfPhj","reference","reference(const float *, unsigned char *, unsigned int)","(256, 1, 1)","(1088, 1, 1)","8192 8192 100",0.0,0.0,0.0,0.0,0.0,329481472.0,111424.0,0.0,0.0,"int-only"
"3080-cuda-blockexchange-cuda-k-256-1-1-262144-1-1-8192-8192-100","blockexchange-cuda","blockexchange","Language and kernel features","cuda","3080","_Z1kILi256ELi1024EEvPKiPii","k","void k<(int)256, (int)1024>(const int *, int *, int)","(256, 1, 1)","(262144, 1, 1)","8192 8192 100",0.0,0.0,0.0,0.0,0.0,536399872.0,942027.0,0.0,0.0,"int-only"
"a10-cuda-blockexchange-cuda-k-256-1-1-262144-1-1-8192-8192-100","blockexchange-cuda","blockexchange","Language and kernel features","cuda","A10","_Z1kILi256ELi1024EEvPKiPii","k","void k<(int)256, (int)1024>(const int *, int *, int)","(256, 1, 1)","(262144, 1, 1)","8192 8192 100",0.0,0.0,0.0,0.0,0.0,606398165.0,1362379.0,0.0,0.0,"int-only"
"a100-cuda-blockexchange-cuda-k-256-1-1-262144-1-1-8192-8192-100","blockexchange-cuda","blockexchange","Language and kernel features","cuda","A100","_Z1kILi256ELi1024EEvPKiPii","k","void k<(int)256, (int)1024>(const int *, int *, int)","(256, 1, 1)","(262144, 1, 1)","8192 8192 100",0.0,0.0,0.0,0.0,0.0,522128171.0,573941.0,0.0,0.0,"int-only"
"h100-cuda-blockexchange-cuda-k-256-1-1-262144-1-1-8192-8192-100","blockexchange-cuda","blockexchange","Language and kernel features","cuda","H100","_Z1kILi256ELi1024EEvPKiPii","k","void k<(int)256, (int)1024>(const int *, int *, int)","(256, 1, 1)","(262144, 1, 1)","8192 8192 100",0.0,0.0,0.0,0.0,0.0,520106240.0,343285.0,0.0,0.0,"int-only"
"3080-omp-bn-omp-z13computekerneliipkfpkbiipfpii-l105-256-1-1-2-1-1-result-10","bn-omp","bn","Machine learning","omp","3080","_Z13computeKerneliiPKfPKbiiPfPii_l105","Z13computeKerneliiPKfPKbiiPfPii_l105","computeKernel(int, int, const float *, const bool *, int, int, float *, int *, int):l105","(256, 1, 1)","(2, 1, 1)","result 10",0.0,0.0,0.0,0.0,0.0,92800.0,43285.0,0.0,0.0,"int-only"
"a10-omp-bn-omp-z13computekerneliipkfpkbiipfpii-l105-256-1-1-2-1-1-result-10","bn-omp","bn","Machine learning","omp","A10","_Z13computeKerneliiPKfPKbiiPfPii_l105","Z13computeKerneliiPKfPKbiiPfPii_l105","computeKernel(int, int, const float *, const bool *, int, int, float *, int *, int):l105","(256, 1, 1)","(2, 1, 1)","result 10",0.0,0.0,0.0,0.0,0.0,87467.0,70528.0,0.0,0.0,"int-only"
"a100-omp-bn-omp-z13computekerneliipkfpkbiipfpii-l105-256-1-1-2-1-1-result-10","bn-omp","bn","Machine learning","omp","A100","_Z13computeKerneliiPKfPKbiiPfPii_l105","Z13computeKerneliiPKfPKbiiPfPii_l105","computeKernel(int, int, const float *, const bool *, int, int, float *, int *, int):l105","(256, 1, 1)","(2, 1, 1)","result 10",0.0,0.0,9466.0,0.0,9466.0,73728.0,57675.0,0.128391,0.000164,"fp16"
"h100-omp-bn-omp-z13computekerneliipkfpkbiipfpii-l105-256-1-1-2-1-1-result-10","bn-omp","bn","Machine learning","omp","H100","_Z13computeKerneliiPKfPKbiiPfPii_l105","Z13computeKerneliiPKfPKbiiPfPii_l105","computeKernel(int, int, const float *, const bool *, int, int, float *, int *, int):l105","(256, 1, 1)","(2, 1, 1)","result 10",0.0,0.0,75986.0,0.0,75986.0,73301.0,40608.0,1.03663,0.001871,"fp16"
"3080-omp-bn-omp-pb-l241-256-1-1-2-1-1-result-10","bn-omp","bn","Machine learning","omp","3080","_Z13findBestGraphPfPiS_Pb_l241","Pb_l241","findBestGraph(float *, int *, float *, bool *):l241","(256, 1, 1)","(2, 1, 1)","result 10",0.0,0.0,0.0,0.0,0.0,5333.0,2731.0,0.0,0.0,"int-only"
"a10-omp-bn-omp-pb-l241-256-1-1-2-1-1-result-10","bn-omp","bn","Machine learning","omp","A10","_Z13findBestGraphPfPiS_Pb_l241","Pb_l241","findBestGraph(float *, int *, float *, bool *):l241","(256, 1, 1)","(2, 1, 1)","result 10",0.0,0.0,0.0,0.0,0.0,6059.0,4331.0,0.0,0.0,"int-only"
"a100-omp-bn-omp-pb-l241-256-1-1-2-1-1-result-10","bn-omp","bn","Machine learning","omp","A100","_Z13findBestGraphPfPiS_Pb_l241","Pb_l241","findBestGraph(float *, int *, float *, bool *):l241","(256, 1, 1)","(2, 1, 1)","result 10",0.0,0.0,2042.0,0.0,2042.0,5291.0,3616.0,0.385938,0.000565,"fp16"
"h100-omp-bn-omp-pb-l241-256-1-1-2-1-1-result-10","bn-omp","bn","Machine learning","omp","H100","_Z13findBestGraphPfPiS_Pb_l241","Pb_l241","findBestGraph(float *, int *, float *, bool *):l241","(256, 1, 1)","(2, 1, 1)","result 10",0.0,0.0,0.0,0.0,0.0,6656.0,2933.0,0.0,0.0,"int-only"
"3080-omp-bn-omp-pb-l244-256-1-1-1-1-1-result-10","bn-omp","bn","Machine learning","omp","3080","_Z13findBestGraphPfPiS_Pb_l244","Pb_l244","findBestGraph(float *, int *, float *, bool *):l244","(256, 1, 1)","(1, 1, 1)","result 10",0.0,0.0,0.0,0.0,0.0,3840.0,2549.0,0.0,0.0,"int-only"
"a10-omp-bn-omp-pb-l244-256-1-1-1-1-1-result-10","bn-omp","bn","Machine learning","omp","A10","_Z13findBestGraphPfPiS_Pb_l244","Pb_l244","findBestGraph(float *, int *, float *, bool *):l244","(256, 1, 1)","(1, 1, 1)","result 10",0.0,0.0,0.0,0.0,0.0,4352.0,4053.0,0.0,0.0,"int-only"
"a100-omp-bn-omp-pb-l244-256-1-1-1-1-1-result-10","bn-omp","bn","Machine learning","omp","A100","_Z13findBestGraphPfPiS_Pb_l244","Pb_l244","findBestGraph(float *, int *, float *, bool *):l244","(256, 1, 1)","(1, 1, 1)","result 10",0.0,0.0,0.0,0.0,0.0,3755.0,3125.0,0.0,0.0,"int-only"
"h100-omp-bn-omp-pb-l244-256-1-1-1-1-1-result-10","bn-omp","bn","Machine learning","omp","H100","_Z13findBestGraphPfPiS_Pb_l244","Pb_l244","findBestGraph(float *, int *, float *, bool *):l244","(256, 1, 1)","(1, 1, 1)","result 10",0.0,0.0,0.0,0.0,0.0,4608.0,2805.0,0.0,0.0,"int-only"
"3080-omp-bn-omp-z14genscorekernelipfpkipkf-l21-256-1-1-3200-1-1-result-10","bn-omp","bn","Machine learning","omp","3080","_Z14genScoreKerneliPfPKiPKf_l21","Z14genScoreKerneliPfPKiPKf_l21","genScoreKernel(int, float *, const int *, const float *):l21","(256, 1, 1)","(3200, 1, 1)","result 10",0.0,0.0,0.0,0.0,0.0,26207083.0,87104.0,0.0,0.0,"int-only"
"a10-omp-bn-omp-z14genscorekernelipfpkipkf-l21-256-1-1-3200-1-1-result-10","bn-omp","bn","Machine learning","omp","A10","_Z14genScoreKerneliPfPKiPKf_l21","Z14genScoreKerneliPfPKiPKf_l21","genScoreKernel(int, float *, const int *, const float *):l21","(256, 1, 1)","(3200, 1, 1)","result 10",0.0,0.0,0.0,0.0,0.0,29980758.0,133483.0,0.0,0.0,"int-only"
"a100-omp-bn-omp-z14genscorekernelipfpkipkf-l21-256-1-1-3200-1-1-result-10","bn-omp","bn","Machine learning","omp","A100","_Z14genScoreKerneliPfPKiPKf_l21","Z14genScoreKerneliPfPKiPKf_l21","genScoreKernel(int, float *, const int *, const float *):l21","(256, 1, 1)","(3200, 1, 1)","result 10",0.0,0.0,26997675.0,0.0,26997675.0,9318976.0,43856.0,2.897065,0.615598,"fp16"
"h100-omp-bn-omp-z14genscorekernelipfpkipkf-l21-256-1-1-3200-1-1-result-10","bn-omp","bn","Machine learning","omp","H100","_Z14genScoreKerneliPfPKiPKf_l21","Z14genScoreKerneliPfPKiPKf_l21","genScoreKernel(int, float *, const int *, const float *):l21","(256, 1, 1)","(3200, 1, 1)","result 10",0.0,0.0,12945.0,0.0,12945.0,4358784.0,29125.0,0.00297,0.000444,"fp16"
"3080-cuda-bonds-cuda-bonds-256-1-1-3907-1-1-100","bonds-cuda","bonds","Finance","cuda","3080","_Z5bonds12inArgsStruct13resultsStructi","bonds","bonds(inArgsStruct, resultsStruct, int)","(256, 1, 1)","(3907, 1, 1)","100",18433696323.0,0.0,0.0,0.0,18433696323.0,35808201429.0,62557131.0,0.51479,0.29467,"fp32"
"a10-cuda-bonds-cuda-bonds-256-1-1-3907-1-1-100","bonds-cuda","bonds","Finance","cuda","A10","_Z5bonds12inArgsStruct13resultsStructi","bonds","bonds(inArgsStruct, resultsStruct, int)","(256, 1, 1)","(3907, 1, 1)","100",18434103040.0,0.0,0.0,0.0,18434103040.0,51719584299.0,97857291.0,0.356424,0.188377,"fp32"
"a100-cuda-bonds-cuda-bonds-256-1-1-3907-1-1-100","bonds-cuda","bonds","Finance","cuda","A100","_Z5bonds12inArgsStruct13resultsStructi","bonds","bonds(inArgsStruct, resultsStruct, int)","(256, 1, 1)","(3907, 1, 1)","100",18433543839.0,0.0,4463102564.0,0.0,22896646403.0,6946429653.0,36985024.0,3.296175,0.619079,"fp32"
"h100-cuda-bonds-cuda-bonds-256-1-1-3907-1-1-100","bonds-cuda","bonds","Finance","cuda","H100","_Z5bonds12inArgsStruct13resultsStructi","bonds","bonds(inArgsStruct, resultsStruct, int)","(256, 1, 1)","(3907, 1, 1)","100",18433840000.0,0.0,4778598859.0,0.0,23212438859.0,3542698240.0,17062549.0,6.552192,1.360432,"fp32"
"3080-cuda-boxfilter-cuda-col-kernel-64-1-1-16-1-1-boxfilter-sycl-data-lenargb-ppm-10000","boxfilter-cuda","boxfilter","Computer vision and image processing","cuda","3080","_Z10col_kernelPKjPjiiif","col_kernel","col_kernel(const unsigned int *, unsigned int *, int, int, int, float)","(64, 1, 1)","(16, 1, 1)","../boxfilter-sycl/data/lenaRGB.ppm 10000",12621095.0,0.0,0.0,0.0,12621095.0,7715200.0,432661.0,1.635874,0.029171,"fp32"
"a10-cuda-boxfilter-cuda-col-kernel-64-1-1-16-1-1-boxfilter-sycl-data-lenargb-ppm-10000","boxfilter-cuda","boxfilter","Computer vision and image processing","cuda","A10","_Z10col_kernelPKjPjiiif","col_kernel","col_kernel(const unsigned int *, unsigned int *, int, int, int, float)","(64, 1, 1)","(16, 1, 1)","../boxfilter-sycl/data/lenaRGB.ppm 10000",12619385.0,0.0,0.0,0.0,12619385.0,8833707.0,670325.0,1.428549,0.018826,"fp32"
"a100-cuda-boxfilter-cuda-col-kernel-64-1-1-16-1-1-boxfilter-sycl-data-lenargb-ppm-10000","boxfilter-cuda","boxfilter","Computer vision and image processing","cuda","A100","_Z10col_kernelPKjPjiiif","col_kernel","col_kernel(const unsigned int *, unsigned int *, int, int, int, float)","(64, 1, 1)","(16, 1, 1)","../boxfilter-sycl/data/lenaRGB.ppm 10000",12619759.0,0.0,7334.0,0.0,12627093.0,4207019.0,669056.0,3.001435,0.018873,"fp32"
"h100-cuda-boxfilter-cuda-col-kernel-64-1-1-16-1-1-boxfilter-sycl-data-lenargb-ppm-10000","boxfilter-cuda","boxfilter","Computer vision and image processing","cuda","H100","_Z10col_kernelPKjPjiiif","col_kernel","col_kernel(const unsigned int *, unsigned int *, int, int, int, float)","(64, 1, 1)","(16, 1, 1)","../boxfilter-sycl/data/lenaRGB.ppm 10000",12619427.0,0.0,0.0,0.0,12619427.0,4208811.0,548053.0,2.998335,0.023026,"fp32"
"3080-cuda-boxfilter-cuda-row-kernel-90-1-1-16-1024-1-boxfilter-sycl-data-lenargb-ppm-10000","boxfilter-cuda","boxfilter","Computer vision and image processing","cuda","3080","_Z10row_kernelPK6uchar4Pjiiiifj","row_kernel","row_kernel(const uchar4 *, unsigned int *, int, int, int, int, float, unsigned int)","(90, 1, 1)","(16, 1024, 1)","../boxfilter-sycl/data/lenaRGB.ppm 10000",92274711.0,0.0,0.0,0.0,92274711.0,7876010.0,61877.0,11.715921,1.49126,"fp32"
"a10-cuda-boxfilter-cuda-row-kernel-90-1-1-16-1024-1-boxfilter-sycl-data-lenargb-ppm-10000","boxfilter-cuda","boxfilter","Computer vision and image processing","cuda","A10","_Z10row_kernelPK6uchar4Pjiiiifj","row_kernel","row_kernel(const uchar4 *, unsigned int *, int, int, int, int, float, unsigned int)","(90, 1, 1)","(16, 1024, 1)","../boxfilter-sycl/data/lenaRGB.ppm 10000",92274641.0,0.0,0.0,0.0,92274641.0,9619456.0,95211.0,9.592501,0.969159,"fp32"
"a100-cuda-boxfilter-cuda-row-kernel-90-1-1-16-1024-1-boxfilter-sycl-data-lenargb-ppm-10000","boxfilter-cuda","boxfilter","Computer vision and image processing","cuda","A100","_Z10row_kernelPK6uchar4Pjiiiifj","row_kernel","row_kernel(const uchar4 *, unsigned int *, int, int, int, int, float, unsigned int)","(90, 1, 1)","(16, 1024, 1)","../boxfilter-sycl/data/lenaRGB.ppm 10000",92274311.0,0.0,8388600.0,0.0,100662911.0,4198997.0,79691.0,23.973085,1.263165,"fp32"
"h100-cuda-boxfilter-cuda-row-kernel-90-1-1-16-1024-1-boxfilter-sycl-data-lenargb-ppm-10000","boxfilter-cuda","boxfilter","Computer vision and image processing","cuda","H100","_Z10row_kernelPK6uchar4Pjiiiifj","row_kernel","row_kernel(const uchar4 *, unsigned int *, int, int, int, int, float, unsigned int)","(90, 1, 1)","(16, 1024, 1)","../boxfilter-sycl/data/lenaRGB.ppm 10000",92274710.0,0.0,4194376.0,0.0,96469086.0,4199339.0,29749.0,22.972445,3.242767,"fp32"
"3080-omp-boxfilter-omp-iiiff-l127-90-1-1-16384-1-1-boxfilter-sycl-data-lenargb-ppm-10000","boxfilter-omp","boxfilter","Computer vision and image processing","omp","3080","_Z12BoxFilterGPUPjS_S_iiiff_l127","iiiff_l127","BoxFilterGPU(unsigned int *, unsigned int *, unsigned int *, int, int, int, float, float):l127","(90, 1, 1)","(16384, 1, 1)","../boxfilter-sycl/data/lenaRGB.ppm 10000",92275128.0,0.0,0.0,0.0,92275128.0,7841045.0,178736.0,11.768218,0.516265,"fp32"
"a10-omp-boxfilter-omp-iiiff-l127-90-1-1-16384-1-1-boxfilter-sycl-data-lenargb-ppm-10000","boxfilter-omp","boxfilter","Computer vision and image processing","omp","A10","_Z12BoxFilterGPUPjS_S_iiiff_l127","iiiff_l127","BoxFilterGPU(unsigned int *, unsigned int *, unsigned int *, int, int, int, float, float):l127","(90, 1, 1)","(16384, 1, 1)","../boxfilter-sycl/data/lenaRGB.ppm 10000",92275080.0,0.0,0.0,0.0,92275080.0,8898667.0,272155.0,10.36954,0.339053,"fp32"
"a100-omp-boxfilter-omp-iiiff-l127-90-1-1-16384-1-1-boxfilter-sycl-data-lenargb-ppm-10000","boxfilter-omp","boxfilter","Computer vision and image processing","omp","A100","_Z12BoxFilterGPUPjS_S_iiiff_l127","iiiff_l127","BoxFilterGPU(unsigned int *, unsigned int *, unsigned int *, int, int, int, float, float):l127","(90, 1, 1)","(16384, 1, 1)","../boxfilter-sycl/data/lenaRGB.ppm 10000",92274383.0,0.0,9986067.0,0.0,102260450.0,4207467.0,93339.0,24.304516,1.095581,"fp32"
"h100-omp-boxfilter-omp-iiiff-l127-90-1-1-16384-1-1-boxfilter-sycl-data-lenargb-ppm-10000","boxfilter-omp","boxfilter","Computer vision and image processing","omp","H100","_Z12BoxFilterGPUPjS_S_iiiff_l127","iiiff_l127","BoxFilterGPU(unsigned int *, unsigned int *, unsigned int *, int, int, int, float, float):l127","(90, 1, 1)","(16384, 1, 1)","../boxfilter-sycl/data/lenaRGB.ppm 10000",92274444.0,0.0,10157937.0,0.0,102432381.0,4209792.0,57797.0,24.331934,1.772279,"fp32"
"3080-cuda-bsearch-cuda-kernel-bs2-256-1-1-128-1-1-16384-1","bsearch-cuda","bsearch","Search","cuda","3080","_Z10kernel_BS2IfEvPKT_S2_Pmmm","kernel_BS2","void kernel_BS2<float>(const T1 *, const T1 *, unsigned long *, unsigned long, unsigned long)","(256, 1, 1)","(128, 1, 1)","16384 1",0.0,0.0,0.0,0.0,0.0,242816.0,7947.0,0.0,0.0,"int-only"
"a10-cuda-bsearch-cuda-kernel-bs2-256-1-1-128-1-1-16384-1","bsearch-cuda","bsearch","Search","cuda","A10","_Z10kernel_BS2IfEvPKT_S2_Pmmm","kernel_BS2","void kernel_BS2<float>(const T1 *, const T1 *, unsigned long *, unsigned long, unsigned long)","(256, 1, 1)","(128, 1, 1)","16384 1",0.0,0.0,0.0,0.0,0.0,249173.0,12160.0,0.0,0.0,"int-only"
"a100-cuda-bsearch-cuda-kernel-bs2-256-1-1-128-1-1-16384-1","bsearch-cuda","bsearch","Search","cuda","A100","_Z10kernel_BS2IfEvPKT_S2_Pmmm","kernel_BS2","void kernel_BS2<float>(const T1 *, const T1 *, unsigned long *, unsigned long, unsigned long)","(256, 1, 1)","(128, 1, 1)","16384 1",0.0,0.0,0.0,0.0,0.0,200064.0,11787.0,0.0,0.0,"int-only"
"h100-cuda-bsearch-cuda-kernel-bs2-256-1-1-128-1-1-16384-1","bsearch-cuda","bsearch","Search","cuda","H100","_Z10kernel_BS2IfEvPKT_S2_Pmmm","kernel_BS2","void kernel_BS2<float>(const T1 *, const T1 *, unsigned long *, unsigned long, unsigned long)","(256, 1, 1)","(128, 1, 1)","16384 1",0.0,0.0,0.0,0.0,0.0,200192.0,8299.0,0.0,0.0,"int-only"
"3080-cuda-bsearch-cuda-kernel-bs3-256-1-1-128-1-1-16384-1","bsearch-cuda","bsearch","Search","cuda","3080","_Z10kernel_BS3IfEvPKT_S2_Pmmm","kernel_BS3","void kernel_BS3<float>(const T1 *, const T1 *, unsigned long *, unsigned long, unsigned long)","(256, 1, 1)","(128, 1, 1)","16384 1",0.0,0.0,0.0,0.0,0.0,243200.0,7893.0,0.0,0.0,"int-only"
"a10-cuda-bsearch-cuda-kernel-bs3-256-1-1-128-1-1-16384-1","bsearch-cuda","bsearch","Search","cuda","A10","_Z10kernel_BS3IfEvPKT_S2_Pmmm","kernel_BS3","void kernel_BS3<float>(const T1 *, const T1 *, unsigned long *, unsigned long, unsigned long)","(256, 1, 1)","(128, 1, 1)","16384 1",0.0,0.0,0.0,0.0,0.0,249643.0,12181.0,0.0,0.0,"int-only"
"a100-cuda-bsearch-cuda-kernel-bs3-256-1-1-128-1-1-16384-1","bsearch-cuda","bsearch","Search","cuda","A100","_Z10kernel_BS3IfEvPKT_S2_Pmmm","kernel_BS3","void kernel_BS3<float>(const T1 *, const T1 *, unsigned long *, unsigned long, unsigned long)","(256, 1, 1)","(128, 1, 1)","16384 1",0.0,0.0,0.0,0.0,0.0,200064.0,11808.0,0.0,0.0,"int-only"
"h100-cuda-bsearch-cuda-kernel-bs3-256-1-1-128-1-1-16384-1","bsearch-cuda","bsearch","Search","cuda","H100","_Z10kernel_BS3IfEvPKT_S2_Pmmm","kernel_BS3","void kernel_BS3<float>(const T1 *, const T1 *, unsigned long *, unsigned long, unsigned long)","(256, 1, 1)","(128, 1, 1)","16384 1",0.0,0.0,0.0,0.0,0.0,200107.0,7925.0,0.0,0.0,"int-only"
"3080-cuda-bsearch-cuda-kernel-bs4-256-1-1-128-1-1-16384-1","bsearch-cuda","bsearch","Search","cuda","3080","_Z10kernel_BS4IfEvPKT_S2_Pmmm","kernel_BS4","void kernel_BS4<float>(const T1 *, const T1 *, unsigned long *, unsigned long, unsigned long)","(256, 1, 1)","(128, 1, 1)","16384 1",0.0,0.0,0.0,0.0,0.0,243840.0,7957.0,0.0,0.0,"int-only"
"a10-cuda-bsearch-cuda-kernel-bs4-256-1-1-128-1-1-16384-1","bsearch-cuda","bsearch","Search","cuda","A10","_Z10kernel_BS4IfEvPKT_S2_Pmmm","kernel_BS4","void kernel_BS4<float>(const T1 *, const T1 *, unsigned long *, unsigned long, unsigned long)","(256, 1, 1)","(128, 1, 1)","16384 1",0.0,0.0,0.0,0.0,0.0,246229.0,12363.0,0.0,0.0,"int-only"
"a100-cuda-bsearch-cuda-kernel-bs4-256-1-1-128-1-1-16384-1","bsearch-cuda","bsearch","Search","cuda","A100","_Z10kernel_BS4IfEvPKT_S2_Pmmm","kernel_BS4","void kernel_BS4<float>(const T1 *, const T1 *, unsigned long *, unsigned long, unsigned long)","(256, 1, 1)","(128, 1, 1)","16384 1",0.0,0.0,0.0,0.0,0.0,200064.0,11861.0,0.0,0.0,"int-only"
"h100-cuda-bsearch-cuda-kernel-bs4-256-1-1-128-1-1-16384-1","bsearch-cuda","bsearch","Search","cuda","H100","_Z10kernel_BS4IfEvPKT_S2_Pmmm","kernel_BS4","void kernel_BS4<float>(const T1 *, const T1 *, unsigned long *, unsigned long, unsigned long)","(256, 1, 1)","(128, 1, 1)","16384 1",0.0,0.0,0.0,0.0,0.0,200533.0,7915.0,0.0,0.0,"int-only"
"3080-cuda-bsearch-cuda-kernel-bs-256-1-1-128-1-1-16384-1","bsearch-cuda","bsearch","Search","cuda","3080","_Z9kernel_BSIfEvPKT_S2_Pmmm","kernel_BS","void kernel_BS<float>(const T1 *, const T1 *, unsigned long *, unsigned long, unsigned long)","(256, 1, 1)","(128, 1, 1)","16384 1",0.0,0.0,0.0,0.0,0.0,242987.0,7701.0,0.0,0.0,"int-only"
"a10-cuda-bsearch-cuda-kernel-bs-256-1-1-128-1-1-16384-1","bsearch-cuda","bsearch","Search","cuda","A10","_Z9kernel_BSIfEvPKT_S2_Pmmm","kernel_BS","void kernel_BS<float>(const T1 *, const T1 *, unsigned long *, unsigned long, unsigned long)","(256, 1, 1)","(128, 1, 1)","16384 1",0.0,0.0,0.0,0.0,0.0,250325.0,12000.0,0.0,0.0,"int-only"
"a100-cuda-bsearch-cuda-kernel-bs-256-1-1-128-1-1-16384-1","bsearch-cuda","bsearch","Search","cuda","A100","_Z9kernel_BSIfEvPKT_S2_Pmmm","kernel_BS","void kernel_BS<float>(const T1 *, const T1 *, unsigned long *, unsigned long, unsigned long)","(256, 1, 1)","(128, 1, 1)","16384 1",0.0,0.0,0.0,0.0,0.0,200491.0,11435.0,0.0,0.0,"int-only"
"h100-cuda-bsearch-cuda-kernel-bs-256-1-1-128-1-1-16384-1","bsearch-cuda","bsearch","Search","cuda","H100","_Z9kernel_BSIfEvPKT_S2_Pmmm","kernel_BS","void kernel_BS<float>(const T1 *, const T1 *, unsigned long *, unsigned long, unsigned long)","(256, 1, 1)","(128, 1, 1)","16384 1",0.0,0.0,0.0,0.0,0.0,199936.0,7723.0,0.0,0.0,"int-only"
"3080-omp-bsearch-omp-pmmi-l21-256-1-1-128-1-1-16384-1","bsearch-omp","bsearch","Search","omp","3080","_Z2bsIfEvmmPKT_S2_Pmmi_l21","Pmmi_l21","void bs<float>(unsigned long, unsigned long, const T1 *, const T1 *, unsigned long *, unsigned long, int):l21","(256, 1, 1)","(128, 1, 1)","16384 1",0.0,0.0,0.0,0.0,0.0,204843.0,8341.0,0.0,0.0,"int-only"
"a10-omp-bsearch-omp-pmmi-l21-256-1-1-128-1-1-16384-1","bsearch-omp","bsearch","Search","omp","A10","_Z2bsIfEvmmPKT_S2_Pmmi_l21","Pmmi_l21","void bs<float>(unsigned long, unsigned long, const T1 *, const T1 *, unsigned long *, unsigned long, int):l21","(256, 1, 1)","(128, 1, 1)","16384 1",0.0,0.0,0.0,0.0,0.0,254720.0,12693.0,0.0,0.0,"int-only"
"a100-omp-bsearch-omp-pmmi-l21-256-1-1-128-1-1-16384-1","bsearch-omp","bsearch","Search","omp","A100","_Z2bsIfEvmmPKT_S2_Pmmi_l21","Pmmi_l21","void bs<float>(unsigned long, unsigned long, const T1 *, const T1 *, unsigned long *, unsigned long, int):l21","(256, 1, 1)","(128, 1, 1)","16384 1",0.0,0.0,262125.0,0.0,262125.0,202880.0,12021.0,1.29202,0.021806,"fp16"
"h100-omp-bsearch-omp-pmmi-l21-256-1-1-128-1-1-16384-1","bsearch-omp","bsearch","Search","omp","H100","_Z2bsIfEvmmPKT_S2_Pmmi_l21","Pmmi_l21","void bs<float>(unsigned long, unsigned long, const T1 *, const T1 *, unsigned long *, unsigned long, int):l21","(256, 1, 1)","(128, 1, 1)","16384 1",0.0,0.0,132104.0,0.0,132104.0,204459.0,8331.0,0.646115,0.015857,"fp16"
"3080-omp-bsearch-omp-pmmi-l84-256-1-1-128-1-1-16384-1","bsearch-omp","bsearch","Search","omp","3080","_Z3bs3IfEvmmPKT_S2_Pmmi_l84","Pmmi_l84","void bs3<float>(unsigned long, unsigned long, const T1 *, const T1 *, unsigned long *, unsigned long, int):l84","(256, 1, 1)","(128, 1, 1)","16384 1",0.0,0.0,0.0,0.0,0.0,204971.0,8544.0,0.0,0.0,"int-only"
"a10-omp-bsearch-omp-pmmi-l84-256-1-1-128-1-1-16384-1","bsearch-omp","bsearch","Search","omp","A10","_Z3bs3IfEvmmPKT_S2_Pmmi_l84","Pmmi_l84","void bs3<float>(unsigned long, unsigned long, const T1 *, const T1 *, unsigned long *, unsigned long, int):l84","(256, 1, 1)","(128, 1, 1)","16384 1",0.0,0.0,0.0,0.0,0.0,255701.0,13120.0,0.0,0.0,"int-only"
"a100-omp-bsearch-omp-pmmi-l84-256-1-1-128-1-1-16384-1","bsearch-omp","bsearch","Search","omp","A100","_Z3bs3IfEvmmPKT_S2_Pmmi_l84","Pmmi_l84","void bs3<float>(unsigned long, unsigned long, const T1 *, const T1 *, unsigned long *, unsigned long, int):l84","(256, 1, 1)","(128, 1, 1)","16384 1",0.0,0.0,262144.0,0.0,262144.0,203392.0,12619.0,1.288861,0.020774,"fp16"
"h100-omp-bsearch-omp-pmmi-l84-256-1-1-128-1-1-16384-1","bsearch-omp","bsearch","Search","omp","H100","_Z3bs3IfEvmmPKT_S2_Pmmi_l84","Pmmi_l84","void bs3<float>(unsigned long, unsigned long, const T1 *, const T1 *, unsigned long *, unsigned long, int):l84","(256, 1, 1)","(128, 1, 1)","16384 1",0.0,0.0,132656.0,0.0,132656.0,204800.0,8597.0,0.647734,0.01543,"fp16"
"3080-omp-bsearch-omp-pmmi-l117-256-1-1-128-1-1-16384-1","bsearch-omp","bsearch","Search","omp","3080","_Z3bs4IfEvmmPKT_S2_Pmmi_l117","Pmmi_l117","void bs4<float>(unsigned long, unsigned long, const T1 *, const T1 *, unsigned long *, unsigned long, int):l117","(256, 1, 1)","(128, 1, 1)","16384 1",0.0,0.0,0.0,0.0,0.0,202923.0,8661.0,0.0,0.0,"int-only"
"a10-omp-bsearch-omp-pmmi-l117-256-1-1-128-1-1-16384-1","bsearch-omp","bsearch","Search","omp","A10","_Z3bs4IfEvmmPKT_S2_Pmmi_l117","Pmmi_l117","void bs4<float>(unsigned long, unsigned long, const T1 *, const T1 *, unsigned long *, unsigned long, int):l117","(256, 1, 1)","(128, 1, 1)","16384 1",0.0,0.0,0.0,0.0,0.0,251435.0,13291.0,0.0,0.0,"int-only"
"a100-omp-bsearch-omp-pmmi-l117-256-1-1-128-1-1-16384-1","bsearch-omp","bsearch","Search","omp","A100","_Z3bs4IfEvmmPKT_S2_Pmmi_l117","Pmmi_l117","void bs4<float>(unsigned long, unsigned long, const T1 *, const T1 *, unsigned long *, unsigned long, int):l117","(256, 1, 1)","(128, 1, 1)","16384 1",0.0,0.0,0.0,0.0,0.0,201899.0,12907.0,0.0,0.0,"int-only"
"h100-omp-bsearch-omp-pmmi-l117-256-1-1-128-1-1-16384-1","bsearch-omp","bsearch","Search","omp","H100","_Z3bs4IfEvmmPKT_S2_Pmmi_l117","Pmmi_l117","void bs4<float>(unsigned long, unsigned long, const T1 *, const T1 *, unsigned long *, unsigned long, int):l117","(256, 1, 1)","(128, 1, 1)","16384 1",0.0,0.0,554.0,0.0,554.0,202837.0,8597.0,0.002731,6.4e-05,"fp16"
"3080-cuda-bspline-vgh-cuda-bspline-256-1-1-8-1-1-nan","bspline-vgh-cuda","bspline-vgh","Simulation","cuda","3080","_Z7bsplinePKflllPfS1_S1_S0_S0_S0_S0_S0_S0_S0_S0_S0_fffiiiii","bspline","bspline(const float *, long, long, long, float *, float *, float *, const float *, const float *, const float *, const float *, const float *, const float *, const float *, const float *, const float *, float, float, float, int, int, int, int, int)","(256, 1, 1)","(8, 1, 1)",NaN,1536335.0,0.0,0.0,0.0,1536335.0,526293.0,12491.0,2.919163,0.122995,"fp32"
"a10-cuda-bspline-vgh-cuda-bspline-256-1-1-8-1-1-nan","bspline-vgh-cuda","bspline-vgh","Simulation","cuda","A10","_Z7bsplinePKflllPfS1_S1_S0_S0_S0_S0_S0_S0_S0_S0_S0_fffiiiii","bspline","bspline(const float *, long, long, long, float *, float *, float *, const float *, const float *, const float *, const float *, const float *, const float *, const float *, const float *, const float *, float, float, float, int, int, int, int, int)","(256, 1, 1)","(8, 1, 1)",NaN,1536234.0,0.0,0.0,0.0,1536234.0,635093.0,20213.0,2.418912,0.076002,"fp32"
"a100-cuda-bspline-vgh-cuda-bspline-256-1-1-8-1-1-nan","bspline-vgh-cuda","bspline-vgh","Simulation","cuda","A100","_Z7bsplinePKflllPfS1_S1_S0_S0_S0_S0_S0_S0_S0_S0_S0_fffiiiii","bspline","bspline(const float *, long, long, long, float *, float *, float *, const float *, const float *, const float *, const float *, const float *, const float *, const float *, const float *, const float *, float, float, float, int, int, int, int, int)","(256, 1, 1)","(8, 1, 1)",NaN,1536278.0,0.0,8011.0,0.0,1544289.0,526208.0,10400.0,2.93475,0.148489,"fp32"
"h100-cuda-bspline-vgh-cuda-bspline-256-1-1-8-1-1-nan","bspline-vgh-cuda","bspline-vgh","Simulation","cuda","H100","_Z7bsplinePKflllPfS1_S1_S0_S0_S0_S0_S0_S0_S0_S0_S0_fffiiiii","bspline","bspline(const float *, long, long, long, float *, float *, float *, const float *, const float *, const float *, const float *, const float *, const float *, const float *, const float *, const float *, float, float, float, int, int, int, int, int)","(256, 1, 1)","(8, 1, 1)",NaN,1536297.0,0.0,0.0,0.0,1536297.0,526080.0,7499.0,2.920273,0.204867,"fp32"
"3080-omp-bspline-vgh-omp-main-l245-256-1-1-8-1-1-nan","bspline-vgh-omp","bspline-vgh","Simulation","omp","3080","main_l245","main_l245","main:l245","(256, 1, 1)","(8, 1, 1)",NaN,1536288.0,0.0,0.0,0.0,1536288.0,532139.0,8331.0,2.887005,0.184406,"fp32"
"a10-omp-bspline-vgh-omp-main-l245-256-1-1-8-1-1-nan","bspline-vgh-omp","bspline-vgh","Simulation","omp","A10","main_l245","main_l245","main:l245","(256, 1, 1)","(8, 1, 1)",NaN,1536295.0,0.0,0.0,0.0,1536295.0,615766.0,13131.0,2.494933,0.116998,"fp32"
"a100-omp-bspline-vgh-omp-main-l245-256-1-1-8-1-1-nan","bspline-vgh-omp","bspline-vgh","Simulation","omp","A100","main_l245","main_l245","main:l245","(256, 1, 1)","(8, 1, 1)",NaN,1536307.0,0.0,16014.0,0.0,1552321.0,528171.0,10485.0,2.93905,0.148052,"fp32"
"h100-omp-bspline-vgh-omp-main-l245-256-1-1-8-1-1-nan","bspline-vgh-omp","bspline-vgh","Simulation","omp","H100","main_l245","main_l245","main:l245","(256, 1, 1)","(8, 1, 1)",NaN,1536300.0,0.0,16016.0,0.0,1552316.0,528043.0,8107.0,2.939753,0.191478,"fp32"
"3080-cuda-btree-cuda-init-btree-32-1-1-1-1-1-50000000-50000000","btree-cuda","btree","algorithms","cuda","3080","_ZN8GpuBTree7kernels10init_btreeI13PoolAllocatorEEvPjT_","init_btree","void GpuBTree::kernels::init_btree<PoolAllocator>(unsigned int *, T1)","(32, 1, 1)","(1, 1, 1)","50000000 50000000",0.0,0.0,0.0,0.0,0.0,2987.0,2496.0,0.0,0.0,"int-only"
"a10-cuda-btree-cuda-init-btree-32-1-1-1-1-1-50000000-50000000","btree-cuda","btree","algorithms","cuda","A10","_ZN8GpuBTree7kernels10init_btreeI13PoolAllocatorEEvPjT_","init_btree","void GpuBTree::kernels::init_btree<PoolAllocator>(unsigned int *, T1)","(32, 1, 1)","(1, 1, 1)","50000000 50000000",0.0,0.0,0.0,0.0,0.0,3413.0,4053.0,0.0,0.0,"int-only"
"a100-cuda-btree-cuda-init-btree-32-1-1-1-1-1-50000000-50000000","btree-cuda","btree","algorithms","cuda","A100","_ZN8GpuBTree7kernels10init_btreeI13PoolAllocatorEEvPjT_","init_btree","void GpuBTree::kernels::init_btree<PoolAllocator>(unsigned int *, T1)","(32, 1, 1)","(1, 1, 1)","50000000 50000000",0.0,0.0,0.0,0.0,0.0,2987.0,3339.0,0.0,0.0,"int-only"
"h100-cuda-btree-cuda-init-btree-32-1-1-1-1-1-50000000-50000000","btree-cuda","btree","algorithms","cuda","H100","_ZN8GpuBTree7kernels10init_btreeI13PoolAllocatorEEvPjT_","init_btree","void GpuBTree::kernels::init_btree<PoolAllocator>(unsigned int *, T1)","(32, 1, 1)","(1, 1, 1)","50000000 50000000",0.0,0.0,0.0,0.0,0.0,3072.0,2752.0,0.0,0.0,"int-only"
"3080-cuda-burger-cuda-core-16-16-1-512-512-1-8193-8193-100","burger-cuda","burger","Simulation","cuda","3080","_Z4corePdS_PKdS1_iidddd","core","core(double *, double *, const double *, const double *, int, int, double, double, double, double)","(16, 16, 1)","(512, 512, 1)","8193 8193 100",536595194.0,6440798486.0,0.0,0.0,6977393680.0,2170907350.0,23001920.0,3.214045,0.30334,"fp64"
"a10-cuda-burger-cuda-core-16-16-1-512-512-1-8193-8193-100","burger-cuda","burger","Simulation","cuda","A10","_Z4corePdS_PKdS1_iidddd","core","core(double *, double *, const double *, const double *, int, int, double, double, double, double)","(16, 16, 1)","(512, 512, 1)","8193 8193 100",536837233.0,6440795430.0,0.0,0.0,6977632663.0,2762262485.0,35349600.0,2.526057,0.197389,"fp64"
"a100-cuda-burger-cuda-core-16-16-1-512-512-1-8193-8193-100","burger-cuda","burger","Simulation","cuda","A100","_Z4corePdS_PKdS1_iidddd","core","core(double *, double *, const double *, const double *, int, int, double, double, double, double)","(16, 16, 1)","(512, 512, 1)","8193 8193 100",536742710.0,6373778954.0,0.0,0.0,6910521664.0,2137684608.0,2076661.0,3.232713,3.327708,"fp64"
"h100-cuda-burger-cuda-core-16-16-1-512-512-1-8193-8193-100","burger-cuda","burger","Simulation","cuda","H100","_Z4corePdS_PKdS1_iidddd","core","core(double *, double *, const double *, const double *, int, int, double, double, double, double)","(16, 16, 1)","(512, 512, 1)","8193 8193 100",536738957.0,6373790066.0,0.0,0.0,6910529023.0,2134750293.0,1127947.0,3.23716,6.126643,"fp64"
"3080-cuda-burger-cuda-update-256-1-1-262209-1-1-8193-8193-100","burger-cuda","burger","Simulation","cuda","3080","_Z6updatePdS_PKdS1_i","update","update(double *, double *, const double *, const double *, int)","(256, 1, 1)","(262209, 1, 1)","8193 8193 100",0.0,0.0,0.0,0.0,0.0,2147216426.0,3136501.0,0.0,0.0,"int-only"
"a10-cuda-burger-cuda-update-256-1-1-262209-1-1-8193-8193-100","burger-cuda","burger","Simulation","cuda","A10","_Z6updatePdS_PKdS1_i","update","update(double *, double *, const double *, const double *, int)","(256, 1, 1)","(262209, 1, 1)","8193 8193 100",0.0,0.0,0.0,0.0,0.0,2421080405.0,4396715.0,0.0,0.0,"int-only"
"a100-cuda-burger-cuda-update-256-1-1-262209-1-1-8193-8193-100","burger-cuda","burger","Simulation","cuda","A100","_Z6updatePdS_PKdS1_i","update","update(double *, double *, const double *, const double *, int)","(256, 1, 1)","(262209, 1, 1)","8193 8193 100",0.0,0.0,268500870.0,0.0,268500870.0,2132489728.0,1524469.0,0.12591,0.176127,"fp16"
"h100-cuda-burger-cuda-update-256-1-1-262209-1-1-8193-8193-100","burger-cuda","burger","Simulation","cuda","H100","_Z6updatePdS_PKdS1_i","update","update(double *, double *, const double *, const double *, int)","(256, 1, 1)","(262209, 1, 1)","8193 8193 100",0.0,0.0,0.0,0.0,0.0,2128388608.0,704448.0,0.0,0.0,"int-only"
"3080-cuda-burger-cuda-bound-h-256-1-1-33-1-1-8193-8193-100","burger-cuda","burger","Simulation","cuda","3080","_Z7bound_hPdS_ii","bound_h","bound_h(double *, double *, int, int)","(256, 1, 1)","(33, 1, 1)","8193 8193 100",0.0,0.0,0.0,0.0,0.0,7680.0,2304.0,0.0,0.0,"int-only"
"a10-cuda-burger-cuda-bound-h-256-1-1-33-1-1-8193-8193-100","burger-cuda","burger","Simulation","cuda","A10","_Z7bound_hPdS_ii","bound_h","bound_h(double *, double *, int, int)","(256, 1, 1)","(33, 1, 1)","8193 8193 100",0.0,0.0,0.0,0.0,0.0,25174.0,3605.0,0.0,0.0,"int-only"
"a100-cuda-burger-cuda-bound-h-256-1-1-33-1-1-8193-8193-100","burger-cuda","burger","Simulation","cuda","A100","_Z7bound_hPdS_ii","bound_h","bound_h(double *, double *, int, int)","(256, 1, 1)","(33, 1, 1)","8193 8193 100",0.0,0.0,65552.0,0.0,65552.0,2731.0,3200.0,24.002929,0.020485,"fp16"
"h100-cuda-burger-cuda-bound-h-256-1-1-33-1-1-8193-8193-100","burger-cuda","burger","Simulation","cuda","H100","_Z7bound_hPdS_ii","bound_h","bound_h(double *, double *, int, int)","(256, 1, 1)","(33, 1, 1)","8193 8193 100",0.0,0.0,32778.0,0.0,32778.0,3072.0,2592.0,10.669922,0.012646,"fp16"
"3080-cuda-burger-cuda-bound-v-256-1-1-33-1-1-8193-8193-100","burger-cuda","burger","Simulation","cuda","3080","_Z7bound_vPdS_ii","bound_v","bound_v(double *, double *, int, int)","(256, 1, 1)","(33, 1, 1)","8193 8193 100",0.0,0.0,0.0,0.0,0.0,1489834.0,4192.0,0.0,0.0,"int-only"
"a10-cuda-burger-cuda-bound-v-256-1-1-33-1-1-8193-8193-100","burger-cuda","burger","Simulation","cuda","A10","_Z7bound_vPdS_ii","bound_v","bound_v(double *, double *, int, int)","(256, 1, 1)","(33, 1, 1)","8193 8193 100",0.0,0.0,0.0,0.0,0.0,1525888.0,7925.0,0.0,0.0,"int-only"
"a100-cuda-burger-cuda-bound-v-256-1-1-33-1-1-8193-8193-100","burger-cuda","burger","Simulation","cuda","A100","_Z7bound_vPdS_ii","bound_v","bound_v(double *, double *, int, int)","(256, 1, 1)","(33, 1, 1)","8193 8193 100",0.0,0.0,65557.0,0.0,65557.0,65664.0,5141.0,0.99837,0.012752,"fp16"
"h100-cuda-burger-cuda-bound-v-256-1-1-33-1-1-8193-8193-100","burger-cuda","burger","Simulation","cuda","H100","_Z7bound_vPdS_ii","bound_v","bound_v(double *, double *, int, int)","(256, 1, 1)","(33, 1, 1)","8193 8193 100",0.0,0.0,32768.0,0.0,32768.0,78165.0,3829.0,0.419216,0.008558,"fp16"
"3080-omp-burger-omp-main-l101-256-1-1-33-1-1-8193-8193-100","burger-omp","burger","Simulation","omp","3080","main_l101","main_l101","main:l101","(256, 1, 1)","(33, 1, 1)","8193 8193 100",0.0,0.0,0.0,0.0,0.0,1503445.0,4533.0,0.0,0.0,"int-only"
"a10-omp-burger-omp-main-l101-256-1-1-33-1-1-8193-8193-100","burger-omp","burger","Simulation","omp","A10","main_l101","main_l101","main:l101","(256, 1, 1)","(33, 1, 1)","8193 8193 100",0.0,0.0,0.0,0.0,0.0,1569792.0,8512.0,0.0,0.0,"int-only"
"a100-omp-burger-omp-main-l101-256-1-1-33-1-1-8193-8193-100","burger-omp","burger","Simulation","omp","A100","main_l101","main_l101","main:l101","(256, 1, 1)","(33, 1, 1)","8193 8193 100",0.0,0.0,32756.0,0.0,32756.0,68310.0,6421.0,0.47952,0.005101,"fp16"
"h100-omp-burger-omp-main-l101-256-1-1-33-1-1-8193-8193-100","burger-omp","burger","Simulation","omp","H100","main_l101","main_l101","main:l101","(256, 1, 1)","(33, 1, 1)","8193 8193 100",0.0,0.0,32780.0,0.0,32780.0,72320.0,4032.0,0.453263,0.00813,"fp16"
"3080-omp-burger-omp-main-l110-256-1-1-3200-1-1-8193-8193-100","burger-omp","burger","Simulation","omp","3080","main_l110","main_l110","main:l110","(256, 1, 1)","(3200, 1, 1)","8193 8193 100",0.0,0.0,0.0,0.0,0.0,2147546368.0,3177574.0,0.0,0.0,"int-only"
"a10-omp-burger-omp-main-l110-256-1-1-3200-1-1-8193-8193-100","burger-omp","burger","Simulation","omp","A10","main_l110","main_l110","main:l110","(256, 1, 1)","(3200, 1, 1)","8193 8193 100",0.0,0.0,0.0,0.0,0.0,2417632736.0,4416256.0,0.0,0.0,"int-only"
"a100-omp-burger-omp-main-l110-256-1-1-3200-1-1-8193-8193-100","burger-omp","burger","Simulation","omp","A100","main_l110","main_l110","main:l110","(256, 1, 1)","(3200, 1, 1)","8193 8193 100",0.0,0.0,268498860.0,0.0,268498860.0,2135607578.0,1602554.0,0.125725,0.167544,"fp16"
"h100-omp-burger-omp-main-l110-256-1-1-3200-1-1-8193-8193-100","burger-omp","burger","Simulation","omp","H100","main_l110","main_l110","main:l110","(256, 1, 1)","(3200, 1, 1)","8193 8193 100",0.0,0.0,0.0,0.0,0.0,2132368026.0,823949.0,0.0,0.0,"int-only"
"3080-omp-burger-omp-main-l77-256-1-1-3200-1-1-8193-8193-100","burger-omp","burger","Simulation","omp","3080","main_l77","main_l77","main:l77","(256, 1, 1)","(3200, 1, 1)","8193 8193 100",6529750.0,2466872984.0,0.0,0.0,2473402734.0,3434067712.0,9853408.0,0.720255,0.25102,"fp64"
"a10-omp-burger-omp-main-l77-256-1-1-3200-1-1-8193-8193-100","burger-omp","burger","Simulation","omp","A10","main_l77","main_l77","main:l77","(256, 1, 1)","(3200, 1, 1)","8193 8193 100",6547112.0,2466880719.0,0.0,0.0,2473427831.0,3882294016.0,15098005.0,0.637105,0.163825,"fp64"
"a100-omp-burger-omp-main-l77-256-1-1-3200-1-1-8193-8193-100","burger-omp","burger","Simulation","omp","A100","main_l77","main_l77","main:l77","(256, 1, 1)","(3200, 1, 1)","8193 8193 100",6551934.0,2466930455.0,268368804.0,0.0,2741851193.0,2527323072.0,2159024.0,1.084884,1.269949,"fp64"
"h100-omp-burger-omp-main-l77-256-1-1-3200-1-1-8193-8193-100","burger-omp","burger","Simulation","omp","H100","main_l77","main_l77","main:l77","(256, 1, 1)","(3200, 1, 1)","8193 8193 100",6553212.0,2466942436.0,268376204.0,0.0,2741871852.0,2347323264.0,1480144.0,1.168084,1.852436,"fp64"
"3080-omp-burger-omp-main-l93-256-1-1-33-1-1-8193-8193-100","burger-omp","burger","Simulation","omp","3080","main_l93","main_l93","main:l93","(256, 1, 1)","(33, 1, 1)","8193 8193 100",0.0,0.0,0.0,0.0,0.0,12160.0,2560.0,0.0,0.0,"int-only"
"a10-omp-burger-omp-main-l93-256-1-1-33-1-1-8193-8193-100","burger-omp","burger","Simulation","omp","A10","main_l93","main_l93","main:l93","(256, 1, 1)","(33, 1, 1)","8193 8193 100",0.0,0.0,0.0,0.0,0.0,21952.0,4096.0,0.0,0.0,"int-only"
"a100-omp-burger-omp-main-l93-256-1-1-33-1-1-8193-8193-100","burger-omp","burger","Simulation","omp","A100","main_l93","main_l93","main:l93","(256, 1, 1)","(33, 1, 1)","8193 8193 100",0.0,0.0,32782.0,0.0,32782.0,3712.0,3408.0,8.831358,0.009619,"fp16"
"h100-omp-burger-omp-main-l93-256-1-1-33-1-1-8193-8193-100","burger-omp","burger","Simulation","omp","H100","main_l93","main_l93","main:l93","(256, 1, 1)","(33, 1, 1)","8193 8193 100",0.0,0.0,32771.0,0.0,32771.0,4011.0,2891.0,8.170282,0.011336,"fp16"
"3080-cuda-bwt-cuda-generate-table-256-1-1-65536-1-1-10000000","bwt-cuda","bwt","Data compression and reduction","cuda","3080","_Z14generate_tablePiii","generate_table","generate_table(int *, int, int)","(256, 1, 1)","(65536, 1, 1)","10000000",0.0,0.0,0.0,0.0,0.0,66182358.0,95381.0,0.0,0.0,"int-only"
"a10-cuda-bwt-cuda-generate-table-256-1-1-65536-1-1-10000000","bwt-cuda","bwt","Data compression and reduction","cuda","A10","_Z14generate_tablePiii","generate_table","generate_table(int *, int, int)","(256, 1, 1)","(65536, 1, 1)","10000000",0.0,0.0,0.0,0.0,0.0,76221355.0,140427.0,0.0,0.0,"int-only"
"a100-cuda-bwt-cuda-generate-table-256-1-1-65536-1-1-10000000","bwt-cuda","bwt","Data compression and reduction","cuda","A100","_Z14generate_tablePiii","generate_table","generate_table(int *, int, int)","(256, 1, 1)","(65536, 1, 1)","10000000",0.0,0.0,67109003.0,0.0,67109003.0,49466624.0,72651.0,1.356652,0.923718,"fp16"
"h100-cuda-bwt-cuda-generate-table-256-1-1-65536-1-1-10000000","bwt-cuda","bwt","Data compression and reduction","cuda","H100","_Z14generate_tablePiii","generate_table","generate_table(int *, int, int)","(256, 1, 1)","(65536, 1, 1)","10000000",0.0,0.0,0.0,0.0,0.0,44583509.0,42048.0,0.0,0.0,"int-only"
"3080-cuda-bwt-cuda-bitonic-sort-step-256-1-1-65536-1-1-10000000","bwt-cuda","bwt","Data compression and reduction","cuda","3080","_Z17bitonic_sort_stepPiiiiPKci","bitonic_sort_step","bitonic_sort_step(int *, int, int, int, const char *, int)","(256, 1, 1)","(65536, 1, 1)","10000000",0.0,0.0,0.0,0.0,0.0,118895573.0,306005.0,0.0,0.0,"int-only"
"a10-cuda-bwt-cuda-bitonic-sort-step-256-1-1-65536-1-1-10000000","bwt-cuda","bwt","Data compression and reduction","cuda","A10","_Z17bitonic_sort_stepPiiiiPKci","bitonic_sort_step","bitonic_sort_step(int *, int, int, int, const char *, int)","(256, 1, 1)","(65536, 1, 1)","10000000",0.0,0.0,0.0,0.0,0.0,139706112.0,458645.0,0.0,0.0,"int-only"
"a100-cuda-bwt-cuda-bitonic-sort-step-256-1-1-65536-1-1-10000000","bwt-cuda","bwt","Data compression and reduction","cuda","A100","_Z17bitonic_sort_stepPiiiiPKci","bitonic_sort_step","bitonic_sort_step(int *, int, int, int, const char *, int)","(256, 1, 1)","(65536, 1, 1)","10000000",0.0,0.0,19999906.0,0.0,19999906.0,115518379.0,229643.0,0.173132,0.087091,"fp16"
"h100-cuda-bwt-cuda-bitonic-sort-step-256-1-1-65536-1-1-10000000","bwt-cuda","bwt","Data compression and reduction","cuda","H100","_Z17bitonic_sort_stepPiiiiPKci","bitonic_sort_step","bitonic_sort_step(int *, int, int, int, const char *, int)","(256, 1, 1)","(65536, 1, 1)","10000000",0.0,0.0,19999691.0,0.0,19999691.0,111731968.0,128245.0,0.178997,0.155949,"fp16"
"3080-cuda-bwt-cuda-reconstruct-sequence-256-1-1-39063-1-1-10000000","bwt-cuda","bwt","Data compression and reduction","cuda","3080","_Z20reconstruct_sequencePKiPKcPci","reconstruct_sequence","reconstruct_sequence(const int *, const char *, char *, int)","(256, 1, 1)","(39063, 1, 1)","10000000",0.0,0.0,0.0,0.0,0.0,311584512.0,781696.0,0.0,0.0,"int-only"
"a10-cuda-bwt-cuda-reconstruct-sequence-256-1-1-39063-1-1-10000000","bwt-cuda","bwt","Data compression and reduction","cuda","A10","_Z20reconstruct_sequencePKiPKcPci","reconstruct_sequence","reconstruct_sequence(const int *, const char *, char *, int)","(256, 1, 1)","(39063, 1, 1)","10000000",0.0,0.0,0.0,0.0,0.0,489899904.0,890880.0,0.0,0.0,"int-only"
"a100-cuda-bwt-cuda-reconstruct-sequence-256-1-1-39063-1-1-10000000","bwt-cuda","bwt","Data compression and reduction","cuda","A100","_Z20reconstruct_sequencePKiPKcPci","reconstruct_sequence","reconstruct_sequence(const int *, const char *, char *, int)","(256, 1, 1)","(39063, 1, 1)","10000000",0.0,0.0,0.0,0.0,0.0,59739392.0,150933.0,0.0,0.0,"int-only"
"h100-cuda-bwt-cuda-reconstruct-sequence-256-1-1-39063-1-1-10000000","bwt-cuda","bwt","Data compression and reduction","cuda","H100","_Z20reconstruct_sequencePKiPKcPci","reconstruct_sequence","reconstruct_sequence(const int *, const char *, char *, int)","(256, 1, 1)","(39063, 1, 1)","10000000",0.0,0.0,0.0,0.0,0.0,58366806.0,85440.0,0.0,0.0,"int-only"
"3080-omp-bwt-omp-tablepiii-l9-256-1-1-3200-1-1-10000000","bwt-omp","bwt","Data compression and reduction","omp","3080","_Z14generate_tablePiii_l9","tablePiii_l9","generate_table(int *, int, int):l9","(256, 1, 1)","(3200, 1, 1)","10000000",0.0,0.0,0.0,0.0,0.0,66164054.0,97376.0,0.0,0.0,"int-only"
"a10-omp-bwt-omp-tablepiii-l9-256-1-1-3200-1-1-10000000","bwt-omp","bwt","Data compression and reduction","omp","A10","_Z14generate_tablePiii_l9","tablePiii_l9","generate_table(int *, int, int):l9","(256, 1, 1)","(3200, 1, 1)","10000000",0.0,0.0,0.0,0.0,0.0,75959850.0,140245.0,0.0,0.0,"int-only"
"a100-omp-bwt-omp-tablepiii-l9-256-1-1-3200-1-1-10000000","bwt-omp","bwt","Data compression and reduction","omp","A100","_Z14generate_tablePiii_l9","tablePiii_l9","generate_table(int *, int, int):l9","(256, 1, 1)","(3200, 1, 1)","10000000",0.0,0.0,0.0,0.0,0.0,49330987.0,66763.0,0.0,0.0,"int-only"
"h100-omp-bwt-omp-tablepiii-l9-256-1-1-3200-1-1-10000000","bwt-omp","bwt","Data compression and reduction","omp","H100","_Z14generate_tablePiii_l9","tablePiii_l9","generate_table(int *, int, int):l9","(256, 1, 1)","(3200, 1, 1)","10000000",0.0,0.0,0.0,0.0,0.0,44410794.0,42528.0,0.0,0.0,"int-only"
"3080-omp-bwt-omp-steppiiiipkci-l27-256-1-1-3200-1-1-10000000","bwt-omp","bwt","Data compression and reduction","omp","3080","_Z17bitonic_sort_stepPiiiiPKci_l27","stepPiiiiPKci_l27","bitonic_sort_step(int *, int, int, int, const char *, int):l27","(256, 1, 1)","(3200, 1, 1)","10000000",0.0,0.0,0.0,0.0,0.0,115241856.0,277237.0,0.0,0.0,"int-only"
"a10-omp-bwt-omp-steppiiiipkci-l27-256-1-1-3200-1-1-10000000","bwt-omp","bwt","Data compression and reduction","omp","A10","_Z17bitonic_sort_stepPiiiiPKci_l27","stepPiiiiPKci_l27","bitonic_sort_step(int *, int, int, int, const char *, int):l27","(256, 1, 1)","(3200, 1, 1)","10000000",0.0,0.0,0.0,0.0,0.0,133909504.0,414187.0,0.0,0.0,"int-only"
"a100-omp-bwt-omp-steppiiiipkci-l27-256-1-1-3200-1-1-10000000","bwt-omp","bwt","Data compression and reduction","omp","A100","_Z17bitonic_sort_stepPiiiiPKci_l27","stepPiiiiPKci_l27","bitonic_sort_step(int *, int, int, int, const char *, int):l27","(256, 1, 1)","(3200, 1, 1)","10000000",0.0,0.0,67109892.0,0.0,67109892.0,105146368.0,213045.0,0.638252,0.315003,"fp16"
"h100-omp-bwt-omp-steppiiiipkci-l27-256-1-1-3200-1-1-10000000","bwt-omp","bwt","Data compression and reduction","omp","H100","_Z17bitonic_sort_stepPiiiiPKci_l27","stepPiiiiPKci_l27","bitonic_sort_step(int *, int, int, int, const char *, int):l27","(256, 1, 1)","(3200, 1, 1)","10000000",0.0,0.0,20000119.0,0.0,20000119.0,102350933.0,132715.0,0.195407,0.1507,"fp16"
"3080-cuda-car-cuda-car-256-1-1-460800-1-1-100","car-cuda","car","Computer vision and image processing","cuda","3080","_Z3carPKfS0_S0_S0_Pf6paramsiim","car","car(const float *, const float *, const float *, const float *, float *, params, int, int, unsigned long)","(256, 1, 1)","(460800, 1, 1)","100",29373134836.0,0.0,0.0,0.0,29373134836.0,15660070229.0,22240896.0,1.875671,1.320681,"fp32"
"a10-cuda-car-cuda-car-256-1-1-460800-1-1-100","car-cuda","car","Computer vision and image processing","cuda","A10","_Z3carPKfS0_S0_S0_Pf6paramsiim","car","car(const float *, const float *, const float *, const float *, float *, params, int, int, unsigned long)","(256, 1, 1)","(460800, 1, 1)","100",29373227680.0,0.0,0.0,0.0,29373227680.0,17654238336.0,30839819.0,1.663806,0.952445,"fp32"
"a100-cuda-car-cuda-car-256-1-1-460800-1-1-100","car-cuda","car","Computer vision and image processing","cuda","A100","_Z3carPKfS0_S0_S0_Pf6paramsiim","car","car(const float *, const float *, const float *, const float *, float *, params, int, int, unsigned long)","(256, 1, 1)","(460800, 1, 1)","100",29373232616.0,0.0,4718567085.0,0.0,34091799701.0,14732143872.0,14136117.0,2.31411,2.411681,"fp32"
"h100-cuda-car-cuda-car-256-1-1-460800-1-1-100","car-cuda","car","Computer vision and image processing","cuda","H100","_Z3carPKfS0_S0_S0_Pf6paramsiim","car","car(const float *, const float *, const float *, const float *, float *, params, int, int, unsigned long)","(256, 1, 1)","(460800, 1, 1)","100",29373218345.0,0.0,1887432394.0,0.0,31260650739.0,10822175658.0,6178219.0,2.888574,5.059816,"fp32"
"3080-omp-car-omp-pf6paramsiim-l35-256-1-1-3200-1-1-100","car-omp","car","Computer vision and image processing","omp","3080","_Z3carPKfS0_S0_S0_Pf6paramsiim_l35","Pf6paramsiim_l35","car(const float *, const float *, const float *, const float *, float *, params, int, int, unsigned long):l35","(256, 1, 1)","(3200, 1, 1)","100",29844986601.0,0.0,0.0,0.0,29844986601.0,15757283669.0,23547925.0,1.894044,1.267415,"fp32"
"a10-omp-car-omp-pf6paramsiim-l35-256-1-1-3200-1-1-100","car-omp","car","Computer vision and image processing","omp","A10","_Z3carPKfS0_S0_S0_Pf6paramsiim_l35","Pf6paramsiim_l35","car(const float *, const float *, const float *, const float *, float *, params, int, int, unsigned long):l35","(256, 1, 1)","(3200, 1, 1)","100",29845225641.0,0.0,0.0,0.0,29845225641.0,17657453099.0,32878229.0,1.690234,0.90775,"fp32"
"a100-omp-car-omp-pf6paramsiim-l35-256-1-1-3200-1-1-100","car-omp","car","Computer vision and image processing","omp","A100","_Z3carPKfS0_S0_S0_Pf6paramsiim_l35","Pf6paramsiim_l35","car(const float *, const float *, const float *, const float *, float *, params, int, int, unsigned long):l35","(256, 1, 1)","(3200, 1, 1)","100",29844979893.0,0.0,6134191756.0,0.0,35979171649.0,14924504406.0,18064779.0,2.410745,1.991675,"fp32"
"h100-omp-car-omp-pf6paramsiim-l35-256-1-1-3200-1-1-100","car-omp","car","Computer vision and image processing","omp","H100","_Z3carPKfS0_S0_S0_Pf6paramsiim_l35","Pf6paramsiim_l35","car(const float *, const float *, const float *, const float *, float *, params, int, int, unsigned long):l35","(256, 1, 1)","(3200, 1, 1)","100",29845092302.0,0.0,1887428834.0,0.0,31732521136.0,14845009152.0,10340981.0,2.137589,3.068618,"fp32"
"3080-cuda-cbsfil-cuda-tocoef2dx-16-1-1-625-1-1-10000-10000-5","cbsfil-cuda","cbsfil","Computer vision and image processing","cuda","3080","_Z9toCoef2DXPfjjj","toCoef2DX","toCoef2DX(float *, unsigned int, unsigned int, unsigned int)","(16, 1, 1)","(625, 1, 1)","10000 10000 5",500294694.0,0.0,0.0,0.0,500294694.0,1635069910.0,14000437.0,0.305978,0.035734,"fp32"
"a10-cuda-cbsfil-cuda-tocoef2dx-16-1-1-625-1-1-10000-10000-5","cbsfil-cuda","cbsfil","Computer vision and image processing","cuda","A10","_Z9toCoef2DXPfjjj","toCoef2DX","toCoef2DX(float *, unsigned int, unsigned int, unsigned int)","(16, 1, 1)","(625, 1, 1)","10000 10000 5",500324597.0,0.0,0.0,0.0,500324597.0,2610603776.0,17701792.0,0.191651,0.028264,"fp32"
"a100-cuda-cbsfil-cuda-tocoef2dx-16-1-1-625-1-1-10000-10000-5","cbsfil-cuda","cbsfil","Computer vision and image processing","cuda","A100","_Z9toCoef2DXPfjjj","toCoef2DX","toCoef2DX(float *, unsigned int, unsigned int, unsigned int)","(16, 1, 1)","(625, 1, 1)","10000 10000 5",500373545.0,0.0,96966.0,0.0,500470511.0,1560298795.0,8838155.0,0.320753,0.056626,"fp32"
"h100-cuda-cbsfil-cuda-tocoef2dx-16-1-1-625-1-1-10000-10000-5","cbsfil-cuda","cbsfil","Computer vision and image processing","cuda","H100","_Z9toCoef2DXPfjjj","toCoef2DX","toCoef2DX(float *, unsigned int, unsigned int, unsigned int)","(16, 1, 1)","(625, 1, 1)","10000 10000 5",500314712.0,0.0,91329.0,0.0,500406041.0,1548353109.0,2869504.0,0.323186,0.174388,"fp32"
"3080-cuda-cbsfil-cuda-tocoef2dy-16-1-1-625-1-1-10000-10000-5","cbsfil-cuda","cbsfil","Computer vision and image processing","cuda","3080","_Z9toCoef2DYPfjjj","toCoef2DY","toCoef2DY(float *, unsigned int, unsigned int, unsigned int)","(16, 1, 1)","(625, 1, 1)","10000 10000 5",500322373.0,0.0,0.0,0.0,500322373.0,1594676949.0,7892821.0,0.313745,0.06339,"fp32"
"a10-cuda-cbsfil-cuda-tocoef2dy-16-1-1-625-1-1-10000-10000-5","cbsfil-cuda","cbsfil","Computer vision and image processing","cuda","A10","_Z9toCoef2DYPfjjj","toCoef2DY","toCoef2DY(float *, unsigned int, unsigned int, unsigned int)","(16, 1, 1)","(625, 1, 1)","10000 10000 5",500265015.0,0.0,0.0,0.0,500265015.0,2271484630.0,11644725.0,0.220237,0.042961,"fp32"
"a100-cuda-cbsfil-cuda-tocoef2dy-16-1-1-625-1-1-10000-10000-5","cbsfil-cuda","cbsfil","Computer vision and image processing","cuda","A100","_Z9toCoef2DYPfjjj","toCoef2DY","toCoef2DY(float *, unsigned int, unsigned int, unsigned int)","(16, 1, 1)","(625, 1, 1)","10000 10000 5",500330275.0,0.0,127951.0,0.0,500458226.0,1550786987.0,11670656.0,0.322712,0.042882,"fp32"
"h100-cuda-cbsfil-cuda-tocoef2dy-16-1-1-625-1-1-10000-10000-5","cbsfil-cuda","cbsfil","Computer vision and image processing","cuda","H100","_Z9toCoef2DYPfjjj","toCoef2DY","toCoef2DY(float *, unsigned int, unsigned int, unsigned int)","(16, 1, 1)","(625, 1, 1)","10000 10000 5",500367422.0,0.0,0.0,0.0,500367422.0,1530792618.0,7707808.0,0.326868,0.064917,"fp32"
"3080-omp-cbsfil-omp-z9tocoef2dxpfjjjj-l77-16-1-1-625-1-1-10000-10000-5","cbsfil-omp","cbsfil","Computer vision and image processing","omp","3080","_Z9toCoef2DXPfjjjj_l77","Z9toCoef2DXPfjjjj_l77","toCoef2DX(float *, unsigned int, unsigned int, unsigned int, unsigned int):l77","(16, 1, 1)","(625, 1, 1)","10000 10000 5",500584599.0,0.0,0.0,0.0,500584599.0,1657070635.0,16252341.0,0.30209,0.030801,"fp32"
"a10-omp-cbsfil-omp-z9tocoef2dxpfjjjj-l77-16-1-1-625-1-1-10000-10000-5","cbsfil-omp","cbsfil","Computer vision and image processing","omp","A10","_Z9toCoef2DXPfjjjj_l77","Z9toCoef2DXPfjjjj_l77","toCoef2DX(float *, unsigned int, unsigned int, unsigned int, unsigned int):l77","(16, 1, 1)","(625, 1, 1)","10000 10000 5",500515913.0,0.0,0.0,0.0,500515913.0,2649090965.0,19554571.0,0.188939,0.025596,"fp32"
"a100-omp-cbsfil-omp-z9tocoef2dxpfjjjj-l77-16-1-1-625-1-1-10000-10000-5","cbsfil-omp","cbsfil","Computer vision and image processing","omp","A100","_Z9toCoef2DXPfjjjj_l77","Z9toCoef2DXPfjjjj_l77","toCoef2DX(float *, unsigned int, unsigned int, unsigned int, unsigned int):l77","(16, 1, 1)","(625, 1, 1)","10000 10000 5",500536599.0,0.0,124450.0,0.0,500661049.0,1559012992.0,11352123.0,0.32114,0.044103,"fp32"
"h100-omp-cbsfil-omp-z9tocoef2dxpfjjjj-l77-16-1-1-625-1-1-10000-10000-5","cbsfil-omp","cbsfil","Computer vision and image processing","omp","H100","_Z9toCoef2DXPfjjjj_l77","Z9toCoef2DXPfjjjj_l77","toCoef2DX(float *, unsigned int, unsigned int, unsigned int, unsigned int):l77","(16, 1, 1)","(625, 1, 1)","10000 10000 5",500523994.0,0.0,0.0,0.0,500523994.0,1544612053.0,9936517.0,0.324045,0.050372,"fp32"
"3080-cuda-ccsd-trpdrv-cuda-ccsd-kernel-16-16-1-13-13-1-200-200","ccsd-trpdrv-cuda","ccsd-trpdrv","Simulation","cuda","3080","_Z11ccsd_kernelPKdS0_S0_S0_S0_S0_S0_S0_S0_S0_S0_S0_S0_S0_S0_dPdS1_S1_S1_iii","ccsd_kernel","ccsd_kernel(const double *, const double *, const double *, const double *, const double *, const double *, const double *, const double *, const double *, const double *, const double *, const double *, const double *, const double *, const double *, double, double *, double *, double *, double *, int, int, int)","(16, 16, 1)","(13, 13, 1)","200 200",0.0,5710439.0,0.0,0.0,5710439.0,2816085.0,44832.0,2.027794,0.127374,"fp64"
"a10-cuda-ccsd-trpdrv-cuda-ccsd-kernel-16-16-1-13-13-1-200-200","ccsd-trpdrv-cuda","ccsd-trpdrv","Simulation","cuda","A10","_Z11ccsd_kernelPKdS0_S0_S0_S0_S0_S0_S0_S0_S0_S0_S0_S0_S0_S0_dPdS1_S1_S1_iii","ccsd_kernel","ccsd_kernel(const double *, const double *, const double *, const double *, const double *, const double *, const double *, const double *, const double *, const double *, const double *, const double *, const double *, const double *, const double *, double, double *, double *, double *, double *, int, int, int)","(16, 16, 1)","(13, 13, 1)","200 200",0.0,5710459.0,0.0,0.0,5710459.0,3507498.0,73227.0,1.628072,0.077983,"fp64"
"a100-cuda-ccsd-trpdrv-cuda-ccsd-kernel-16-16-1-13-13-1-200-200","ccsd-trpdrv-cuda","ccsd-trpdrv","Simulation","cuda","A100","_Z11ccsd_kernelPKdS0_S0_S0_S0_S0_S0_S0_S0_S0_S0_S0_S0_S0_S0_dPdS1_S1_S1_iii","ccsd_kernel","ccsd_kernel(const double *, const double *, const double *, const double *, const double *, const double *, const double *, const double *, const double *, const double *, const double *, const double *, const double *, const double *, const double *, double, double *, double *, double *, double *, int, int, int)","(16, 16, 1)","(13, 13, 1)","200 200",0.0,5709987.0,0.0,0.0,5709987.0,2582059.0,11819.0,2.211408,0.483119,"fp64"
"h100-cuda-ccsd-trpdrv-cuda-ccsd-kernel-16-16-1-13-13-1-200-200","ccsd-trpdrv-cuda","ccsd-trpdrv","Simulation","cuda","H100","_Z11ccsd_kernelPKdS0_S0_S0_S0_S0_S0_S0_S0_S0_S0_S0_S0_S0_S0_dPdS1_S1_S1_iii","ccsd_kernel","ccsd_kernel(const double *, const double *, const double *, const double *, const double *, const double *, const double *, const double *, const double *, const double *, const double *, const double *, const double *, const double *, const double *, double, double *, double *, double *, double *, int, int, int)","(16, 16, 1)","(13, 13, 1)","200 200",0.0,5710014.0,0.0,0.0,5710014.0,2582528.0,7957.0,2.211017,0.717609,"fp64"
"3080-omp-ccsd-trpdrv-omp-iii-l43-256-1-1-157-1-1-200-200","ccsd-trpdrv-omp","ccsd-trpdrv","Simulation","omp","3080","_Z14ccsd_tengy_gpuPKdS0_S0_S0_S0_S0_S0_S0_S0_S0_S0_S0_S0_S0_S0_dPdS1_S1_S1_iii_l43","iii_l43","ccsd_tengy_gpu(const double *, const double *, const double *, const double *, const double *, const double *, const double *, const double *, const double *, const double *, const double *, const double *, const double *, const double *, const double *, double, double *, double *, double *, double *, int, int, int):l43","(256, 1, 1)","(157, 1, 1)","200 200",0.0,5865586.0,0.0,0.0,5865586.0,2860202.0,62080.0,2.050759,0.094484,"fp64"
"a10-omp-ccsd-trpdrv-omp-iii-l43-256-1-1-157-1-1-200-200","ccsd-trpdrv-omp","ccsd-trpdrv","Simulation","omp","A10","_Z14ccsd_tengy_gpuPKdS0_S0_S0_S0_S0_S0_S0_S0_S0_S0_S0_S0_S0_S0_dPdS1_S1_S1_iii_l43","iii_l43","ccsd_tengy_gpu(const double *, const double *, const double *, const double *, const double *, const double *, const double *, const double *, const double *, const double *, const double *, const double *, const double *, const double *, const double *, double, double *, double *, double *, double *, int, int, int):l43","(256, 1, 1)","(157, 1, 1)","200 200",0.0,5865655.0,0.0,0.0,5865655.0,3809579.0,101888.0,1.539712,0.05757,"fp64"
"a100-omp-ccsd-trpdrv-omp-iii-l43-256-1-1-157-1-1-200-200","ccsd-trpdrv-omp","ccsd-trpdrv","Simulation","omp","A100","_Z14ccsd_tengy_gpuPKdS0_S0_S0_S0_S0_S0_S0_S0_S0_S0_S0_S0_S0_S0_dPdS1_S1_S1_iii_l43","iii_l43","ccsd_tengy_gpu(const double *, const double *, const double *, const double *, const double *, const double *, const double *, const double *, const double *, const double *, const double *, const double *, const double *, const double *, const double *, double, double *, double *, double *, double *, int, int, int):l43","(256, 1, 1)","(157, 1, 1)","200 200",0.0,5865337.0,319991.0,0.0,6185328.0,2594005.0,37835.0,2.38447,0.163482,"fp64"
"h100-omp-ccsd-trpdrv-omp-iii-l43-256-1-1-157-1-1-200-200","ccsd-trpdrv-omp","ccsd-trpdrv","Simulation","omp","H100","_Z14ccsd_tengy_gpuPKdS0_S0_S0_S0_S0_S0_S0_S0_S0_S0_S0_S0_S0_S0_dPdS1_S1_S1_iii_l43","iii_l43","ccsd_tengy_gpu(const double *, const double *, const double *, const double *, const double *, const double *, const double *, const double *, const double *, const double *, const double *, const double *, const double *, const double *, const double *, double, double *, double *, double *, double *, int, int, int):l43","(256, 1, 1)","(157, 1, 1)","200 200",0.0,5865089.0,677.0,0.0,5865766.0,2592768.0,26037.0,2.262357,0.225286,"fp64"
"3080-cuda-ced-cuda-hyst-kernel-16-16-1-39-22-1-a-0","ced-cuda","ced","Computer vision and image processing","cuda","3080","_Z11hyst_kernelPKhPhii","hyst_kernel","hyst_kernel(const unsigned char *, unsigned char *, int, int)","(16, 16, 1)","(39, 22, 1)","-a 0",0.0,0.0,0.0,0.0,0.0,286848.0,4277.0,0.0,0.0,"int-only"
"a10-cuda-ced-cuda-hyst-kernel-16-16-1-39-22-1-a-0","ced-cuda","ced","Computer vision and image processing","cuda","A10","_Z11hyst_kernelPKhPhii","hyst_kernel","hyst_kernel(const unsigned char *, unsigned char *, int, int)","(16, 16, 1)","(39, 22, 1)","-a 0",0.0,0.0,0.0,0.0,0.0,267606.0,6208.0,0.0,0.0,"int-only"
"a100-cuda-ced-cuda-hyst-kernel-16-16-1-39-22-1-a-0","ced-cuda","ced","Computer vision and image processing","cuda","A100","_Z11hyst_kernelPKhPhii","hyst_kernel","hyst_kernel(const unsigned char *, unsigned char *, int, int)","(16, 16, 1)","(39, 22, 1)","-a 0",0.0,0.0,5121.0,0.0,5121.0,223403.0,4704.0,0.022923,0.001089,"fp16"
"h100-cuda-ced-cuda-hyst-kernel-16-16-1-39-22-1-a-0","ced-cuda","ced","Computer vision and image processing","cuda","H100","_Z11hyst_kernelPKhPhii","hyst_kernel","hyst_kernel(const unsigned char *, unsigned char *, int, int)","(16, 16, 1)","(39, 22, 1)","-a 0",0.0,0.0,5112.0,0.0,5112.0,223403.0,3467.0,0.022882,0.001474,"fp16"
"3080-cuda-ced-cuda-sobel-kernel-16-16-1-39-22-1-a-0","ced-cuda","ced","Computer vision and image processing","cuda","3080","_Z12sobel_kernelPKhPhS1_ii","sobel_kernel","sobel_kernel(const unsigned char *, unsigned char *, unsigned char *, int, int)","(16, 16, 1)","(39, 22, 1)","-a 0",12013874.0,0.0,0.0,0.0,12013874.0,334166.0,9856.0,35.951814,1.21894,"fp32"
"a10-cuda-ced-cuda-sobel-kernel-16-16-1-39-22-1-a-0","ced-cuda","ced","Computer vision and image processing","cuda","A10","_Z12sobel_kernelPKhPhS1_ii","sobel_kernel","sobel_kernel(const unsigned char *, unsigned char *, unsigned char *, int, int)","(16, 16, 1)","(39, 22, 1)","-a 0",12013852.0,0.0,0.0,0.0,12013852.0,343083.0,15008.0,35.017334,0.800497,"fp32"
"a100-cuda-ced-cuda-sobel-kernel-16-16-1-39-22-1-a-0","ced-cuda","ced","Computer vision and image processing","cuda","A100","_Z12sobel_kernelPKhPhS1_ii","sobel_kernel","sobel_kernel(const unsigned char *, unsigned char *, unsigned char *, int, int)","(16, 16, 1)","(39, 22, 1)","-a 0",12013867.0,0.0,1163304.0,0.0,13177171.0,233942.0,9632.0,56.326658,1.368062,"fp32"
"h100-cuda-ced-cuda-sobel-kernel-16-16-1-39-22-1-a-0","ced-cuda","ced","Computer vision and image processing","cuda","H100","_Z12sobel_kernelPKhPhS1_ii","sobel_kernel","sobel_kernel(const unsigned char *, unsigned char *, unsigned char *, int, int)","(16, 16, 1)","(39, 22, 1)","-a 0",12013900.0,0.0,1163333.0,0.0,13177233.0,234240.0,6496.0,56.255264,2.028515,"fp32"
"3080-cuda-ced-cuda-gaussian-kernel-16-16-1-39-22-1-a-0","ced-cuda","ced","Computer vision and image processing","cuda","3080","_Z15gaussian_kernelPKhPhii","gaussian_kernel","gaussian_kernel(const unsigned char *, unsigned char *, int, int)","(16, 16, 1)","(39, 22, 1)","-a 0",3953676.0,0.0,0.0,0.0,3953676.0,348886.0,6848.0,11.332286,0.577348,"fp32"
"a10-cuda-ced-cuda-gaussian-kernel-16-16-1-39-22-1-a-0","ced-cuda","ced","Computer vision and image processing","cuda","A10","_Z15gaussian_kernelPKhPhii","gaussian_kernel","gaussian_kernel(const unsigned char *, unsigned char *, int, int)","(16, 16, 1)","(39, 22, 1)","-a 0",3953673.0,0.0,0.0,0.0,3953673.0,283904.0,9696.0,13.926091,0.407763,"fp32"
"a100-cuda-ced-cuda-gaussian-kernel-16-16-1-39-22-1-a-0","ced-cuda","ced","Computer vision and image processing","cuda","A100","_Z15gaussian_kernelPKhPhii","gaussian_kernel","gaussian_kernel(const unsigned char *, unsigned char *, int, int)","(16, 16, 1)","(39, 22, 1)","-a 0",3953650.0,0.0,878611.0,0.0,4832261.0,226688.0,8064.0,21.316792,0.599239,"fp32"
"h100-cuda-ced-cuda-gaussian-kernel-16-16-1-39-22-1-a-0","ced-cuda","ced","Computer vision and image processing","cuda","H100","_Z15gaussian_kernelPKhPhii","gaussian_kernel","gaussian_kernel(const unsigned char *, unsigned char *, int, int)","(16, 16, 1)","(39, 22, 1)","-a 0",3953646.0,0.0,0.0,0.0,3953646.0,226901.0,4757.0,17.424542,0.831122,"fp32"
"3080-cuda-ced-cuda-non-max-supp-kernel-16-16-1-39-22-1-a-0","ced-cuda","ced","Computer vision and image processing","cuda","3080","_Z19non_max_supp_kernelPKhPhS0_ii","non_max_supp_kernel","non_max_supp_kernel(const unsigned char *, unsigned char *, const unsigned char *, int, int)","(16, 16, 1)","(39, 22, 1)","-a 0",0.0,0.0,0.0,0.0,0.0,571776.0,7296.0,0.0,0.0,"int-only"
"a10-cuda-ced-cuda-non-max-supp-kernel-16-16-1-39-22-1-a-0","ced-cuda","ced","Computer vision and image processing","cuda","A10","_Z19non_max_supp_kernelPKhPhS0_ii","non_max_supp_kernel","non_max_supp_kernel(const unsigned char *, unsigned char *, const unsigned char *, int, int)","(16, 16, 1)","(39, 22, 1)","-a 0",0.0,0.0,0.0,0.0,0.0,566571.0,10176.0,0.0,0.0,"int-only"
"a100-cuda-ced-cuda-non-max-supp-kernel-16-16-1-39-22-1-a-0","ced-cuda","ced","Computer vision and image processing","cuda","A100","_Z19non_max_supp_kernelPKhPhS0_ii","non_max_supp_kernel","non_max_supp_kernel(const unsigned char *, unsigned char *, const unsigned char *, int, int)","(16, 16, 1)","(39, 22, 1)","-a 0",0.0,0.0,878591.0,0.0,878591.0,447787.0,6389.0,1.962073,0.137516,"fp16"
"h100-cuda-ced-cuda-non-max-supp-kernel-16-16-1-39-22-1-a-0","ced-cuda","ced","Computer vision and image processing","cuda","H100","_Z19non_max_supp_kernelPKhPhS0_ii","non_max_supp_kernel","non_max_supp_kernel(const unsigned char *, unsigned char *, const unsigned char *, int, int)","(16, 16, 1)","(39, 22, 1)","-a 0",0.0,0.0,0.0,0.0,0.0,447403.0,4757.0,0.0,0.0,"int-only"
"3080-cuda-cfd-cuda-compute-flux-192-1-1-506-1-1-data-cfd-fvcorr-domn-097k","cfd-cuda","cfd","algorithms","cuda","3080","_Z12compute_fluxiPiPfS0_S0_S0_P6Float3S2_S2_S2_","compute_flux","compute_flux(int, int *, float *, float *, float *, float *, Float3 *, Float3 *, Float3 *, Float3 *)","(192, 1, 1)","(506, 1, 1)","../data/cfd/fvcorr.domn.097K",64675578.0,0.0,0.0,0.0,64675578.0,10235904.0,27531.0,6.318502,2.349191,"fp32"
"a10-cuda-cfd-cuda-compute-flux-192-1-1-506-1-1-data-cfd-fvcorr-domn-097k","cfd-cuda","cfd","algorithms","cuda","A10","_Z12compute_fluxiPiPfS0_S0_S0_P6Float3S2_S2_S2_","compute_flux","compute_flux(int, int *, float *, float *, float *, float *, Float3 *, Float3 *, Float3 *, Float3 *)","(192, 1, 1)","(506, 1, 1)","../data/cfd/fvcorr.domn.097K",64675588.0,0.0,0.0,0.0,64675588.0,12019499.0,42283.0,5.380889,1.529588,"fp32"
"a100-cuda-cfd-cuda-compute-flux-192-1-1-506-1-1-data-cfd-fvcorr-domn-097k","cfd-cuda","cfd","algorithms","cuda","A100","_Z12compute_fluxiPiPfS0_S0_S0_P6Float3S2_S2_S2_","compute_flux","compute_flux(int, int *, float *, float *, float *, float *, Float3 *, Float3 *, Float3 *, Float3 *)","(192, 1, 1)","(506, 1, 1)","../data/cfd/fvcorr.domn.097K",64675430.0,0.0,1167991.0,0.0,65843421.0,8189184.0,35147.0,8.040291,1.873372,"fp32"
"h100-cuda-cfd-cuda-compute-flux-192-1-1-506-1-1-data-cfd-fvcorr-domn-097k","cfd-cuda","cfd","algorithms","cuda","H100","_Z12compute_fluxiPiPfS0_S0_S0_P6Float3S2_S2_S2_","compute_flux","compute_flux(int, int *, float *, float *, float *, float *, Float3 *, Float3 *, Float3 *, Float3 *)","(192, 1, 1)","(506, 1, 1)","../data/cfd/fvcorr.domn.097K",64675490.0,0.0,36149.0,0.0,64711639.0,8186880.0,14229.0,7.90431,4.54787,"fp32"
